{"type":"FeatureCollection","name":"Муниципальные образования Оренбургской области","source":"НИУ ВШЭ; геометрия OpenStreetMap; атрибуты Росстат; границы на 01.01.2021","features":[{"type":"Feature","properties":{"oktmo":"53704000","name":"Абдулинский","type":"городской округ","center":"г Абдулино"},"geometry":{"type":"MultiPolygon","coordinates":[[[[53.61858,53.81872],[53.61886,53.81904],[53.61953,53.81869],[53.62028,53.81862],[53.62115,53.81886],[53.6218,53.81897],[53.62201,53.81865],[53.62157,53.81789],[53.62039,53.81693],[53.62059,53.81615],[53.62025,53.81539],[53.6205,53.81505],[53.62106,53.81454],[53.6221,53.81322],[53.62218,53.81272],[53.62282,53.81247],[53.62373,53.81256],[53.62478,53.8123],[53.6248,53.81174],[53.62392,53.81112],[53.6243,53.81084],[53.6256,53.81065],[53.62641,53.81088],[53.62687,53.81059],[53.62674,53.81014],[53.62657,53.8097],[53.62697,53.80933],[53.62735,53.80911],[53.62697,53.80886],[53.62555,53.8089],[53.62486,53.80889],[53.62408,53.80863],[53.62422,53.8082],[53.62498,53.80779],[53.62542,53.80718],[53.62628,53.80705],[53.62699,53.80741],[53.62713,53.80771],[53.62791,53.80768],[53.62922,53.80734],[53.63008,53.80697],[53.63032,53.8066],[53.62984,53.80587],[53.62807,53.80592],[53.62685,53.80585],[53.62645,53.80522],[53.62705,53.80458],[53.62822,53.80451],[53.62861,53.80405],[53.62749,53.80349],[53.62647,53.80353],[53.62368,53.80401],[53.62221,53.80399],[53.62263,53.8031],[53.62413,53.80242],[53.62396,53.80174],[53.62469,53.80013],[53.62619,53.79963],[53.62724,53.80087],[53.62857,53.80116],[53.62902,53.80069],[53.62816,53.79995],[53.62748,53.7991],[53.62809,53.79835],[53.62879,53.79647],[53.62909,53.79429],[53.62947,53.79347],[53.62963,53.79273],[53.62928,53.79237],[53.62825,53.7919],[53.62722,53.79135],[53.62708,53.79081],[53.62748,53.7903],[53.62837,53.78978],[53.62837,53.78941],[53.62821,53.789],[53.62903,53.78828],[53.62812,53.78744],[53.6288,53.787],[53.62978,53.78685],[53.63058,53.78612],[53.63138,53.78586],[53.63202,53.78553],[53.63208,53.78511],[53.63204,53.78466],[53.63288,53.78427],[53.63392,53.78423],[53.63475,53.78387],[53.63607,53.78369],[53.63774,53.78355],[53.6384,53.78342],[53.6389,53.78317],[53.63902,53.78271],[53.6388,53.78225],[53.63893,53.78154],[53.63879,53.78117],[53.63827,53.78109],[53.63778,53.78122],[53.6369,53.78137],[53.63638,53.78123],[53.63617,53.78094],[53.63633,53.7806],[53.63681,53.78029],[53.63735,53.77977],[53.63709,53.77935],[53.63651,53.77925],[53.63605,53.7794],[53.63575,53.77967],[53.63471,53.77998],[53.63433,53.77964],[53.63482,53.77849],[53.63444,53.77807],[53.63429,53.7776],[53.63494,53.77722],[53.63577,53.77695],[53.6358,53.77638],[53.63571,53.77585],[53.63527,53.77534],[53.63441,53.77345],[53.6364,53.77148],[53.63786,53.7716],[53.63846,53.77164],[53.63833,53.77098],[53.63802,53.7704],[53.63738,53.77026],[53.63685,53.77004],[53.6361,53.76943],[53.63625,53.76906],[53.63643,53.76853],[53.63612,53.76827],[53.63603,53.76792],[53.63631,53.76756],[53.63735,53.76739],[53.63825,53.76721],[53.6389,53.76667],[53.64,53.76629],[53.6409,53.76532],[53.64106,53.76498],[53.64089,53.76468],[53.64167,53.76378],[53.6434,53.76344],[53.64415,53.76318],[53.64443,53.76269],[53.64351,53.76203],[53.64202,53.76115],[53.64284,53.76084],[53.64325,53.76049],[53.64318,53.76007],[53.64302,53.7597],[53.64238,53.75946],[53.64237,53.75899],[53.64321,53.7588],[53.64344,53.75853],[53.64331,53.75805],[53.64325,53.75746],[53.64349,53.75706],[53.64293,53.75673],[53.64241,53.75632],[53.64215,53.75577],[53.64237,53.75547],[53.6429,53.75537],[53.64407,53.75544],[53.64544,53.75524],[53.64603,53.75528],[53.64683,53.75506],[53.64663,53.75471],[53.64588,53.75476],[53.64478,53.75491],[53.64437,53.75457],[53.64442,53.75426],[53.64474,53.7537],[53.64477,53.75312],[53.64571,53.75255],[53.64632,53.75281],[53.64685,53.75277],[53.6477,53.75225],[53.64843,53.75215],[53.64888,53.7523],[53.64946,53.75206],[53.64936,53.75159],[53.64923,53.75119],[53.64961,53.7508],[53.65035,53.75071],[53.65193,53.75071],[53.65528,53.75079],[53.65818,53.75071],[53.65925,53.75052],[53.66016,53.75022],[53.66063,53.75001],[53.66163,53.75012],[53.66237,53.74993],[53.66239,53.74953],[53.6629,53.74948],[53.66351,53.74978],[53.6643,53.75039],[53.66522,53.75064],[53.66574,53.75045],[53.66647,53.75011],[53.6673,53.74987],[53.66788,53.74968],[53.66885,53.74956],[53.66971,53.74975],[53.6703,53.74971],[53.67118,53.7496],[53.67209,53.74938],[53.67259,53.74902],[53.67202,53.74879],[53.67085,53.74862],[53.67144,53.74839],[53.67238,53.74832],[53.67373,53.74822],[53.6752,53.74786],[53.67591,53.74727],[53.67642,53.74639],[53.67681,53.74585],[53.67742,53.74567],[53.67797,53.74522],[53.67872,53.74465],[53.67928,53.74408],[53.6798,53.74394],[53.68008,53.74361],[53.6802,53.74331],[53.68079,53.74336],[53.68102,53.74368],[53.68115,53.74407],[53.68148,53.74444],[53.68156,53.74482],[53.73899,53.72208],[53.78297,53.7044],[53.82423,53.68749],[53.83362,53.68687],[53.85416,53.68704],[53.85076,53.68403],[53.85221,53.6826],[53.87194,53.6604],[53.87889,53.6523],[53.88541,53.64411],[53.89627,53.63098],[53.90382,53.62441],[53.9138,53.61063],[53.92053,53.60566],[53.92,53.60493],[53.92668,53.59828],[53.93206,53.59293],[53.96732,53.558],[53.98006,53.54354],[53.9905,53.53844],[53.99782,53.53464],[54.00328,53.53214],[54.00603,53.5297],[54.00635,53.53069],[54.00893,53.53035],[54.00967,53.52949],[54.00942,53.52846],[54.00768,53.52845],[54.00687,53.528],[54.0079,53.52744],[54.00792,53.5266],[54.00703,53.52656],[54.00653,53.5257],[54.00904,53.52535],[54.00913,53.52482],[54.00846,53.52461],[54.00828,53.52396],[54.00781,53.52362],[54.00797,53.52174],[54.00743,53.52142],[54.00662,53.52182],[54.00664,53.5204],[54.02393,53.49838],[54.04175,53.50057],[54.05188,53.47719],[54.06045,53.45701],[54.0095,53.45717],[54.00509,53.44751],[53.98491,53.45525],[53.98058,53.4547],[53.98646,53.44357],[53.98384,53.43959],[53.93045,53.43389],[53.8942,53.43192],[53.87282,53.42888],[53.85444,53.42974],[53.8268,53.42152],[53.80681,53.4339],[53.75773,53.46264],[53.74935,53.47927],[53.73918,53.49923],[53.72503,53.49606],[53.72223,53.50065],[53.69166,53.49384],[53.68775,53.49268],[53.68533,53.49171],[53.68415,53.49143],[53.68057,53.49227],[53.67799,53.49199],[53.65978,53.48534],[53.65412,53.4877],[53.65191,53.48672],[53.65054,53.49045],[53.64777,53.4919],[53.64368,53.49286],[53.6439,53.49474],[53.64107,53.49456],[53.63629,53.49328],[53.63561,53.49573],[53.60288,53.48958],[53.59191,53.48498],[53.5902,53.48806],[53.58245,53.49063],[53.57977,53.49445],[53.58141,53.49675],[53.57992,53.50198],[53.57706,53.50349],[53.57801,53.50569],[53.57423,53.51019],[53.5756,53.52288],[53.58957,53.52576],[53.64752,53.53732],[53.63823,53.55059],[53.63664,53.55752],[53.63676,53.56352],[53.63925,53.56924],[53.6393,53.57433],[53.6379,53.57585],[53.5953,53.56749],[53.56774,53.61705],[53.56622,53.61669],[53.56109,53.62422],[53.55622,53.62987],[53.54933,53.62731],[53.53935,53.62303],[53.52474,53.61891],[53.51176,53.61288],[53.50958,53.6114],[53.50761,53.61059],[53.50375,53.61007],[53.50192,53.61017],[53.49219,53.61062],[53.49367,53.62025],[53.48001,53.64416],[53.4775,53.64725],[53.43601,53.63698],[53.42818,53.63624],[53.4073,53.63833],[53.39398,53.63669],[53.39052,53.63611],[53.38415,53.63296],[53.38232,53.63058],[53.3728,53.63071],[53.3704,53.63119],[53.36695,53.62914],[53.36259,53.63095],[53.36661,53.63364],[53.36384,53.63614],[53.36364,53.63971],[53.36203,53.63968],[53.36018,53.64456],[53.35894,53.64395],[53.35685,53.64987],[53.35193,53.64969],[53.35023,53.65009],[53.34851,53.64961],[53.33727,53.63875],[53.3394,53.63549],[53.3431,53.6331],[53.34129,53.62694],[53.33029,53.62418],[53.32945,53.62238],[53.3166,53.62364],[53.32217,53.63093],[53.28787,53.65765],[53.27378,53.67172],[53.28177,53.67941],[53.27728,53.68102],[53.28391,53.69024],[53.2932,53.69897],[53.29227,53.70252],[53.28342,53.70788],[53.2682,53.71082],[53.24448,53.71898],[53.24031,53.72287],[53.19675,53.73422],[53.21339,53.73884],[53.21863,53.74294],[53.21472,53.75288],[53.21312,53.75219],[53.21096,53.75383],[53.20485,53.75516],[53.20833,53.75819],[53.20849,53.76018],[53.20649,53.7608],[53.20761,53.76504],[53.21109,53.76618],[53.20891,53.77071],[53.18459,53.76934],[53.18177,53.77397],[53.13866,53.78175],[53.13036,53.79282],[53.12859,53.81541],[53.12681,53.82224],[53.12701,53.8236],[53.13523,53.82414],[53.12563,53.83202],[53.12863,53.84255],[53.13049,53.84947],[53.13218,53.85901],[53.13489,53.86579],[53.13411,53.87029],[53.11809,53.87846],[53.13283,53.89007],[53.13308,53.8943],[53.14074,53.91441],[53.15847,53.91475],[53.17175,53.92939],[53.18724,53.94459],[53.20605,53.95956],[53.21106,53.98547],[53.20499,53.98979],[53.19644,53.99966],[53.24919,54.00034],[53.26574,54.00416],[53.27857,54.00188],[53.28603,54.00204],[53.30944,54.00836],[53.31125,54.01394],[53.32174,54.01771],[53.34678,54.0013],[53.3524,53.9881],[53.36273,53.97944],[53.36638,53.97621],[53.36886,53.97424],[53.3721,53.97635],[53.37999,53.97997],[53.38991,53.98547],[53.3946,53.9884],[53.4007,53.99309],[53.4041,53.99732],[53.40875,54.01406],[53.41011,54.01782],[53.41184,54.02113],[53.4132,54.02517],[53.41449,54.03053],[53.41975,54.03269],[53.42305,54.03385],[53.43552,54.03893],[53.44595,54.04307],[53.50061,54.05613],[53.50123,54.05599],[53.502,54.05605],[53.50251,54.05595],[53.50445,54.05621],[53.50536,54.056],[53.50519,54.05558],[53.50562,54.0552],[53.50672,54.05509],[53.50735,54.05523],[53.50795,54.05522],[53.50881,54.05508],[53.50948,54.05489],[53.51049,54.05454],[53.51101,54.05412],[53.51428,54.05155],[53.51591,54.05036],[53.51657,54.04956],[53.51667,54.04876],[53.51587,54.04802],[53.51613,54.04725],[53.51559,54.04677],[53.51473,54.04662],[53.51443,54.04576],[53.51627,54.04475],[53.51575,54.04335],[53.51517,54.04256],[53.51386,54.04275],[53.51265,54.04282],[53.5108,54.04203],[53.5094,54.04188],[53.50845,54.04065],[53.5077,54.03901],[53.50775,54.0379],[53.50641,54.03617],[53.50536,54.03456],[53.50501,54.03368],[53.50616,54.03237],[53.50444,54.03094],[53.50315,54.03106],[53.50125,54.03151],[53.50009,54.03057],[53.50031,54.02966],[53.49982,54.02829],[53.49793,54.0266],[53.49847,54.026],[53.49919,54.02505],[53.49871,54.02441],[53.50003,54.02404],[53.50106,54.02453],[53.5017,54.02424],[53.50065,54.02387],[53.50062,54.0231],[53.50098,54.02258],[53.50253,54.02209],[53.50581,54.02059],[53.50785,54.02027],[53.50912,54.01969],[53.5106,54.02045],[53.5116,54.02043],[53.51207,54.02017],[53.5128,54.01964],[53.51259,54.01923],[53.51203,54.01832],[53.51219,54.0178],[53.51459,54.01679],[53.51598,54.01644],[53.51726,54.01635],[53.51806,54.01564],[53.51856,54.01503],[53.51927,54.01482],[53.51977,54.01447],[53.51913,54.01362],[53.51881,54.01241],[53.51822,54.01223],[53.5175,54.01222],[53.51709,54.01264],[53.51623,54.01302],[53.51525,54.0125],[53.5157,54.01086],[53.51481,54.01025],[53.51344,54.01061],[53.51311,54.01023],[53.51295,54.00934],[53.51713,54.00673],[53.5206,54.00409],[53.52178,54.00419],[53.52242,54.00491],[53.52137,54.00541],[53.52068,54.00585],[53.52105,54.00616],[53.52172,54.00623],[53.52278,54.00545],[53.52342,54.00483],[53.52453,54.00486],[53.52498,54.00507],[53.52424,54.00565],[53.52398,54.00611],[53.5249,54.00634],[53.52573,54.00635],[53.52675,54.00703],[53.52789,54.00701],[53.52878,54.00673],[53.52891,54.00626],[53.52811,54.00585],[53.52722,54.0058],[53.52696,54.00547],[53.52776,54.0046],[53.52789,54.00361],[53.52712,54.00255],[53.5279,54.00163],[53.52859,54.00165],[53.52917,54.00182],[53.52983,54.00189],[53.53131,54.00148],[53.53238,54.00143],[53.53325,54.00072],[53.53252,54.00025],[53.53348,53.99943],[53.53391,53.99856],[53.53394,53.99761],[53.53429,53.99693],[53.53522,53.99662],[53.53581,53.99602],[53.53543,53.99504],[53.53437,53.99361],[53.53486,53.9922],[53.53391,53.99073],[53.53308,53.99049],[53.53278,53.99024],[53.53283,53.98986],[53.53331,53.9891],[53.53332,53.9884],[53.53258,53.9881],[53.53166,53.98814],[53.53094,53.98863],[53.53058,53.98901],[53.52965,53.98854],[53.52971,53.98777],[53.53062,53.9875],[53.53222,53.98738],[53.53257,53.98713],[53.53197,53.98667],[53.53008,53.98638],[53.52951,53.98548],[53.52963,53.98447],[53.52931,53.98349],[53.52965,53.98305],[53.53063,53.98293],[53.53124,53.98338],[53.53146,53.98415],[53.53202,53.9844],[53.53261,53.9843],[53.53295,53.98365],[53.53303,53.98273],[53.53317,53.98194],[53.53294,53.98124],[53.53219,53.98126],[53.53153,53.98169],[53.53107,53.98222],[53.53052,53.98248],[53.52981,53.98235],[53.52995,53.98187],[53.53047,53.98142],[53.5309,53.98051],[53.53041,53.97944],[53.53038,53.97878],[53.5312,53.97833],[53.5316,53.97761],[53.5302,53.97708],[53.52926,53.97653],[53.52926,53.97607],[53.53009,53.97561],[53.53163,53.97551],[53.5324,53.9755],[53.53306,53.97526],[53.53297,53.97417],[53.53321,53.97375],[53.53408,53.97354],[53.53495,53.97395],[53.53509,53.97436],[53.53465,53.9751],[53.53448,53.97554],[53.535,53.97586],[53.5361,53.97571],[53.53724,53.97545],[53.53725,53.97491],[53.53689,53.97458],[53.53615,53.97417],[53.53589,53.97348],[53.53638,53.97324],[53.53782,53.97336],[53.53864,53.97336],[53.53898,53.97288],[53.53843,53.97255],[53.5379,53.97217],[53.53861,53.97171],[53.54022,53.97137],[53.54183,53.97139],[53.54312,53.97155],[53.54404,53.97142],[53.54502,53.9714],[53.54543,53.97197],[53.54616,53.97194],[53.54694,53.97133],[53.54686,53.97016],[53.54763,53.96971],[53.54867,53.96949],[53.54966,53.9689],[53.54998,53.96838],[53.54932,53.96806],[53.54875,53.96755],[53.54885,53.96693],[53.54919,53.96643],[53.54931,53.96595],[53.54898,53.96564],[53.5485,53.96544],[53.54778,53.96509],[53.54734,53.96392],[53.5477,53.96303],[53.54862,53.96277],[53.54931,53.96268],[53.54992,53.96285],[53.55057,53.96326],[53.55119,53.96299],[53.5513,53.96246],[53.55136,53.96194],[53.55058,53.96145],[53.55025,53.96094],[53.54963,53.96064],[53.54881,53.96023],[53.54877,53.95978],[53.5493,53.95944],[53.54994,53.95932],[53.55089,53.95941],[53.5518,53.95955],[53.55231,53.95978],[53.55242,53.96038],[53.55275,53.96069],[53.55333,53.96101],[53.55444,53.96087],[53.5549,53.96036],[53.55555,53.95992],[53.55552,53.95945],[53.55499,53.95926],[53.55418,53.95903],[53.55305,53.95832],[53.55298,53.95769],[53.55379,53.95752],[53.55496,53.9577],[53.55554,53.95817],[53.55644,53.95803],[53.55777,53.95731],[53.558,53.95641],[53.55849,53.9556],[53.55813,53.95514],[53.55724,53.9547],[53.55634,53.95458],[53.55563,53.9542],[53.55581,53.95386],[53.55709,53.95336],[53.55733,53.95301],[53.55736,53.9527],[53.55848,53.95276],[53.55923,53.95179],[53.56026,53.95078],[53.5606,53.94963],[53.563,53.94898],[53.56518,53.94785],[53.56821,53.94718],[53.569,53.94663],[53.56918,53.94605],[53.56764,53.94559],[53.56753,53.94515],[53.56771,53.94476],[53.56858,53.94452],[53.5691,53.94445],[53.56959,53.94433],[53.56962,53.94402],[53.56939,53.94359],[53.56858,53.94354],[53.56752,53.94375],[53.56685,53.94355],[53.56699,53.94317],[53.56752,53.94301],[53.56832,53.9424],[53.56809,53.94189],[53.5671,53.94208],[53.56637,53.94216],[53.56638,53.94184],[53.56676,53.94151],[53.56713,53.94099],[53.56715,53.94041],[53.56667,53.94008],[53.5653,53.93959],[53.56406,53.93955],[53.56362,53.93938],[53.56318,53.93899],[53.56356,53.93854],[53.56428,53.93847],[53.56565,53.93871],[53.56713,53.93915],[53.56764,53.93906],[53.5675,53.93787],[53.56658,53.93756],[53.56625,53.93708],[53.56663,53.93649],[53.5675,53.9363],[53.5684,53.93572],[53.56805,53.93524],[53.56724,53.93482],[53.56669,53.93448],[53.56675,53.93386],[53.57037,53.93389],[53.57041,53.93354],[53.56981,53.93303],[53.569,53.93267],[53.56916,53.93226],[53.56988,53.93203],[53.57217,53.93118],[53.57213,53.93084],[53.57118,53.93036],[53.56949,53.92932],[53.56972,53.92873],[53.57023,53.9281],[53.57226,53.92708],[53.57238,53.92626],[53.57226,53.92535],[53.57248,53.92498],[53.57261,53.92466],[53.57197,53.92425],[53.57151,53.92457],[53.57096,53.92503],[53.56972,53.92486],[53.56888,53.92455],[53.56867,53.92401],[53.56876,53.92254],[53.56865,53.92207],[53.56777,53.92117],[53.56804,53.92076],[53.56876,53.92006],[53.5687,53.91945],[53.56911,53.91904],[53.57,53.91882],[53.57084,53.91875],[53.57206,53.91938],[53.57281,53.91977],[53.57373,53.91967],[53.57366,53.91921],[53.57345,53.91818],[53.5742,53.91773],[53.57478,53.91679],[53.57454,53.91602],[53.5735,53.91551],[53.57142,53.91534],[53.56992,53.91541],[53.5694,53.91512],[53.56922,53.91473],[53.56945,53.91398],[53.57081,53.91217],[53.5729,53.91013],[53.57368,53.90903],[53.57391,53.90803],[53.57399,53.90771],[53.57463,53.90749],[53.57521,53.90779],[53.57535,53.90837],[53.57596,53.90919],[53.57628,53.90948],[53.57677,53.90962],[53.57761,53.90941],[53.57855,53.90894],[53.58024,53.90744],[53.58177,53.90722],[53.58264,53.9066],[53.58362,53.9058],[53.58391,53.90466],[53.58339,53.90413],[53.58244,53.9034],[53.58224,53.90291],[53.58244,53.90262],[53.58626,53.90108],[53.58724,53.90062],[53.58741,53.90015],[53.58805,53.89844],[53.58851,53.898],[53.58947,53.89701],[53.58947,53.89631],[53.58895,53.89595],[53.58707,53.8956],[53.58657,53.89513],[53.58666,53.89424],[53.5875,53.89339],[53.58783,53.89265],[53.58772,53.89167],[53.58774,53.89134],[53.589,53.89078],[53.59105,53.89059],[53.5919,53.89011],[53.59186,53.88947],[53.59099,53.889],[53.5897,53.88885],[53.58894,53.88859],[53.58806,53.888],[53.58803,53.88747],[53.58898,53.887],[53.58985,53.88688],[53.59098,53.88717],[53.59165,53.88716],[53.59251,53.88657],[53.59326,53.8857],[53.59399,53.88553],[53.59486,53.88571],[53.59562,53.88577],[53.5962,53.8856],[53.59649,53.88532],[53.59692,53.88455],[53.59719,53.884],[53.59693,53.88364],[53.59609,53.8835],[53.5955,53.88334],[53.59461,53.88328],[53.59387,53.88277],[53.59378,53.88224],[53.59294,53.88128],[53.59259,53.88046],[53.59268,53.88008],[53.59303,53.87981],[53.59363,53.8794],[53.59379,53.87887],[53.59294,53.87868],[53.59178,53.87889],[53.59037,53.87958],[53.58838,53.88081],[53.58785,53.88067],[53.58752,53.88005],[53.58792,53.87943],[53.58831,53.87892],[53.58789,53.8785],[53.58715,53.87811],[53.5853,53.87799],[53.58331,53.87834],[53.58234,53.87791],[53.58092,53.87755],[53.58058,53.87688],[53.58093,53.87628],[53.58219,53.87539],[53.58336,53.87516],[53.5844,53.87521],[53.58609,53.87553],[53.58715,53.8752],[53.58817,53.87464],[53.58879,53.87424],[53.58912,53.87368],[53.58967,53.87261],[53.59083,53.87201],[53.59182,53.87078],[53.59265,53.87029],[53.59319,53.8706],[53.5937,53.87085],[53.5946,53.8704],[53.59509,53.86989],[53.59465,53.8695],[53.59358,53.86954],[53.59321,53.86932],[53.59331,53.86888],[53.59384,53.8685],[53.59518,53.86819],[53.59564,53.86792],[53.59573,53.86745],[53.59606,53.86721],[53.59673,53.86722],[53.59705,53.86793],[53.5974,53.86828],[53.59828,53.86861],[53.59886,53.86891],[53.5996,53.86879],[53.60008,53.86833],[53.60032,53.86618],[53.59953,53.86606],[53.59842,53.86547],[53.59828,53.8636],[53.59883,53.86274],[53.59883,53.8619],[53.60034,53.861],[53.60045,53.85976],[53.60001,53.85921],[53.59969,53.85869],[53.59886,53.85835],[53.59793,53.85828],[53.59696,53.85811],[53.59684,53.85738],[53.59719,53.85712],[53.59793,53.85679],[53.59805,53.85626],[53.59751,53.85605],[53.59691,53.85547],[53.59752,53.85506],[53.5989,53.85512],[53.60043,53.85509],[53.60089,53.85475],[53.60078,53.85409],[53.60025,53.85373],[53.59971,53.85337],[53.59976,53.85284],[53.6003,53.85226],[53.59951,53.85172],[53.59904,53.85138],[53.5989,53.85102],[53.59907,53.8506],[53.59981,53.84974],[53.59934,53.84952],[53.59829,53.84966],[53.59759,53.85015],[53.59703,53.85074],[53.59631,53.85083],[53.59576,53.8504],[53.59602,53.84971],[53.59606,53.84873],[53.59566,53.84803],[53.59453,53.84784],[53.59421,53.84736],[53.59495,53.84704],[53.59657,53.84714],[53.59801,53.84743],[53.59898,53.84792],[53.59962,53.84783],[53.60003,53.84751],[53.60006,53.84691],[53.59957,53.84627],[53.59862,53.84574],[53.5984,53.84519],[53.59844,53.84463],[53.59918,53.84424],[53.60064,53.84366],[53.60066,53.84299],[53.59995,53.84244],[53.59857,53.84217],[53.5982,53.84151],[53.59871,53.84036],[53.59882,53.8392],[53.60023,53.83906],[53.60128,53.83859],[53.60234,53.8374],[53.60312,53.83619],[53.60318,53.83516],[53.60306,53.83441],[53.60454,53.83221],[53.60471,53.83124],[53.60526,53.83011],[53.60579,53.82981],[53.60658,53.82969],[53.60806,53.82943],[53.60937,53.82817],[53.60969,53.82745],[53.60974,53.82684],[53.60932,53.82636],[53.60952,53.82563],[53.6101,53.82413],[53.61104,53.82237],[53.6121,53.82183],[53.61197,53.82136],[53.61256,53.82097],[53.6135,53.82044],[53.6143,53.82047],[53.61507,53.82058],[53.61561,53.82062],[53.61626,53.82031],[53.61665,53.81991],[53.61686,53.81943],[53.61712,53.81906],[53.61743,53.81848],[53.61822,53.81841],[53.61858,53.81872]]],[[[53.61886,53.81904],[53.61838,53.81968],[53.61866,53.82015],[53.61921,53.8203],[53.61962,53.82059],[53.61978,53.82096],[53.62029,53.82125],[53.62108,53.82106],[53.62063,53.8201],[53.61948,53.81946],[53.61886,53.81904]]]]}},{"type":"Feature","properties":{"oktmo":"53604000","name":"Адамовский муниципальный район","type":"муниципальный район","center":"п Адамовка"},"geometry":{"type":"Polygon","coordinates":[[[60.14892,51.78266],[60.19003,51.81858],[60.15727,51.85786],[60.15942,51.87301],[60.1558,51.87358],[60.16176,51.89219],[60.14787,51.89394],[60.14388,51.90065],[60.14482,51.90689],[60.2208,51.87428],[60.22942,51.87057],[60.24189,51.8652],[60.27364,51.85152],[60.32035,51.8314],[60.42799,51.79845],[60.47101,51.79811],[60.48256,51.79804],[60.49292,51.79794],[60.50363,51.79785],[60.50831,51.7978],[60.51749,51.79773],[60.5179,51.78641],[60.51817,51.77891],[60.51823,51.7748],[60.51819,51.77442],[60.51879,51.77413],[60.51903,51.77365],[60.51866,51.77326],[60.51781,51.7732],[60.51655,51.77343],[60.5158,51.77334],[60.51522,51.77351],[60.51462,51.77389],[60.51397,51.77406],[60.51153,51.77372],[60.51,51.7738],[60.50864,51.77323],[60.50695,51.77342],[60.50612,51.77297],[60.50491,51.77169],[60.50272,51.77116],[60.50074,51.77117],[60.49762,51.77187],[60.49552,51.77127],[60.49431,51.77064],[60.4926,51.77087],[60.49103,51.77033],[60.49016,51.77028],[60.48581,51.76846],[60.48233,51.76798],[60.48098,51.76742],[60.48072,51.76647],[60.47947,51.76634],[60.47894,51.76643],[60.47842,51.76665],[60.47759,51.76632],[60.47643,51.76568],[60.47606,51.76527],[60.47654,51.76515],[60.47714,51.76419],[60.47731,51.76376],[60.47704,51.76317],[60.47488,51.76182],[60.47111,51.75912],[60.46942,51.75873],[60.46828,51.75919],[60.4663,51.75944],[60.46554,51.75879],[60.46514,51.75732],[60.46345,51.75637],[60.46181,51.75279],[60.45993,51.75189],[60.45661,51.74867],[60.45651,51.74713],[60.45489,51.74446],[60.45566,51.74238],[60.45487,51.74114],[60.45387,51.74073],[60.45317,51.73989],[60.45194,51.73903],[60.45161,51.73846],[60.4521,51.73714],[60.45387,51.7357],[60.45378,51.73479],[60.45307,51.73435],[60.45042,51.73468],[60.44871,51.73413],[60.44571,51.73086],[60.4436,51.73013],[60.44149,51.72902],[60.44003,51.72737],[60.43624,51.72517],[60.4359,51.72358],[60.43505,51.72298],[60.43386,51.72283],[60.43183,51.72237],[60.43109,51.72147],[60.43125,51.71934],[60.4303,51.71834],[60.42834,51.7183],[60.42389,51.71719],[60.4212,51.7153],[60.41816,51.71493],[60.41702,51.71424],[60.41743,51.71252],[60.41655,51.71178],[60.41471,51.71256],[60.41237,51.71244],[60.41054,51.71119],[60.40608,51.71091],[60.40494,51.71033],[60.40463,51.7089],[60.40368,51.70843],[60.40254,51.70819],[60.4014,51.70756],[60.40093,51.70664],[60.39982,51.70621],[60.39726,51.70743],[60.39505,51.70766],[60.39002,51.70535],[60.38876,51.70419],[60.3886,51.70243],[60.38553,51.70051],[60.38212,51.70022],[60.37959,51.6979],[60.37579,51.69681],[60.37507,51.69542],[60.37386,51.69512],[60.37156,51.69583],[60.36217,51.69255],[60.36084,51.69163],[60.35999,51.69156],[60.35935,51.69186],[60.35872,51.69183],[60.35467,51.69038],[60.35426,51.69012],[60.35336,51.68914],[60.35365,51.68852],[60.35405,51.68793],[60.35363,51.68751],[60.35486,51.68659],[60.35515,51.68607],[60.35463,51.68521],[60.355,51.68467],[60.35631,51.68481],[60.357,51.68429],[60.35705,51.68384],[60.35758,51.68268],[60.35787,51.68143],[60.35825,51.6804],[60.35909,51.67949],[60.36119,51.67831],[60.36186,51.67714],[60.36319,51.67661],[60.36379,51.67657],[60.36561,51.67704],[60.36685,51.67704],[60.3679,51.67683],[60.36877,51.67643],[60.36979,51.67634],[60.37074,51.67609],[60.37172,51.67639],[60.37251,51.67624],[60.37281,51.67568],[60.3737,51.67529],[60.37512,51.67517],[60.3771,51.67561],[60.37786,51.67567],[60.37872,51.67504],[60.38044,51.67481],[60.38141,51.67397],[60.38371,51.67268],[60.38592,51.67191],[60.38639,51.67045],[60.38697,51.67013],[60.38782,51.66994],[60.38872,51.66914],[60.39078,51.66851],[60.39185,51.66753],[60.39303,51.66699],[60.39386,51.66613],[60.39409,51.66438],[60.39485,51.6636],[60.39613,51.66392],[60.39708,51.66381],[60.3975,51.66327],[60.39672,51.66176],[60.39741,51.66082],[60.3985,51.6581],[60.4009,51.65657],[60.40749,51.65473],[60.40899,51.65401],[60.4112,51.65342],[60.41127,51.65231],[60.41313,51.65084],[60.41333,51.64946],[60.41433,51.64844],[60.41474,51.64738],[60.41554,51.647],[60.41789,51.64686],[60.42095,51.64736],[60.42212,51.6474],[60.42278,51.64691],[60.42379,51.64664],[60.42558,51.64704],[60.42677,51.64699],[60.43156,51.64651],[60.52701,51.63787],[60.53803,51.61801],[60.93563,51.61526],[60.93355,51.61357],[60.9335,51.61233],[60.93251,51.61083],[60.93122,51.60975],[60.93141,51.60818],[60.93059,51.60758],[60.93008,51.60631],[60.93238,51.60517],[60.93447,51.6052],[60.93544,51.60421],[60.93493,51.60285],[60.93468,51.60165],[60.9334,51.60044],[60.93127,51.59921],[60.92998,51.59792],[60.92861,51.59639],[60.92743,51.59471],[60.92631,51.59351],[60.92466,51.59038],[60.92277,51.58867],[60.92234,51.58751],[60.92269,51.58667],[60.92324,51.5858],[60.92307,51.5846],[60.92171,51.58318],[60.92131,51.58219],[60.92002,51.58128],[60.91778,51.57928],[60.91702,51.57842],[60.91634,51.57746],[60.91619,51.57666],[60.91653,51.57582],[60.91627,51.57526],[60.91589,51.5745],[60.91543,51.57383],[60.91505,51.57324],[60.91501,51.57267],[60.9141,51.57163],[60.91344,51.57122],[60.9128,51.57124],[60.91165,51.57059],[60.91129,51.56967],[60.91022,51.56811],[60.91022,51.56664],[60.91089,51.56579],[60.91177,51.56512],[60.91189,51.56397],[60.91109,51.56246],[60.9116,51.56092],[60.91159,51.5598],[60.91099,51.55868],[60.91006,51.55802],[60.90961,51.55703],[60.91104,51.55466],[60.91061,51.55325],[60.91026,51.55197],[60.91079,51.55064],[60.91178,51.55006],[60.9136,51.54941],[60.91504,51.54959],[60.91558,51.5492],[60.91572,51.54855],[60.91711,51.5472],[60.9177,51.54542],[60.91703,51.54164],[60.92106,51.54075],[60.92256,51.53976],[60.92371,51.53762],[60.92514,51.53605],[60.9255,51.53376],[60.92659,51.5327],[60.92989,51.53047],[60.93055,51.52942],[60.93258,51.5275],[60.93244,51.52621],[60.93433,51.52473],[60.93636,51.52373],[60.93967,51.52402],[60.94203,51.52311],[60.94346,51.52165],[60.94318,51.5199],[60.94399,51.51856],[60.9437,51.51722],[60.94658,51.51584],[60.9471,51.51466],[60.94595,51.513],[60.94681,51.51062],[60.94523,51.50976],[60.94552,51.50883],[60.94767,51.50785],[60.947,51.50616],[60.94968,51.50449],[60.95178,51.50461],[60.95274,51.50339],[60.9515,51.50244],[60.95255,51.50107],[60.95164,51.49836],[60.95455,51.49452],[60.95422,51.4938],[60.9524,51.49342],[60.95236,51.49205],[60.95169,51.49095],[60.95268,51.49065],[60.95475,51.49089],[60.95776,51.49044],[60.95929,51.49071],[60.95977,51.49184],[60.96359,51.49235],[60.96435,51.49145],[60.96283,51.49011],[60.96316,51.4891],[60.96631,51.48866],[60.96732,51.48732],[60.9689,51.48729],[60.96933,51.48788],[60.97081,51.488],[60.97133,51.48866],[60.97272,51.48898],[60.97358,51.48967],[60.97267,51.49035],[60.9732,51.4916],[60.97525,51.49154],[60.9764,51.49089],[60.97793,51.49077],[60.97956,51.49098],[60.98209,51.49008],[60.98199,51.48916],[60.98314,51.48857],[60.98572,51.48892],[60.98933,51.48835],[60.99093,51.48797],[60.99294,51.48645],[60.99438,51.48431],[60.99423,51.4827],[60.99265,51.48118],[60.99337,51.48011],[60.99256,51.47841],[60.99359,51.47769],[60.99447,51.47684],[60.99418,51.47597],[60.9949,51.47505],[60.99493,51.47389],[60.99581,51.47355],[60.99703,51.47432],[60.99824,51.47363],[60.99851,51.47208],[60.9996,51.47039],[60.99982,51.46955],[60.99958,51.46891],[60.99854,51.46857],[60.99915,51.46772],[61.00011,51.46777],[61.00095,51.46794],[61.00143,51.46761],[61.00204,51.46756],[61.00287,51.46768],[61.00357,51.46835],[61.00457,51.46856],[61.00625,51.46835],[61.00816,51.46844],[61.00864,51.46813],[61.00869,51.46774],[61.00821,51.46733],[61.00818,51.46671],[60.99341,51.46444],[60.98786,51.46377],[60.97256,51.46172],[60.96745,51.46618],[60.93549,51.46211],[60.9274,51.22373],[60.75683,51.22762],[60.75767,51.30485],[60.73799,51.29862],[60.71319,51.29683],[60.71019,51.29349],[60.6981,51.29645],[60.6477,51.29975],[60.63617,51.29238],[60.62005,51.29632],[60.59416,51.29797],[60.60975,51.18247],[60.57944,51.17911],[60.42591,51.17428],[60.39721,51.17721],[60.42616,51.22505],[60.46177,51.21946],[60.46587,51.22232],[60.48018,51.2262],[60.48733,51.22568],[60.48761,51.23421],[60.48663,51.23717],[60.49132,51.24024],[60.49397,51.25038],[60.47774,51.31042],[60.49647,51.32457],[60.50238,51.32617],[60.50712,51.33549],[60.48325,51.33136],[60.28329,51.32902],[60.28138,51.34718],[60.08551,51.34765],[60.01059,51.34783],[60.01394,51.34183],[59.96556,51.31349],[59.9039,51.30049],[59.75159,51.28821],[59.73286,51.28688],[59.7334,51.2876],[59.73385,51.28878],[59.73407,51.28978],[59.73392,51.29118],[59.73339,51.29189],[59.7326,51.2923],[59.73159,51.29309],[59.73035,51.29347],[59.72933,51.29335],[59.72835,51.29316],[59.72638,51.29213],[59.7243,51.29085],[59.72328,51.29045],[59.72291,51.29016],[59.72295,51.2894],[59.72167,51.28779],[59.72046,51.28719],[59.71875,51.2867],[59.71695,51.28646],[59.7166,51.28605],[59.71657,51.28557],[59.71588,51.28519],[59.7136,51.28457],[59.712,51.28367],[59.7111,51.28205],[59.70967,51.28121],[59.70746,51.28084],[59.70423,51.28038],[59.70037,51.28031],[59.69526,51.2808],[59.69285,51.28122],[59.6892,51.28159],[59.68698,51.28201],[59.68452,51.2823],[59.68239,51.28273],[59.68062,51.28339],[59.67968,51.2843],[59.67848,51.28502],[59.67763,51.28579],[59.67598,51.28745],[59.67361,51.2889],[59.67124,51.28995],[59.6697,51.29035],[59.66742,51.29085],[59.66444,51.29103],[59.66119,51.29078],[59.65883,51.29103],[59.6572,51.29181],[59.65535,51.29225],[59.6538,51.2929],[59.65237,51.29399],[59.65028,51.29434],[59.64845,51.2948],[59.64702,51.29547],[59.64592,51.2955],[59.64467,51.29477],[59.64366,51.29461],[59.64183,51.29492],[59.64073,51.29506],[59.6381,51.29459],[59.63588,51.29399],[59.63441,51.29337],[59.63317,51.29263],[59.63345,51.29146],[59.63262,51.29034],[59.63241,51.28976],[59.63151,51.28833],[59.63056,51.28725],[59.62877,51.28583],[59.6262,51.28505],[59.62274,51.28475],[59.62034,51.2851],[59.61813,51.28602],[59.61568,51.28651],[59.61374,51.28688],[59.61177,51.28673],[59.6096,51.28581],[59.60845,51.28496],[59.60751,51.28414],[59.60733,51.28341],[59.60791,51.28248],[59.60914,51.28127],[59.61077,51.27978],[59.6123,51.27857],[59.61364,51.27742],[59.61419,51.27611],[59.61566,51.27441],[59.61796,51.27172],[59.62075,51.26963],[59.62353,51.26704],[59.62631,51.26512],[59.62791,51.26415],[59.62814,51.26233],[59.6281,51.25935],[59.62767,51.25843],[59.62576,51.25736],[59.62353,51.25611],[59.62206,51.25574],[59.61884,51.25544],[59.6151,51.25494],[59.61188,51.25484],[59.6067,51.25478],[59.6042,51.25496],[59.60162,51.25565],[59.59827,51.25563],[59.59563,51.25545],[59.59245,51.25558],[59.59056,51.25558],[59.58823,51.25519],[59.58607,51.25457],[59.5846,51.25362],[59.58387,51.2525],[59.58297,51.25144],[59.58176,51.25053],[59.58055,51.24998],[59.57864,51.24998],[59.57608,51.24996],[59.5753,51.25047],[59.5744,51.25135],[59.57324,51.25167],[59.57181,51.25192],[59.57026,51.25278],[59.569,51.2541],[59.56714,51.25515],[59.56475,51.2558],[59.56351,51.25586],[59.56115,51.25575],[59.55969,51.25496],[59.55859,51.25378],[59.55783,51.25276],[59.5575,51.25181],[59.55508,51.25033],[59.5528,51.24928],[59.55154,51.24868],[59.54892,51.24824],[59.54704,51.2479],[59.5447,51.24789],[59.54307,51.24845],[59.54127,51.24994],[59.5402,51.25091],[59.53779,51.25162],[59.5361,51.2522],[59.53535,51.25261],[59.53453,51.2532],[59.53419,51.25351],[59.53398,51.2541],[59.53399,51.25482],[59.53436,51.25549],[59.53417,51.25623],[59.53376,51.25694],[59.53383,51.25875],[59.53368,51.25935],[59.53351,51.26015],[59.53362,51.26164],[59.53387,51.26214],[59.53398,51.26249],[59.53366,51.263],[59.53379,51.26351],[59.53438,51.26415],[59.53451,51.26576],[59.53455,51.26801],[59.54993,51.28591],[59.54934,51.30009],[59.57892,51.31489],[59.58214,51.3234],[59.59496,51.33213],[59.59696,51.34324],[59.56872,51.35287],[59.47672,51.36547],[59.4691,51.37116],[59.47392,51.44062],[59.46952,51.44334],[59.41769,51.44185],[59.39749,51.4421],[59.38053,51.44524],[59.35609,51.4348],[59.34699,51.43522],[59.30486,51.47133],[59.2739,51.48821],[59.25337,51.50105],[59.2686,51.516],[59.20436,51.55251],[59.2464,51.57814],[59.24677,51.60232],[59.23992,51.60652],[59.27258,51.62611],[59.27186,51.63026],[59.27693,51.63316],[59.28005,51.63793],[59.28744,51.64492],[59.29113,51.64725],[59.30056,51.65285],[59.29215,51.65982],[59.29481,51.67135],[59.30566,51.66771],[59.32122,51.67512],[59.33832,51.67221],[59.34804,51.6866],[59.37291,51.70026],[59.38462,51.6996],[59.39025,51.70163],[59.39587,51.71653],[59.40762,51.72959],[59.42326,51.7494],[59.39101,51.78089],[59.37293,51.77585],[59.3675,51.77981],[59.36431,51.77996],[59.32594,51.81826],[59.32195,51.81713],[59.28156,51.81806],[59.26622,51.81684],[59.25254,51.81708],[59.24475,51.80958],[59.23457,51.804],[59.22685,51.79669],[59.2199,51.79367],[59.21085,51.79246],[59.20113,51.78942],[59.18974,51.78315],[59.1763,51.78331],[59.16919,51.78383],[59.16601,51.79027],[59.16503,51.7999],[59.1615,51.80343],[59.16422,51.80872],[59.16058,51.81305],[59.1639,51.82996],[59.11547,51.83948],[59.11618,51.84531],[59.12807,51.85069],[59.11581,51.85456],[59.10624,51.86162],[59.12341,51.93663],[59.21458,51.97099],[59.37085,52.02654],[59.45768,52.05801],[59.52137,52.02633],[59.60583,51.9867],[59.63682,51.97475],[59.63648,51.96593],[59.6236,51.96267],[59.61958,51.96534],[59.60695,51.96304],[59.59406,51.96848],[59.58262,51.96272],[59.56773,51.96948],[59.55468,51.96058],[59.54576,51.96248],[59.53912,51.9608],[59.53497,51.95775],[59.53236,51.95238],[59.56059,51.93465],[59.56853,51.92917],[59.59336,51.91355],[59.6337,51.89809],[59.68665,51.88499],[59.70296,51.88475],[59.78927,51.88794],[59.85367,51.8901],[59.86023,51.88988],[59.87282,51.87333],[59.88378,51.86981],[59.89682,51.86544],[59.90475,51.86251],[59.98805,51.8153],[60.14892,51.78266]]]}},{"type":"Feature","properties":{"oktmo":"53605000","name":"Акбулакский муниципальный район","type":"муниципальный район","center":"п Акбулак"},"geometry":{"type":"Polygon","coordinates":[[[55.75498,51.24217],[55.76854,51.23847],[55.78433,51.24989],[55.7997,51.2427],[55.81297,51.2361],[55.8342,51.25613],[55.83759,51.26398],[55.82901,51.26867],[55.85682,51.28405],[55.86271,51.29816],[55.87772,51.30188],[55.88146,51.30826],[55.88446,51.30992],[55.88335,51.3156],[55.88659,51.32004],[55.88628,51.32098],[55.88427,51.32283],[55.97012,51.29916],[55.96702,51.29641],[55.96854,51.29326],[55.96641,51.29208],[55.96633,51.2878],[55.96771,51.28406],[55.96913,51.28318],[55.96745,51.27821],[55.95843,51.27354],[55.95932,51.27101],[55.95697,51.26819],[55.9572,51.26687],[55.97877,51.26092],[55.97848,51.25888],[55.99165,51.25128],[55.99137,51.24049],[56.00342,51.23477],[55.99981,51.22546],[56.00634,51.22096],[56.01197,51.22118],[56.01396,51.21749],[56.01734,51.21684],[56.01795,51.21396],[56.01622,51.21141],[56.02782,51.20468],[56.02464,51.19886],[56.03506,51.18526],[56.04244,51.18316],[56.09013,51.18758],[56.10496,51.19074],[56.11306,51.18955],[56.15831,51.20687],[56.18456,51.21656],[56.20077,51.1963],[56.31825,51.20854],[56.38342,51.17601],[56.38385,51.1666],[56.38829,51.16782],[56.40663,51.16438],[56.41182,51.15099],[56.41675,51.1477],[56.45337,51.14606],[56.46405,51.15314],[56.46123,51.15865],[56.46634,51.1654],[56.49035,51.16743],[56.5329,51.16544],[56.53253,51.15475],[56.53206,51.13046],[56.53786,51.09711],[56.51378,51.08574],[56.51165,51.08494],[56.49478,51.07748],[56.48767,51.07434],[56.47126,51.06707],[56.44816,51.05685],[56.45324,51.02568],[56.4571,51.00186],[56.45777,50.98998],[56.45845,50.97783],[56.45971,50.96955],[56.46006,50.96723],[56.46038,50.96512],[56.437,50.96406],[56.43506,50.96397],[56.42279,50.96638],[56.40735,50.96604],[56.37689,50.96538],[56.37171,50.94867],[56.38659,50.94643],[56.39246,50.94555],[56.38623,50.93734],[56.37699,50.92402],[56.37464,50.92065],[56.37019,50.91331],[56.36637,50.90703],[56.36126,50.90125],[56.35068,50.90056],[56.32608,50.90116],[56.29806,50.90185],[56.29315,50.90286],[56.27552,50.90647],[56.25447,50.91186],[56.24726,50.91371],[56.23089,50.91909],[56.21684,50.92401],[56.20986,50.92645],[56.19812,50.93125],[56.18128,50.93813],[56.17522,50.90307],[56.16318,50.88756],[56.15874,50.88183],[56.15716,50.87979],[56.15264,50.87037],[56.14898,50.86081],[56.14533,50.85445],[56.14157,50.84681],[56.13299,50.83058],[56.13042,50.81741],[56.128,50.80494],[56.12451,50.78678],[56.13105,50.76963],[56.13718,50.75357],[56.13241,50.75039],[56.11584,50.73936],[56.09579,50.72601],[56.09162,50.72318],[56.08871,50.72096],[56.0836,50.71706],[56.06673,50.70419],[56.06081,50.69967],[56.05447,50.69484],[56.03073,50.68225],[56.01589,50.67643],[56.00036,50.67035],[55.98232,50.66695],[55.94921,50.65423],[55.92777,50.646],[55.91589,50.64144],[55.90117,50.62071],[55.86819,50.62596],[55.86631,50.6258],[55.82998,50.62279],[55.81473,50.61062],[55.79512,50.60674],[55.77971,50.58989],[55.7774,50.58737],[55.74627,50.57926],[55.73573,50.56705],[55.73625,50.5503],[55.70803,50.54963],[55.71055,50.55532],[55.67778,50.55857],[55.66144,50.56019],[55.63875,50.57193],[55.6238,50.57966],[55.61885,50.58215],[55.61791,50.58433],[55.61142,50.59854],[55.59907,50.60128],[55.5817,50.60514],[55.56302,50.60398],[55.53411,50.61349],[55.53356,50.62095],[55.53148,50.64839],[55.51014,50.66425],[55.50262,50.66992],[55.46712,50.67401],[55.44631,50.67642],[55.42776,50.67857],[55.40288,50.68143],[55.39669,50.66799],[55.38373,50.65356],[55.36086,50.66744],[55.31353,50.69611],[55.29482,50.70746],[55.26897,50.72296],[55.2513,50.73363],[55.22851,50.74739],[55.21106,50.75792],[55.17768,50.77799],[55.16512,50.78554],[55.15029,50.79448],[55.14636,50.79683],[55.14391,50.79745],[55.15645,50.81008],[55.17751,50.8478],[55.17571,50.84833],[55.17444,50.8484],[55.17408,50.84873],[55.17372,50.84966],[55.17288,50.85032],[55.17276,50.85066],[55.1727,50.85109],[55.17321,50.85164],[55.17439,50.85212],[55.17482,50.85253],[55.17479,50.85293],[55.17436,50.85352],[55.17367,50.85443],[55.17209,50.85464],[55.1706,50.85448],[55.16647,50.85736],[55.1685,50.8641],[55.17317,50.87973],[55.18224,50.90926],[55.1889,50.90909],[55.1959,50.91032],[55.20032,50.91145],[55.20334,50.91324],[55.20579,50.91413],[55.20696,50.91493],[55.20833,50.91478],[55.21122,50.91543],[55.21795,50.91933],[55.22271,50.92009],[55.22842,50.92007],[55.22807,50.92217],[55.23033,50.92444],[55.23676,50.92849],[55.23722,50.9311],[55.23827,50.93168],[55.2387,50.93271],[55.23923,50.93299],[55.24002,50.93286],[55.24137,50.93383],[55.24177,50.93555],[55.24304,50.93711],[55.28226,50.93096],[55.31365,50.99892],[55.2907,50.99944],[55.28789,50.99988],[55.28281,51.00448],[55.26971,51.01665],[55.25666,51.02875],[55.25012,51.03476],[55.24546,51.03917],[55.24269,51.04178],[55.26378,51.05645],[55.26578,51.06272],[55.26941,51.07019],[55.27616,51.07511],[55.28376,51.07347],[55.29983,51.07341],[55.30546,51.0746],[55.31031,51.07695],[55.31882,51.08241],[55.32171,51.08382],[55.33056,51.08623],[55.32693,51.0882],[55.33482,51.09005],[55.33372,51.10159],[55.33538,51.10295],[55.33874,51.10128],[55.3451,51.09594],[55.34148,51.0912],[55.34388,51.08949],[55.34751,51.09008],[55.3479,51.08855],[55.3524,51.08866],[55.35357,51.08931],[55.35357,51.0901],[55.35288,51.09119],[55.35767,51.09194],[55.35976,51.09095],[55.35829,51.08504],[55.36093,51.08148],[55.35935,51.07904],[55.36353,51.07887],[55.36479,51.0799],[55.36496,51.08159],[55.36652,51.08175],[55.36691,51.08292],[55.36847,51.08349],[55.37042,51.08363],[55.37154,51.08287],[55.37167,51.08107],[55.37323,51.07996],[55.37306,51.07865],[55.37414,51.07729],[55.37633,51.07619],[55.38271,51.07615],[55.38424,51.07719],[55.38786,51.07701],[55.38841,51.07534],[55.38712,51.07315],[55.38136,51.07003],[55.38201,51.06473],[55.38381,51.06237],[55.38669,51.0606],[55.38694,51.05864],[55.38978,51.05448],[55.39248,51.05103],[55.39877,51.04571],[55.40414,51.04387],[55.40988,51.05684],[55.41024,51.05853],[55.41012,51.06011],[55.40925,51.0619],[55.41848,51.07422],[55.4245,51.08265],[55.44264,51.07703],[55.45219,51.0904],[55.4909,51.07678],[55.51994,51.0944],[55.54319,51.10893],[55.46952,51.15037],[55.45572,51.15804],[55.45893,51.16388],[55.46331,51.1691],[55.45913,51.17305],[55.46696,51.18427],[55.47186,51.18773],[55.46754,51.18994],[55.46723,51.19482],[55.45622,51.19909],[55.45709,51.20441],[55.45047,51.20445],[55.44773,51.20982],[55.45163,51.21265],[55.45544,51.21347],[55.45717,51.21727],[55.47508,51.22721],[55.48636,51.22928],[55.49848,51.23534],[55.48279,51.24714],[55.461,51.23196],[55.4439,51.21728],[55.44028,51.21681],[55.42578,51.23057],[55.42371,51.23528],[55.423,51.24417],[55.43632,51.24867],[55.45029,51.26516],[55.44588,51.27931],[55.44852,51.31676],[55.43302,51.31717],[55.44094,51.3261],[55.45313,51.32521],[55.45544,51.3399],[55.4545,51.342],[55.45612,51.35986],[55.46194,51.36905],[55.46275,51.37567],[55.47397,51.37349],[55.47924,51.37397],[55.4888,51.37468],[55.49811,51.37808],[55.50056,51.37758],[55.50147,51.38007],[55.50541,51.38153],[55.51008,51.38905],[55.53748,51.42974],[55.54377,51.42492],[55.54818,51.4279],[55.55798,51.42904],[55.56606,51.42664],[55.56808,51.42507],[55.5698,51.42591],[55.57219,51.42511],[55.57427,51.4266],[55.57758,51.42489],[55.60539,51.43797],[55.62568,51.41799],[55.64319,51.4209],[55.6574,51.39576],[55.67508,51.39912],[55.68011,51.39119],[55.70549,51.3437],[55.70273,51.34304],[55.68953,51.34484],[55.72637,51.27228],[55.73723,51.25164],[55.74908,51.25394],[55.75498,51.24217]]]}},{"type":"Feature","properties":{"oktmo":"53606000","name":"Александровский муниципальный район","type":"муниципальный район","center":"с Александровка"},"geometry":{"type":"Polygon","coordinates":[[[54.26398,52.9958],[54.25937,52.98714],[54.32493,52.94137],[54.35355,52.92308],[54.36243,52.91664],[54.34207,52.89772],[54.36198,52.89176],[54.35425,52.88846],[54.35415,52.8877],[54.3585,52.88883],[54.36139,52.88887],[54.36179,52.89],[54.36397,52.89055],[54.366,52.89015],[54.35948,52.8798],[54.36138,52.87828],[54.36689,52.87598],[54.36709,52.8741],[54.37831,52.86921],[54.38266,52.86938],[54.38361,52.86782],[54.3885,52.86421],[54.39061,52.86425],[54.39421,52.85912],[54.40026,52.85785],[54.39687,52.85321],[54.40529,52.84586],[54.40795,52.84619],[54.40801,52.84467],[54.41409,52.84466],[54.41542,52.84237],[54.41522,52.83736],[54.41705,52.83568],[54.41413,52.83297],[54.41311,52.82725],[54.42616,52.82232],[54.43351,52.81673],[54.42915,52.81213],[54.43976,52.80491],[54.43806,52.80252],[54.44309,52.80092],[54.44513,52.80207],[54.46667,52.79465],[54.46158,52.79109],[54.46532,52.7899],[54.45878,52.77521],[54.48508,52.76921],[54.50022,52.79493],[54.58486,52.77889],[54.66203,52.76206],[54.65956,52.75792],[54.65667,52.75617],[54.65677,52.75434],[54.72221,52.74233],[54.70652,52.71802],[54.70541,52.71767],[54.7046,52.71549],[54.70815,52.71528],[54.74819,52.70742],[54.74925,52.70797],[54.74915,52.70966],[54.7505,52.70987],[54.75228,52.71185],[54.75559,52.7133],[54.75555,52.71423],[54.75641,52.71473],[54.77746,52.71048],[54.79335,52.70973],[54.78847,52.69536],[54.78689,52.69385],[54.78713,52.69128],[54.78544,52.68939],[54.78549,52.687],[54.78674,52.68499],[54.78549,52.68376],[54.78554,52.6814],[54.78756,52.67858],[54.78814,52.67217],[54.78727,52.66109],[54.80381,52.65782],[54.79958,52.64141],[54.83245,52.61395],[54.84538,52.62014],[54.84904,52.61909],[54.85351,52.61912],[54.85899,52.61807],[54.86937,52.61847],[54.87187,52.61985],[54.88062,52.62195],[54.88297,52.62355],[54.90479,52.63224],[54.93508,52.60373],[54.94027,52.60575],[54.94152,52.60411],[54.94488,52.60216],[54.94772,52.60117],[54.95277,52.59696],[54.95627,52.59711],[54.96074,52.59836],[54.9644,52.59792],[54.9669,52.59538],[54.96834,52.59468],[54.96915,52.59172],[54.95682,52.58739],[54.92336,52.57752],[54.92038,52.57151],[54.94164,52.55252],[54.89922,52.53416],[54.90448,52.52903],[54.86664,52.52041],[54.90952,52.4874],[54.90139,52.48397],[54.78746,52.43585],[54.81316,52.41433],[54.8191,52.40935],[54.75584,52.38167],[54.74533,52.37706],[54.7578,52.36621],[54.7623,52.36274],[54.76414,52.35994],[54.7663,52.35809],[54.76948,52.35485],[54.77157,52.35391],[54.77264,52.35315],[54.73289,52.33669],[54.72509,52.33346],[54.73282,52.32719],[54.69786,52.31162],[54.68769,52.31921],[54.65972,52.30616],[54.65268,52.30316],[54.67685,52.28061],[54.67177,52.27789],[54.66202,52.27593],[54.65195,52.27017],[54.64244,52.27849],[54.64089,52.27849],[54.59856,52.3143],[54.58266,52.30662],[54.57522,52.3137],[54.56603,52.31666],[54.56089,52.32383],[54.56065,52.3283],[54.56625,52.33744],[54.55182,52.34071],[54.55312,52.34332],[54.55312,52.34758],[54.55139,52.3499],[54.52985,52.35436],[54.51564,52.35739],[54.5171,52.36064],[54.5216,52.36583],[54.49315,52.3711],[54.43658,52.38219],[54.42788,52.36768],[54.42385,52.35846],[54.41953,52.35762],[54.41935,52.3547],[54.41531,52.35027],[54.41623,52.34494],[54.41411,52.33958],[54.37281,52.34833],[54.30507,52.36148],[54.28352,52.36625],[54.27676,52.36841],[54.27624,52.36717],[54.23454,52.37569],[54.22824,52.37733],[54.21274,52.38137],[54.21995,52.38793],[54.2046,52.39242],[54.20659,52.3987],[54.20567,52.40207],[54.20942,52.40554],[54.21157,52.40901],[54.21157,52.41355],[54.20781,52.41861],[54.20727,52.42394],[54.20328,52.42675],[54.20174,52.43232],[54.1953,52.44014],[54.18455,52.4363],[54.1834,52.43518],[54.18079,52.43476],[54.17887,52.43162],[54.15752,52.44309],[54.17917,52.48528],[54.1652,52.48827],[54.16827,52.495],[54.17894,52.51463],[54.15752,52.52136],[54.15984,52.52465],[54.15933,52.52513],[54.1594,52.52562],[54.15911,52.52675],[54.15887,52.52819],[54.15903,52.52865],[54.15912,52.52924],[54.15962,52.52968],[54.16023,52.53004],[54.16085,52.5302],[54.16149,52.53019],[54.16201,52.52996],[54.16285,52.52997],[54.16331,52.53037],[54.16347,52.53076],[54.16341,52.5311],[54.16291,52.53188],[54.16243,52.53238],[54.16151,52.53288],[54.1611,52.53339],[54.16082,52.53413],[54.16018,52.53526],[54.15984,52.53577],[54.15926,52.53606],[54.15855,52.53614],[54.158,52.53599],[54.15705,52.53581],[54.15644,52.53569],[54.15591,52.5354],[54.15542,52.53491],[54.15551,52.53436],[54.15582,52.53407],[54.15637,52.5338],[54.15651,52.53335],[54.15633,52.53292],[54.15601,52.53259],[54.15526,52.53237],[54.15425,52.53232],[54.15305,52.5325],[54.15189,52.53273],[54.15143,52.53302],[54.15143,52.53355],[54.15151,52.53424],[54.15091,52.53451],[54.15019,52.53481],[54.1502,52.53539],[54.15037,52.53594],[54.15035,52.53626],[54.14976,52.53652],[54.1492,52.53652],[54.14865,52.53641],[54.14792,52.53641],[54.14739,52.53706],[54.14711,52.53754],[54.147,52.53797],[54.14696,52.53854],[54.14621,52.53891],[54.14485,52.53907],[54.14424,52.53933],[54.14365,52.53997],[54.14336,52.54065],[54.14309,52.54129],[54.14275,52.54167],[54.14228,52.54196],[54.1416,52.54223],[54.14088,52.54198],[54.14047,52.54161],[54.14,52.5414],[54.13898,52.54142],[54.13817,52.54138],[54.13709,52.54139],[54.1358,52.54144],[54.13502,52.54171],[54.1332,52.54249],[54.13228,52.54313],[54.13197,52.54378],[54.13169,52.5447],[54.13153,52.54567],[54.13113,52.54816],[54.13071,52.54899],[54.13038,52.54944],[54.12954,52.54948],[54.12847,52.54934],[54.12758,52.54945],[54.12721,52.54989],[54.12653,52.55051],[54.12628,52.55114],[54.12631,52.55169],[54.12648,52.55222],[54.12615,52.55268],[54.12593,52.55328],[54.12536,52.55395],[54.12439,52.55496],[54.12373,52.55536],[54.12322,52.55547],[54.12243,52.55541],[54.12157,52.55567],[54.12091,52.55624],[54.12082,52.55697],[54.12102,52.55772],[54.12194,52.55931],[54.12219,52.56031],[54.12199,52.56112],[54.12166,52.56171],[54.12124,52.56226],[54.12049,52.56248],[54.11901,52.56202],[54.11853,52.56148],[54.11873,52.56074],[54.11851,52.56022],[54.11723,52.55999],[54.11621,52.5601],[54.11569,52.56061],[54.11516,52.56112],[54.11485,52.56165],[54.1146,52.56194],[54.11408,52.56176],[54.11337,52.56104],[54.1128,52.56085],[54.11234,52.56108],[54.11205,52.5614],[54.11179,52.56187],[54.11073,52.56232],[54.10963,52.56243],[54.10927,52.56286],[54.10927,52.56349],[54.10976,52.56415],[54.11013,52.56479],[54.10965,52.56515],[54.1089,52.56539],[54.10802,52.56527],[54.10762,52.56486],[54.10751,52.56408],[54.10703,52.56392],[54.10621,52.56407],[54.10487,52.56461],[54.10401,52.56452],[54.10319,52.56436],[54.10236,52.56419],[54.10116,52.56348],[54.08949,52.54639],[54.06661,52.55176],[54.06653,52.55321],[54.06718,52.55372],[54.07142,52.55393],[54.07228,52.55468],[54.07239,52.55583],[54.07367,52.55671],[54.07484,52.55654],[54.07641,52.55783],[54.07595,52.56009],[54.07739,52.56085],[54.07739,52.56144],[54.07693,52.56162],[54.07503,52.56111],[54.07444,52.56086],[54.07381,52.56091],[54.07319,52.56109],[54.07264,52.56137],[54.07243,52.56175],[54.07252,52.56226],[54.07264,52.5626],[54.07256,52.56304],[54.07174,52.56335],[54.0711,52.56344],[54.07024,52.56347],[54.06939,52.56353],[54.06902,52.56393],[54.06877,52.56446],[54.06809,52.56502],[54.06771,52.56546],[54.06752,52.5659],[54.06738,52.56633],[54.06669,52.56697],[54.06617,52.56718],[54.06559,52.56718],[54.06483,52.56721],[54.06417,52.56724],[54.0637,52.56768],[54.06315,52.56808],[54.06257,52.56819],[54.06179,52.56816],[54.06084,52.56834],[54.06048,52.56866],[54.06,52.56885],[54.05926,52.56899],[54.05835,52.56911],[54.058,52.56943],[54.05788,52.56978],[54.05774,52.5701],[54.05763,52.57057],[54.05675,52.57102],[54.05605,52.57113],[54.05543,52.57132],[54.05474,52.57141],[54.05405,52.57111],[54.05399,52.57063],[54.05467,52.57004],[54.05528,52.56982],[54.05588,52.56965],[54.05596,52.56925],[54.05572,52.56889],[54.05526,52.56874],[54.05449,52.56843],[54.05368,52.56852],[54.05313,52.56885],[54.05222,52.56915],[54.05142,52.56956],[54.05093,52.57001],[54.05063,52.57037],[54.05017,52.57065],[54.04965,52.57071],[54.04909,52.57062],[54.04861,52.57043],[54.04832,52.57009],[54.04827,52.56969],[54.04805,52.56918],[54.04766,52.56885],[54.04683,52.56851],[54.04617,52.56832],[54.04554,52.56808],[54.04497,52.5678],[54.04477,52.56745],[54.04451,52.56703],[54.04376,52.56679],[54.04283,52.56669],[54.04186,52.56647],[54.05032,52.58127],[54.06076,52.60235],[54.02919,52.60849],[54.03374,52.61487],[54.04393,52.63586],[54.013,52.64164],[54.01708,52.65046],[54.01837,52.65108],[54.01837,52.65207],[54.02156,52.65661],[54.01008,52.65958],[54.01891,52.67664],[54.01667,52.67734],[54.02263,52.68851],[54.0249,52.69008],[54.02469,52.68901],[54.02591,52.68773],[54.02863,52.6895],[54.03088,52.68859],[54.0319,52.68666],[54.03095,52.68484],[54.03407,52.67837],[54.03713,52.68097],[54.03957,52.72751],[54.03389,52.76829],[54.01622,52.77228],[53.99827,52.77602],[53.99718,52.77697],[53.99766,52.78289],[53.99909,52.78314],[54.00419,52.78947],[54.00602,52.79058],[54.00711,52.79243],[54.00956,52.79325],[54.00996,52.79452],[54.01187,52.79547],[54.02138,52.81232],[54.00663,52.81532],[53.98304,52.81975],[53.9635,52.82416],[53.94668,52.82756],[53.94246,52.82513],[53.92904,52.81872],[53.92529,52.82107],[53.92526,52.82325],[53.91915,52.82854],[53.91785,52.83421],[53.91554,52.83581],[53.91398,52.83811],[53.91146,52.83939],[53.90983,52.84144],[53.90807,52.8416],[53.90473,52.84398],[53.90229,52.84386],[53.89705,52.84871],[53.88848,52.85486],[53.8434,52.86363],[53.8332,52.86728],[53.82558,52.87],[53.83191,52.88129],[53.83042,52.884],[53.8333,52.88997],[53.84461,52.89468],[53.84401,52.89753],[53.84972,52.90778],[53.85707,52.91762],[53.86388,52.92133],[53.86357,52.92231],[53.86412,52.92305],[53.86541,52.92377],[53.86534,52.9246],[53.86483,52.92577],[53.865,52.92671],[53.86436,52.92769],[53.86421,52.92864],[53.86575,52.9302],[53.8679,52.93041],[53.86856,52.93084],[53.86875,52.93215],[53.86789,52.93278],[53.86643,52.93255],[53.8661,52.93291],[53.86646,52.93319],[53.86705,52.93317],[53.86889,52.93301],[53.87022,52.93323],[53.871,52.93409],[53.87865,52.94529],[53.88189,52.94475],[53.88392,52.94613],[53.88616,52.94765],[53.89309,52.95011],[53.89411,52.95253],[53.9001,52.95437],[53.90241,52.95363],[53.90723,52.95068],[53.9141,52.95453],[53.91491,52.95183],[53.91777,52.95191],[53.92266,52.95593],[53.92708,52.95486],[53.93228,52.95717],[53.93429,52.9556],[53.93667,52.95576],[53.93816,52.95474],[53.94047,52.95486],[53.94288,52.9542],[53.95072,52.94756],[53.95764,52.95061],[54.00541,52.97167],[54.0263,52.96877],[54.03505,52.99636],[54.04815,53.00116],[54.05379,52.9999],[54.05819,52.98967],[54.07344,52.99005],[54.10315,52.98184],[54.12677,52.98158],[54.1634,52.9805],[54.17534,53.00313],[54.26398,52.9958]]]}},{"type":"Feature","properties":{"oktmo":"53607000","name":"Асекеевский муниципальный район","type":"муниципальный район","center":"с Асекеево"},"geometry":{"type":"Polygon","coordinates":[[[52.67155,53.24477],[52.64823,53.24056],[52.63068,53.24326],[52.6249,53.24444],[52.62364,53.24402],[52.62385,53.23981],[52.60046,53.24193],[52.5711,53.24499],[52.57261,53.25297],[52.5569,53.25414],[52.55996,53.26579],[52.56565,53.27237],[52.56964,53.27438],[52.57682,53.27729],[52.57989,53.27737],[52.5918,53.27553],[52.5967,53.28555],[52.59446,53.28554],[52.60407,53.30516],[52.60187,53.31582],[52.58641,53.31434],[52.58696,53.31321],[52.58451,53.3138],[52.58041,53.31402],[52.56578,53.3163],[52.56618,53.32553],[52.53522,53.33261],[52.53648,53.33404],[52.53687,53.33614],[52.53887,53.33699],[52.53884,53.33762],[52.54075,53.33851],[52.54131,53.33983],[52.54046,53.34],[52.54074,53.34061],[52.54182,53.34063],[52.54268,53.34138],[52.54369,53.34158],[52.54451,53.34224],[52.54494,53.3433],[52.54578,53.34372],[52.545,53.34399],[52.54637,53.34518],[52.54795,53.34588],[52.54995,53.34642],[52.54971,53.34771],[52.55136,53.34799],[52.55097,53.34861],[52.55108,53.34914],[52.55342,53.34952],[52.55331,53.35021],[52.55304,53.35058],[52.5538,53.35113],[52.55444,53.35098],[52.55565,53.35177],[52.55607,53.35325],[52.55574,53.35371],[52.55736,53.35455],[52.55833,53.35546],[52.55961,53.35549],[52.56148,53.35705],[52.56226,53.35716],[52.5626,53.35771],[52.56343,53.35844],[52.56441,53.35893],[52.56507,53.36018],[52.56598,53.36058],[52.56671,53.36152],[52.5676,53.36191],[52.56939,53.36222],[52.56959,53.36287],[52.57043,53.36386],[52.57139,53.36385],[52.57225,53.36471],[52.57159,53.36509],[52.57238,53.36628],[52.57369,53.36667],[52.57399,53.36739],[52.57476,53.3685],[52.57773,53.36852],[52.57794,53.36974],[52.58136,53.37218],[52.58263,53.3748],[52.60505,53.37512],[52.60137,53.36824],[52.6019,53.36714],[52.60162,53.36289],[52.60043,53.36074],[52.60145,53.35992],[52.60178,53.35705],[52.60985,53.35849],[52.62383,53.35862],[52.62781,53.34304],[52.64936,53.34514],[52.64571,53.35918],[52.65492,53.35889],[52.65452,53.36767],[52.6503,53.37214],[52.65406,53.37679],[52.64937,53.38264],[52.64057,53.38559],[52.63854,53.39036],[52.63659,53.39323],[52.63533,53.39631],[52.62714,53.4035],[52.62555,53.40448],[52.62613,53.4071],[52.62963,53.40634],[52.63081,53.41026],[52.62791,53.41199],[52.62793,53.41339],[52.62679,53.4138],[52.62643,53.41492],[52.62927,53.42228],[52.62746,53.42322],[52.62498,53.42143],[52.62203,53.42132],[52.62023,53.42237],[52.61905,53.42503],[52.61974,53.42645],[52.62351,53.42738],[52.62355,53.43081],[52.61845,53.4318],[52.62693,53.44274],[52.62584,53.44284],[52.62681,53.4448],[52.62866,53.44488],[52.63175,53.44377],[52.63312,53.44625],[52.63197,53.44853],[52.62807,53.45097],[52.63078,53.45421],[52.63123,53.4599],[52.60914,53.46266],[52.60897,53.46556],[52.61056,53.46699],[52.59066,53.47405],[52.59006,53.47495],[52.5936,53.479],[52.59196,53.48097],[52.59279,53.48418],[52.59335,53.48896],[52.59461,53.48957],[52.59521,53.49073],[52.59722,53.49326],[52.59724,53.49544],[52.59825,53.49806],[52.59888,53.4991],[52.59912,53.502],[52.60113,53.50625],[52.60258,53.50659],[52.60092,53.50744],[52.60078,53.50892],[52.60234,53.50978],[52.60326,53.51151],[52.60633,53.51422],[52.60679,53.51675],[52.60739,53.51873],[52.60911,53.5206],[52.61927,53.53027],[52.62524,53.53562],[52.66343,53.56984],[52.68181,53.56278],[52.68946,53.55925],[52.69495,53.56162],[52.69166,53.56424],[52.69022,53.56632],[52.68582,53.56918],[52.6625,53.59033],[52.69262,53.61782],[52.68768,53.62004],[52.68622,53.62717],[52.68562,53.63329],[52.6856,53.63822],[52.69554,53.63784],[52.70637,53.63719],[52.70666,53.6405],[52.73595,53.63851],[52.74025,53.6384],[52.7526,53.63988],[52.76746,53.64162],[52.77106,53.64213],[52.77192,53.64141],[52.77495,53.64114],[52.78883,53.63809],[52.79005,53.6381],[52.79227,53.63758],[52.79347,53.63683],[52.79665,53.63672],[52.80099,53.63623],[52.80532,53.63593],[52.80783,53.63819],[52.80762,53.64035],[52.80335,53.64623],[52.80314,53.66316],[52.8107,53.66312],[52.81558,53.66381],[52.81967,53.66317],[52.81997,53.66638],[52.83187,53.66764],[52.83972,53.66819],[52.88399,53.67125],[52.88537,53.67689],[52.88431,53.68076],[52.90215,53.67718],[52.90731,53.67311],[52.9424,53.67463],[52.95084,53.6746],[52.96039,53.66834],[52.96645,53.6596],[52.97143,53.65958],[53.01832,53.66263],[53.03018,53.6847],[53.03418,53.68315],[53.0642,53.67581],[53.06602,53.67637],[53.07566,53.69542],[53.07454,53.6961],[53.07623,53.6961],[53.0778,53.6966],[53.0804,53.69655],[53.08184,53.69663],[53.0828,53.69601],[53.08316,53.69512],[53.08423,53.69482],[53.08549,53.69525],[53.08524,53.69634],[53.08625,53.69664],[53.08852,53.69616],[53.08946,53.69664],[53.08784,53.69798],[53.08828,53.69871],[53.08999,53.69899],[53.09176,53.69886],[53.09195,53.69995],[53.09325,53.70076],[53.09484,53.70079],[53.09533,53.69967],[53.0974,53.6986],[53.09839,53.69721],[53.10188,53.69676],[53.10202,53.69543],[53.10542,53.69498],[53.10643,53.69433],[53.10809,53.69408],[53.10922,53.69372],[53.11074,53.69442],[53.11199,53.69372],[53.11306,53.69402],[53.11494,53.69349],[53.11507,53.69257],[53.11796,53.69253],[53.11904,53.69269],[53.12091,53.69227],[53.12204,53.69283],[53.12204,53.69366],[53.12323,53.69362],[53.12296,53.69271],[53.12361,53.6927],[53.12592,53.69392],[53.12763,53.69384],[53.12915,53.6934],[53.12926,53.69182],[53.13102,53.69152],[53.13126,53.69036],[53.13261,53.6906],[53.13349,53.69142],[53.13456,53.69148],[53.13358,53.69486],[53.13367,53.69631],[53.13464,53.69808],[53.13378,53.6991],[53.13626,53.70196],[53.13585,53.70302],[53.13645,53.70391],[53.13595,53.70517],[53.13626,53.70644],[53.13529,53.7075],[53.13505,53.70853],[53.13412,53.70945],[53.13393,53.71058],[53.13516,53.71274],[53.13458,53.71353],[53.13528,53.71409],[53.13512,53.71553],[53.13648,53.71627],[53.13594,53.71747],[53.12132,53.71868],[53.11219,53.71904],[53.10389,53.72064],[53.11884,53.74849],[53.10544,53.75482],[53.10634,53.75613],[53.10624,53.76111],[53.10693,53.76681],[53.10633,53.76888],[53.10472,53.76757],[53.09914,53.77002],[53.10059,53.77265],[53.10515,53.77438],[53.10692,53.77727],[53.11088,53.77911],[53.11611,53.77958],[53.12016,53.77636],[53.12028,53.77706],[53.12513,53.77654],[53.12634,53.77829],[53.12991,53.7789],[53.1313,53.78237],[53.13866,53.78175],[53.18177,53.77397],[53.18459,53.76934],[53.20891,53.77071],[53.21109,53.76618],[53.20761,53.76504],[53.20649,53.7608],[53.20849,53.76018],[53.20833,53.75819],[53.20485,53.75516],[53.21096,53.75383],[53.21312,53.75219],[53.21472,53.75288],[53.21863,53.74294],[53.21339,53.73884],[53.19675,53.73422],[53.24031,53.72287],[53.24448,53.71898],[53.2682,53.71082],[53.28342,53.70788],[53.29227,53.70252],[53.2932,53.69897],[53.28391,53.69024],[53.27728,53.68102],[53.28177,53.67941],[53.27378,53.67172],[53.28787,53.65765],[53.28649,53.65651],[53.2832,53.6561],[53.28088,53.65438],[53.2795,53.65459],[53.27872,53.65351],[53.2768,53.65354],[53.27143,53.65006],[53.26509,53.6463],[53.25505,53.64216],[53.2551,53.63469],[53.25332,53.63306],[53.25032,53.63314],[53.24278,53.618],[53.24752,53.61552],[53.25294,53.59413],[53.25584,53.58785],[53.26088,53.58802],[53.26714,53.58802],[53.28148,53.58653],[53.29219,53.58364],[53.29303,53.54189],[53.28607,53.54016],[53.28603,53.5031],[53.28326,53.49535],[53.28051,53.49326],[53.2707,53.49007],[53.2646,53.48851],[53.25944,53.47902],[53.25725,53.4789],[53.25582,53.47876],[53.25056,53.48142],[53.24593,53.48034],[53.24308,53.48043],[53.24146,53.47996],[53.2407,53.47804],[53.23805,53.47848],[53.23613,53.47801],[53.23472,53.47851],[53.23365,53.47856],[53.23311,53.47824],[53.23443,53.47776],[53.23435,53.4772],[53.23357,53.47681],[53.23113,53.47733],[53.22936,53.47731],[53.22734,53.47818],[53.22658,53.47755],[53.22569,53.47764],[53.22461,53.47688],[53.22481,53.47656],[53.22244,53.47435],[53.22254,53.47187],[53.2173,53.45914],[53.2118,53.44058],[53.24042,53.4379],[53.23373,53.41267],[53.23217,53.40679],[53.24191,53.4061],[53.26479,53.40367],[53.26302,53.39757],[53.26307,53.39554],[53.27535,53.39419],[53.27102,53.39187],[53.31019,53.37504],[53.30468,53.37411],[53.29763,53.37248],[53.2699,53.36782],[53.25902,53.36189],[53.25796,53.36233],[53.25684,53.36236],[53.25567,53.36139],[53.255,53.35996],[53.25333,53.3598],[53.25244,53.35936],[53.25277,53.35826],[53.25188,53.35733],[53.25277,53.35647],[53.25467,53.3564],[53.25718,53.35587],[53.25746,53.35513],[53.25617,53.35433],[53.25779,53.3538],[53.25913,53.35413],[53.26209,53.35403],[53.26348,53.35383],[53.26505,53.35437],[53.26633,53.354],[53.26806,53.35267],[53.26862,53.35174],[53.26856,53.35094],[53.26984,53.34997],[53.27101,53.34961],[53.27358,53.34944],[53.27486,53.34874],[53.27537,53.34791],[53.27631,53.34737],[53.27989,53.34821],[53.28362,53.34811],[53.28463,53.34847],[53.29117,53.34343],[53.29996,53.34328],[53.30219,53.34294],[53.30253,53.34241],[53.29533,53.33412],[53.29341,53.33057],[53.27689,53.31104],[53.27332,53.30617],[53.28158,53.30364],[53.24587,53.26001],[53.25837,53.2546],[53.26004,53.25614],[53.26763,53.25954],[53.31851,53.256],[53.31561,53.24586],[53.31784,53.24579],[53.32074,53.25594],[53.34551,53.25379],[53.3752,53.25206],[53.37375,53.24025],[53.37241,53.23677],[53.36884,53.2329],[53.31851,53.20912],[53.27968,53.1906],[53.27767,53.1795],[53.19842,53.18556],[53.1587,53.18302],[53.11674,53.18516],[53.10023,53.18342],[53.07635,53.17874],[53.05024,53.17453],[53.02563,53.1762],[53.02859,53.18984],[52.9688,53.19427],[52.96791,53.19166],[52.95182,53.19746],[52.9429,53.1998],[52.93774,53.20057],[52.92281,53.20147],[52.91188,53.20474],[52.90328,53.20815],[52.89692,53.22185],[52.82018,53.22569],[52.81728,53.22629],[52.80154,53.2265],[52.80065,53.21607],[52.79853,53.20505],[52.79697,53.20324],[52.79508,53.2032],[52.79417,53.2041],[52.78853,53.20259],[52.7873,53.2028],[52.78514,53.20237],[52.78269,53.20297],[52.78229,53.20393],[52.78107,53.20358],[52.7806,53.20408],[52.77862,53.20441],[52.77832,53.20489],[52.77776,53.20578],[52.77413,53.20578],[52.77286,53.20493],[52.76892,53.20625],[52.76751,53.20592],[52.76821,53.20391],[52.77058,53.20112],[52.77331,53.19562],[52.77328,53.19425],[52.77401,53.19321],[52.77395,53.1885],[52.77579,53.18616],[52.77942,53.17857],[52.78338,53.17215],[52.80877,53.16981],[52.8144,53.16984],[52.81402,53.167],[52.80891,53.14289],[52.77674,53.14485],[52.77406,53.14318],[52.76749,53.13074],[52.76458,53.12813],[52.73331,53.13053],[52.74538,53.18389],[52.75051,53.20652],[52.74904,53.20726],[52.74783,53.20688],[52.74618,53.2074],[52.74601,53.20684],[52.74648,53.20625],[52.74596,53.20576],[52.74463,53.20594],[52.74412,53.2066],[52.74275,53.20621],[52.74374,53.21227],[52.72714,53.21315],[52.69156,53.21617],[52.69081,53.221],[52.68844,53.22725],[52.68492,53.23113],[52.67657,53.23553],[52.67155,53.24477]]]}},{"type":"Feature","properties":{"oktmo":"53610000","name":"Беляевский муниципальный район","type":"муниципальный район","center":"с Беляевка"},"geometry":{"type":"Polygon","coordinates":[[[55.85107,51.66037],[55.85304,51.65979],[55.85463,51.65822],[55.8546,51.65674],[55.85396,51.65507],[55.85221,51.65328],[55.85011,51.65278],[55.84782,51.65148],[55.84647,51.65037],[55.84628,51.64886],[55.84648,51.64702],[55.84681,51.64457],[55.84783,51.64311],[55.84911,51.64218],[55.85097,51.64147],[55.85286,51.64072],[55.85437,51.64051],[55.85698,51.6404],[55.85995,51.64037],[55.8623,51.63998],[55.86334,51.63928],[55.86436,51.6388],[55.86573,51.63838],[55.86766,51.63813],[55.86969,51.63843],[55.87191,51.6388],[55.87346,51.63944],[55.87432,51.64041],[55.87523,51.64185],[55.87635,51.64338],[55.87819,51.64456],[55.88016,51.64486],[55.88245,51.64471],[55.88427,51.64413],[55.88565,51.64328],[55.88685,51.64221],[55.88748,51.64126],[55.88765,51.64005],[55.88729,51.63855],[55.88668,51.63693],[55.88596,51.63541],[55.88709,51.63411],[55.88838,51.63343],[55.89011,51.63326],[55.89165,51.63348],[55.8932,51.63401],[55.89449,51.63521],[55.89637,51.63604],[55.8982,51.63609],[55.90051,51.63531],[55.90287,51.634],[55.90504,51.63273],[55.90622,51.63135],[55.90796,51.62964],[55.90848,51.62794],[55.90813,51.62644],[55.90779,51.62485],[55.90822,51.6232],[55.90895,51.62238],[55.91041,51.62109],[55.9115,51.62042],[55.91311,51.61994],[55.91534,51.61984],[55.9174,51.62016],[55.91912,51.6209],[55.92049,51.62176],[55.92119,51.62268],[55.92192,51.62423],[55.92194,51.62543],[55.92155,51.62657],[55.92071,51.62766],[55.91978,51.62891],[55.91949,51.63024],[55.91962,51.63135],[55.92043,51.63245],[55.92013,51.6336],[55.91931,51.63491],[55.91826,51.63658],[55.91842,51.6381],[55.91937,51.63886],[55.92047,51.63925],[55.92196,51.63919],[55.92275,51.63862],[55.9236,51.63795],[55.92461,51.63681],[55.92596,51.63615],[55.92713,51.63608],[55.92926,51.63609],[55.93166,51.63661],[55.93436,51.63683],[55.93739,51.63671],[55.93938,51.6355],[55.94075,51.63422],[55.94178,51.63326],[55.94178,51.6315],[55.9405,51.63003],[55.93852,51.62876],[55.93709,51.62821],[55.9364,51.62627],[55.93694,51.62473],[55.9376,51.6234],[55.93791,51.62162],[55.94032,51.62015],[55.94401,51.6193],[55.94617,51.61948],[55.94847,51.62005],[55.95053,51.6209],[55.95242,51.62165],[55.95362,51.62261],[55.95448,51.62367],[55.95431,51.62463],[55.95362,51.62527],[55.95174,51.62581],[55.95002,51.62666],[55.94933,51.6273],[55.94968,51.62836],[55.95036,51.63007],[55.95191,51.63092],[55.95397,51.63124],[55.95586,51.63081],[55.95792,51.62975],[55.95912,51.62836],[55.96049,51.62676],[55.96152,51.6257],[55.96221,51.62399],[55.96324,51.62271],[55.96495,51.6209],[55.96598,51.62016],[55.96787,51.61909],[55.96976,51.61845],[55.97388,51.61696],[55.97611,51.61632],[55.97834,51.61557],[55.97972,51.61472],[55.98126,51.61312],[55.98246,51.6112],[55.98384,51.60907],[55.98538,51.6063],[55.98573,51.60417],[55.98641,51.60225],[55.9871,51.60108],[55.98796,51.60012],[55.98813,51.59862],[55.98744,51.59713],[55.98693,51.595],[55.98693,51.59361],[55.98796,51.59148],[55.98916,51.59009],[55.99087,51.58892],[55.99173,51.58775],[55.99225,51.58647],[55.99379,51.58561],[55.99602,51.58519],[55.99791,51.58551],[55.99997,51.58604],[56.00169,51.58615],[56.00375,51.58593],[56.00735,51.58593],[56.01062,51.58625],[56.01336,51.58668],[56.01559,51.58711],[56.01731,51.58775],[56.01868,51.58849],[56.02023,51.58892],[56.02126,51.5886],[56.02212,51.58753],[56.02263,51.58636],[56.02263,51.58487],[56.02195,51.58263],[56.02092,51.58071],[56.01989,51.57975],[56.01834,51.57921],[56.01731,51.57857],[56.01645,51.57761],[56.01628,51.57655],[56.018,51.57484],[56.01937,51.57356],[56.0204,51.57281],[56.02195,51.57228],[56.02383,51.57217],[56.02555,51.5726],[56.02744,51.57356],[56.02933,51.57462],[56.03001,51.57569],[56.03019,51.57655],[56.02984,51.57772],[56.03036,51.57857],[56.03156,51.579],[56.03293,51.57911],[56.03516,51.57889],[56.03654,51.57825],[56.03774,51.5774],[56.03877,51.57665],[56.0398,51.57612],[56.0412,51.57525],[56.04224,51.57412],[56.04392,51.57313],[56.04529,51.57281],[56.04576,51.57257],[56.0462,51.57201],[56.04667,51.57142],[56.04649,51.57046],[56.04495,51.5694],[56.04276,51.56933],[56.04084,51.56899],[56.03933,51.56864],[56.03821,51.56795],[56.03817,51.56727],[56.0386,51.56609],[56.03832,51.56461],[56.03818,51.56256],[56.03945,51.55947],[56.03944,51.55837],[56.04023,51.55716],[56.0422,51.55584],[56.0434,51.5551],[56.04769,51.55371],[56.05353,51.55243],[56.05593,51.552],[56.05782,51.55104],[56.0592,51.55008],[56.06108,51.54976],[56.06263,51.55019],[56.06366,51.55072],[56.06469,51.55157],[56.06572,51.55243],[56.06709,51.55296],[56.06915,51.55296],[56.07104,51.55254],[56.0719,51.55179],[56.07327,51.55115],[56.07447,51.55061],[56.07585,51.55051],[56.07705,51.5504],[56.07859,51.55008],[56.08014,51.54997],[56.08203,51.55051],[56.08323,51.55093],[56.08443,51.55147],[56.08495,51.55243],[56.08512,51.55414],[56.08512,51.55542],[56.08546,51.55606],[56.08615,51.55638],[56.08804,51.5568],[56.08975,51.55702],[56.09164,51.55745],[56.09319,51.55809],[56.09404,51.55883],[56.09507,51.55958],[56.0961,51.56043],[56.09679,51.56139],[56.09765,51.56193],[56.09902,51.56193],[56.10057,51.56161],[56.10245,51.56086],[56.10383,51.5599],[56.10572,51.55937],[56.10743,51.55937],[56.10881,51.55958],[56.11087,51.56022],[56.11275,51.56033],[56.11533,51.56065],[56.11739,51.56065],[56.11996,51.55979],[56.12117,51.55873],[56.12168,51.5567],[56.12117,51.5552],[56.11979,51.55403],[56.11825,51.55328],[56.11705,51.55318],[56.11533,51.55371],[56.11378,51.55467],[56.11275,51.55542],[56.11121,51.55616],[56.10949,51.55659],[56.10778,51.5568],[56.10589,51.55648],[56.10434,51.55616],[56.10263,51.5551],[56.10005,51.55382],[56.09919,51.55286],[56.09902,51.55147],[56.09902,51.5504],[56.10005,51.54944],[56.10108,51.54848],[56.1016,51.54763],[56.10297,51.54666],[56.1052,51.5457],[56.10692,51.54506],[56.10932,51.54485],[56.11121,51.54506],[56.11241,51.5456],[56.1131,51.54624],[56.11327,51.5472],[56.1131,51.54805],[56.11413,51.54859],[56.11533,51.54912],[56.11653,51.54944],[56.1179,51.54923],[56.11962,51.54901],[56.12099,51.54848],[56.12142,51.54825],[56.1222,51.54784],[56.12288,51.54688],[56.12271,51.5457],[56.12168,51.54464],[56.11996,51.54389],[56.11808,51.54325],[56.11687,51.54218],[56.11636,51.54133],[56.1167,51.54015],[56.11773,51.53898],[56.11945,51.53834],[56.12134,51.53844],[56.12323,51.53812],[56.12494,51.53748],[56.12649,51.53567],[56.1282,51.53364],[56.12923,51.53204],[56.13009,51.53108],[56.13147,51.53044],[56.13318,51.52979],[56.1349,51.52915],[56.13696,51.52905],[56.13885,51.52915],[56.14074,51.52915],[56.14177,51.52873],[56.14245,51.52809],[56.14314,51.52734],[56.14348,51.52606],[56.14228,51.52499],[56.14039,51.5236],[56.13833,51.5221],[56.13593,51.52093],[56.13232,51.51858],[56.13061,51.51708],[56.12889,51.51602],[56.1282,51.51495],[56.12872,51.51399],[56.13009,51.51345],[56.13215,51.51313],[56.1337,51.51335],[56.1349,51.51367],[56.13576,51.51431],[56.13644,51.51505],[56.13627,51.51559],[56.1361,51.51634],[56.13644,51.5174],[56.13713,51.51858],[56.13833,51.51933],[56.13971,51.52029],[56.14125,51.52093],[56.14262,51.52093],[56.144,51.5205],[56.14468,51.51965],[56.14451,51.51879],[56.14434,51.51773],[56.14468,51.51655],[56.14606,51.5158],[56.14795,51.5157],[56.15,51.51591],[56.15224,51.51591],[56.15412,51.51516],[56.1555,51.51431],[56.15704,51.51324],[56.15876,51.51281],[56.16065,51.51281],[56.16202,51.51313],[56.16305,51.51377],[56.16339,51.51463],[56.16339,51.51538],[56.16254,51.51602],[56.15996,51.51676],[56.15721,51.5173],[56.15464,51.5174],[56.15241,51.51773],[56.15138,51.51847],[56.15103,51.51943],[56.15121,51.5204],[56.15224,51.52146],[56.15292,51.5221],[56.15412,51.52243],[56.15567,51.52232],[56.15687,51.52178],[56.15756,51.52072],[56.15824,51.51933],[56.15996,51.51847],[56.16168,51.51858],[56.16391,51.51869],[56.16614,51.51879],[56.16803,51.51901],[56.16906,51.51965],[56.16975,51.5205],[56.16975,51.52157],[56.16975,51.52275],[56.16906,51.52413],[56.16854,51.52542],[56.16872,51.52648],[56.16975,51.52744],[56.17078,51.5283],[56.17129,51.52947],[56.17181,51.53108],[56.17249,51.53193],[56.17438,51.53246],[56.17627,51.53278],[56.17816,51.533],[56.18022,51.53278],[56.18228,51.53193],[56.18296,51.53108],[56.18262,51.53001],[56.18142,51.52905],[56.18022,51.52809],[56.17987,51.52712],[56.18022,51.52574],[56.1809,51.52488],[56.18228,51.52467],[56.18382,51.5251],[56.1852,51.52552],[56.18657,51.52542],[56.18777,51.5252],[56.18914,51.52456],[56.19017,51.52339],[56.19189,51.522],[56.19326,51.52114],[56.19601,51.5205],[56.1979,51.51997],[56.19944,51.51911],[56.20013,51.51773],[56.2003,51.51644],[56.19893,51.51527],[56.19704,51.51367],[56.19567,51.51228],[56.19344,51.51014],[56.19241,51.50886],[56.19172,51.50736],[56.19172,51.50565],[56.19258,51.50426],[56.19378,51.5033],[56.19515,51.50266],[56.1979,51.50234],[56.20133,51.50234],[56.20356,51.50245],[56.20511,51.50298],[56.20665,51.50373],[56.2082,51.50458],[56.21043,51.50469],[56.21249,51.50458],[56.21403,51.50491],[56.21558,51.50608],[56.21644,51.50683],[56.21764,51.50747],[56.21918,51.5079],[56.2209,51.50768],[56.22296,51.50704],[56.22433,51.50651],[56.22571,51.50587],[56.22554,51.50448],[56.22433,51.5033],[56.22313,51.50287],[56.22159,51.50213],[56.22039,51.50095],[56.21901,51.5002],[56.21764,51.49913],[56.21712,51.49828],[56.2173,51.49721],[56.2185,51.49625],[56.22021,51.49561],[56.22193,51.49582],[56.2233,51.49625],[56.22468,51.49668],[56.22657,51.49678],[56.22845,51.49604],[56.22931,51.49529],[56.22983,51.49422],[56.23086,51.49294],[56.23206,51.49197],[56.23446,51.49058],[56.23635,51.48973],[56.23755,51.48855],[56.23824,51.48727],[56.23937,51.48727],[56.27241,51.51739],[56.26754,51.51941],[56.27161,51.52043],[56.27766,51.52458],[56.28246,51.52526],[56.28816,51.53155],[56.28646,51.53423],[56.28852,51.53696],[56.29559,51.54232],[56.29547,51.54517],[56.29966,51.54716],[56.30226,51.55218],[56.33109,51.56588],[56.33096,51.56721],[56.33515,51.56852],[56.3349,51.57955],[56.34185,51.58372],[56.34698,51.58544],[56.35007,51.58485],[56.35831,51.58777],[56.36697,51.58426],[56.37195,51.58657],[56.37803,51.58627],[56.38657,51.58873],[56.39549,51.5874],[56.4015,51.58505],[56.40742,51.58436],[56.43549,51.61217],[56.44057,51.61344],[56.4489,51.60934],[56.46537,51.59418],[56.47257,51.58973],[56.5053,51.61691],[56.55797,51.59177],[56.61304,51.55923],[56.6147,51.54816],[56.60994,51.53688],[56.60349,51.52484],[56.61252,51.52186],[56.62825,51.5224],[56.62812,51.51621],[56.62769,51.51151],[56.62661,51.50425],[56.6264,51.49574],[56.63352,51.49527],[56.66074,51.49355],[56.66792,51.49056],[56.67108,51.48722],[56.67885,51.48413],[56.68519,51.48105],[56.69428,51.48115],[56.6967,51.48026],[56.69605,51.47854],[56.69705,51.47606],[56.69994,51.47393],[56.71247,51.47152],[56.72916,51.46974],[56.73431,51.46914],[56.73894,51.46874],[56.74316,51.47794],[56.74857,51.48408],[56.74285,51.50454],[56.74391,51.5059],[56.76319,51.50845],[56.7816,51.51052],[56.78922,51.48735],[56.7926,51.48603],[56.80592,51.48712],[56.81005,51.48494],[56.82326,51.48404],[56.83153,51.4865],[56.83309,51.48815],[56.84028,51.47529],[56.85242,51.46472],[56.86308,51.46209],[56.89874,51.46542],[56.91418,51.46734],[56.92285,51.45999],[56.92593,51.46127],[56.94054,51.44918],[56.94916,51.45024],[56.9648,51.41908],[56.96164,51.39108],[56.95981,51.38602],[56.95306,51.38337],[56.95255,51.37465],[56.94663,51.36942],[56.94735,51.36708],[56.95581,51.36389],[56.95425,51.36254],[56.95459,51.36191],[56.95482,51.36115],[56.95602,51.35965],[56.95808,51.35815],[56.96014,51.35676],[56.96289,51.35547],[56.96701,51.3544],[56.9685,51.35411],[56.96924,51.35289],[56.96913,51.35153],[56.96824,51.35028],[56.96611,51.3485],[56.96957,51.34652],[56.96712,51.34413],[56.96332,51.34288],[56.95472,51.33646],[56.94434,51.32454],[56.94389,51.31151],[56.99866,51.26368],[56.98411,51.21903],[56.98142,51.19684],[56.97475,51.19459],[56.96482,51.20124],[56.93755,51.20892],[56.8539,51.23549],[56.85871,51.21485],[56.85242,51.19978],[56.85674,51.19349],[56.84891,51.17813],[56.85211,51.14292],[56.83772,51.13888],[56.82785,51.12962],[56.81614,51.134],[56.77754,51.10705],[56.78549,51.0936],[56.7802,51.0938],[56.77542,51.09246],[56.75612,51.08703],[56.74188,51.08187],[56.73805,51.07932],[56.73625,51.07812],[56.73282,51.07823],[56.73078,51.07886],[56.72865,51.07862],[56.72738,51.07883],[56.7257,51.07826],[56.72313,51.07868],[56.72091,51.07816],[56.71678,51.07628],[56.71512,51.07602],[56.7098,51.07688],[56.70884,51.07757],[56.70443,51.07752],[56.69971,51.07497],[56.70006,51.07422],[56.70329,51.06728],[56.71026,51.05229],[56.71212,51.04828],[56.71284,51.04705],[56.71605,51.04149],[56.72014,51.03439],[56.72609,51.02404],[56.72934,51.01627],[56.73653,51.00698],[56.74011,51.00073],[56.74253,50.9965],[56.74943,50.98445],[56.75081,50.98204],[56.75084,50.98145],[56.75115,50.98099],[56.75073,50.98078],[56.75017,50.98104],[56.74929,50.98114],[56.74867,50.98145],[56.74822,50.98191],[56.74759,50.98209],[56.74701,50.98196],[56.74573,50.98144],[56.74474,50.98034],[56.7439,50.98012],[56.7434,50.97947],[56.74201,50.97933],[56.7415,50.9794],[56.74074,50.97996],[56.73984,50.97951],[56.73949,50.98002],[56.73694,50.98024],[56.73548,50.97931],[56.73529,50.97858],[56.73313,50.97819],[56.73097,50.97824],[56.72967,50.97856],[56.72889,50.97888],[56.72856,50.97836],[56.72854,50.97796],[56.72772,50.97812],[56.72701,50.97802],[56.72753,50.97748],[56.72634,50.97693],[56.72556,50.9767],[56.72509,50.97606],[56.72428,50.976],[56.72344,50.97595],[56.72312,50.97566],[56.72252,50.97551],[56.72219,50.97526],[56.72169,50.97519],[56.72118,50.97473],[56.72052,50.97451],[56.71913,50.97217],[56.71863,50.97148],[56.71843,50.97197],[56.71853,50.97245],[56.71784,50.97275],[56.71707,50.97265],[56.71669,50.97242],[56.71614,50.9723],[56.71543,50.9724],[56.71468,50.97231],[56.71437,50.97185],[56.71415,50.97092],[56.71263,50.97068],[56.71197,50.97091],[56.71093,50.97083],[56.71019,50.97083],[56.70954,50.971],[56.70861,50.97143],[56.70826,50.97191],[56.70817,50.97259],[56.70822,50.97298],[56.70757,50.97312],[56.7064,50.97242],[56.70559,50.97242],[56.70507,50.97231],[56.70487,50.97193],[56.704,50.97178],[56.70198,50.97258],[56.70174,50.97304],[56.702,50.97385],[56.70235,50.9746],[56.70213,50.97515],[56.70243,50.97586],[56.70303,50.9762],[56.70308,50.977],[56.70227,50.97793],[56.7034,50.97972],[56.70167,50.98064],[56.70115,50.98145],[56.69857,50.98214],[56.69734,50.98241],[56.69715,50.98378],[56.69639,50.98407],[56.6949,50.9835],[56.69327,50.98371],[56.69212,50.98468],[56.69121,50.98484],[56.69023,50.98402],[56.68904,50.9846],[56.68798,50.98437],[56.68679,50.98543],[56.6853,50.98528],[56.68469,50.98613],[56.68369,50.98552],[56.68311,50.98548],[56.68107,50.98708],[56.6801,50.98664],[56.67941,50.98685],[56.67927,50.98743],[56.67807,50.98817],[56.67569,50.98768],[56.67217,50.98778],[56.66972,50.98681],[56.66688,50.98691],[56.66504,50.98658],[56.66356,50.98562],[56.66076,50.98541],[56.65835,50.98553],[56.65699,50.9864],[56.65516,50.9859],[56.65315,50.98761],[56.65052,50.98704],[56.64739,50.98709],[56.64324,50.98659],[56.64013,50.98706],[56.63618,50.98617],[56.63394,50.98523],[56.63156,50.98543],[56.62983,50.98616],[56.62918,50.98628],[56.62856,50.98617],[56.62756,50.98607],[56.62699,50.98631],[56.62644,50.98691],[56.62588,50.98738],[56.62519,50.98731],[56.6245,50.98731],[56.62391,50.98766],[56.62313,50.98799],[56.62253,50.98793],[56.62214,50.98768],[56.62154,50.98745],[56.62047,50.98723],[56.62008,50.987],[56.61959,50.98664],[56.61903,50.98654],[56.61832,50.98653],[56.61806,50.98681],[56.61761,50.98722],[56.61699,50.98808],[56.6165,50.98857],[56.61618,50.98912],[56.61626,50.98966],[56.61693,50.99016],[56.61847,50.99087],[56.61912,50.99129],[56.62,50.9917],[56.62047,50.99231],[56.62032,50.9931],[56.62019,50.99358],[56.6197,50.99451],[56.61897,50.99538],[56.61819,50.99631],[56.61731,50.99732],[56.61671,50.99786],[56.61648,50.99825],[56.61588,50.9982],[56.61424,50.99819],[56.61317,50.99832],[56.61206,50.99873],[56.61179,50.99928],[56.61296,50.99953],[56.61364,50.99998],[56.61376,51.0005],[56.61365,51.0011],[56.61299,51.00152],[56.61216,51.00168],[56.61126,51.00159],[56.61057,51.00126],[56.60981,51.00053],[56.60888,51.00017],[56.60779,51.00017],[56.60693,51.00055],[56.60656,51.00124],[56.60583,51.00251],[56.60585,51.00326],[56.60665,51.00366],[56.60774,51.00382],[56.60867,51.00379],[56.60939,51.00396],[56.60976,51.00444],[56.60931,51.0053],[56.60869,51.00618],[56.60822,51.00668],[56.60729,51.0068],[56.60665,51.00655],[56.60613,51.00626],[56.60543,51.00633],[56.6047,51.00657],[56.6041,51.0074],[56.60397,51.00788],[56.60298,51.00849],[56.60219,51.00864],[56.60086,51.00902],[56.60055,51.00976],[56.6006,51.01089],[56.60079,51.01184],[56.60083,51.01249],[56.60006,51.01304],[56.59927,51.01326],[56.59817,51.01317],[56.59751,51.01319],[56.59682,51.01354],[56.5963,51.01443],[56.59598,51.01501],[56.59534,51.01529],[56.59403,51.01552],[56.59253,51.01555],[56.59154,51.01569],[56.59101,51.01609],[56.59079,51.01668],[56.59113,51.01745],[56.59105,51.01806],[56.59066,51.01844],[56.58982,51.01876],[56.58959,51.01936],[56.58929,51.01992],[56.58847,51.02009],[56.58738,51.02014],[56.5865,51.02039],[56.5859,51.02099],[56.58626,51.02148],[56.58673,51.02193],[56.58671,51.02231],[56.58611,51.02253],[56.58532,51.02266],[56.58478,51.02297],[56.58498,51.02343],[56.58521,51.02382],[56.58502,51.02432],[56.58438,51.0248],[56.58397,51.02511],[56.58328,51.0254],[56.58232,51.02547],[56.58156,51.02582],[56.58098,51.02651],[56.58064,51.02697],[56.58006,51.02755],[56.57985,51.02824],[56.58015,51.02883],[56.58026,51.02936],[56.57933,51.02998],[56.5783,51.02986],[56.57805,51.03023],[56.5771,51.0305],[56.57569,51.03144],[56.57472,51.03218],[56.5747,51.03301],[56.57446,51.0338],[56.57427,51.03457],[56.57354,51.03494],[56.57264,51.03543],[56.57169,51.03569],[56.57088,51.03563],[56.57051,51.03498],[56.57011,51.03422],[56.56959,51.03363],[56.56903,51.03349],[56.56822,51.03397],[56.56777,51.03447],[56.56719,51.03443],[56.56661,51.03465],[56.56612,51.03497],[56.56532,51.03498],[56.56405,51.03547],[56.56354,51.0354],[56.56304,51.03566],[56.56264,51.03593],[56.56296,51.03628],[56.56293,51.03667],[56.56225,51.03674],[56.56181,51.03711],[56.56076,51.03714],[56.56004,51.03716],[56.55951,51.03702],[56.55953,51.03664],[56.55892,51.03645],[56.55822,51.03666],[56.55799,51.03713],[56.55845,51.03751],[56.558,51.03779],[56.5573,51.0376],[56.55689,51.0378],[56.55631,51.03789],[56.55577,51.03775],[56.55509,51.03794],[56.55478,51.03836],[56.55506,51.03871],[56.5556,51.0386],[56.55592,51.03888],[56.55545,51.03914],[56.55468,51.03929],[56.55408,51.03953],[56.55328,51.03967],[56.55273,51.03965],[56.55215,51.03973],[56.55204,51.04026],[56.55178,51.04099],[56.5512,51.04145],[56.55037,51.04181],[56.54936,51.04169],[56.54854,51.04178],[56.54747,51.04208],[56.54577,51.04218],[56.54453,51.04258],[56.54451,51.04305],[56.54556,51.04342],[56.54626,51.04381],[56.54558,51.04472],[56.54457,51.04479],[56.54401,51.04436],[56.54303,51.04455],[56.54183,51.04509],[56.54088,51.04482],[56.54041,51.04439],[56.53951,51.04412],[56.53848,51.0445],[56.53766,51.04487],[56.5376,51.04586],[56.53788,51.04679],[56.53785,51.0481],[56.5376,51.0491],[56.53661,51.04953],[56.5356,51.05016],[56.53459,51.05107],[56.53419,51.0521],[56.53517,51.0527],[56.5359,51.0534],[56.53549,51.05438],[56.53457,51.05488],[56.5336,51.05597],[56.53305,51.05705],[56.53245,51.05789],[56.5323,51.05893],[56.53226,51.06052],[56.53135,51.06144],[56.52972,51.062],[56.52768,51.06223],[56.52631,51.06215],[56.52556,51.06254],[56.52462,51.06351],[56.525,51.06435],[56.52595,51.06551],[56.52704,51.06628],[56.52741,51.06686],[56.52771,51.06864],[56.52775,51.06982],[56.52758,51.07101],[56.52717,51.07189],[56.52586,51.07193],[56.52449,51.0719],[56.52258,51.07194],[56.52129,51.07162],[56.51985,51.07136],[56.51831,51.07182],[56.51796,51.07284],[56.51805,51.07411],[56.51728,51.07484],[56.51588,51.0751],[56.51468,51.07466],[56.51359,51.07489],[56.51324,51.07557],[56.51305,51.07655],[56.51187,51.07772],[56.51043,51.07895],[56.50996,51.08057],[56.51058,51.08166],[56.51067,51.08306],[56.5115,51.08426],[56.51302,51.08503],[56.51378,51.08574],[56.53786,51.09711],[56.53206,51.13046],[56.53253,51.15475],[56.5329,51.16544],[56.49035,51.16743],[56.46634,51.1654],[56.46123,51.15865],[56.46405,51.15314],[56.45337,51.14606],[56.41675,51.1477],[56.41182,51.15099],[56.40663,51.16438],[56.38829,51.16782],[56.38385,51.1666],[56.38342,51.17601],[56.31825,51.20854],[56.20077,51.1963],[56.18456,51.21656],[56.15831,51.20687],[56.11306,51.18955],[56.10496,51.19074],[56.09013,51.18758],[56.04244,51.18316],[56.03506,51.18526],[56.02464,51.19886],[56.02782,51.20468],[56.01622,51.21141],[56.01795,51.21396],[56.01734,51.21684],[56.01396,51.21749],[56.01197,51.22118],[56.00634,51.22096],[55.99981,51.22546],[56.00342,51.23477],[55.99137,51.24049],[55.99165,51.25128],[55.97848,51.25888],[55.97877,51.26092],[55.9572,51.26687],[55.95697,51.26819],[55.95932,51.27101],[55.95843,51.27354],[55.96745,51.27821],[55.96913,51.28318],[55.96771,51.28406],[55.96633,51.2878],[55.96641,51.29208],[55.96854,51.29326],[55.96702,51.29641],[55.97012,51.29916],[55.88427,51.32283],[55.88628,51.32098],[55.88659,51.32004],[55.88335,51.3156],[55.88446,51.30992],[55.88146,51.30826],[55.87772,51.30188],[55.86271,51.29816],[55.85682,51.28405],[55.82901,51.26867],[55.83759,51.26398],[55.8342,51.25613],[55.81297,51.2361],[55.7997,51.2427],[55.78433,51.24989],[55.76854,51.23847],[55.75498,51.24217],[55.74908,51.25394],[55.73723,51.25164],[55.72637,51.27228],[55.68953,51.34484],[55.70273,51.34304],[55.70549,51.3437],[55.68011,51.39119],[55.67508,51.39912],[55.6574,51.39576],[55.64319,51.4209],[55.62568,51.41799],[55.60539,51.43797],[55.62038,51.44601],[55.63294,51.45393],[55.64086,51.46114],[55.66955,51.48781],[55.67658,51.49846],[55.68295,51.5086],[55.72277,51.49823],[55.79393,51.47943],[55.79487,51.48683],[55.80264,51.49017],[55.81887,51.51099],[55.81897,51.5152],[55.82076,51.51848],[55.82421,51.52041],[55.82566,51.53319],[55.8338,51.54525],[55.84603,51.56368],[55.78261,51.58042],[55.73759,51.59221],[55.71322,51.59888],[55.73,51.62406],[55.74088,51.64013],[55.75531,51.63639],[55.76448,51.65015],[55.77386,51.66485],[55.77579,51.66418],[55.77729,51.66362],[55.77836,51.66298],[55.77956,51.66282],[55.78143,51.66396],[55.78351,51.6633],[55.78539,51.66262],[55.78576,51.66157],[55.78547,51.66063],[55.78635,51.66023],[55.78785,51.66019],[55.78891,51.66074],[55.78954,51.66138],[55.7902,51.66192],[55.79103,51.66251],[55.79207,51.66318],[55.79326,51.66411],[55.79424,51.66531],[55.79575,51.666],[55.79775,51.66604],[55.79888,51.66561],[55.79968,51.66473],[55.79958,51.6636],[55.79937,51.66264],[55.80012,51.66178],[55.80142,51.66116],[55.80323,51.66105],[55.80555,51.66122],[55.8072,51.66192],[55.80891,51.66256],[55.80983,51.66331],[55.81038,51.66403],[55.81059,51.66524],[55.811,51.6664],[55.81214,51.66724],[55.81339,51.66765],[55.81424,51.66799],[55.816,51.66876],[55.81879,51.66933],[55.82153,51.66936],[55.82402,51.66884],[55.8254,51.6679],[55.82674,51.66646],[55.82878,51.66514],[55.82969,51.66403],[55.82895,51.66263],[55.82906,51.6617],[55.83063,51.66108],[55.83535,51.65989],[55.83775,51.65947],[55.84101,51.65947],[55.84329,51.66016],[55.84627,51.6609],[55.84891,51.66089],[55.85107,51.66037]]]}},{"type":"Feature","properties":{"oktmo":"53611000","name":"Бугурусланский муниципальный район","type":"муниципальный район","center":"с Михайловка"},"geometry":{"type":"Polygon","coordinates":[[[53.01553,53.99905],[53.02332,53.99382],[53.02342,53.99233],[53.02305,53.99177],[53.02068,53.99057],[53.02401,53.98913],[53.02736,53.99034],[53.02911,53.98865],[53.0341,53.98384],[53.03593,53.98137],[53.04348,53.97491],[53.05028,53.97422],[53.05329,53.97308],[53.05657,53.97203],[53.05846,53.97154],[53.06476,53.96902],[53.0666,53.96844],[53.06793,53.96791],[53.06946,53.96744],[53.06977,53.96717],[53.07496,53.96484],[53.07688,53.9643],[53.08449,53.96118],[53.08876,53.96104],[53.09163,53.9608],[53.10059,53.95666],[53.1044,53.95468],[53.1103,53.95288],[53.11547,53.95204],[53.12644,53.95102],[53.12675,53.94982],[53.12695,53.94623],[53.12714,53.94588],[53.12673,53.94482],[53.1264,53.94391],[53.13027,53.93585],[53.13064,53.93157],[53.13085,53.92682],[53.13128,53.91736],[53.13638,53.916],[53.14074,53.91441],[53.13308,53.8943],[53.13283,53.89007],[53.11809,53.87846],[53.13411,53.87029],[53.13489,53.86579],[53.13218,53.85901],[53.13049,53.84947],[53.12863,53.84255],[53.12563,53.83202],[53.13523,53.82414],[53.12701,53.8236],[53.12681,53.82224],[53.12859,53.81541],[53.13036,53.79282],[53.13866,53.78175],[53.1313,53.78237],[53.12991,53.7789],[53.12634,53.77829],[53.12513,53.77654],[53.12028,53.77706],[53.12016,53.77636],[53.11611,53.77958],[53.11088,53.77911],[53.10692,53.77727],[53.10515,53.77438],[53.10059,53.77265],[53.09914,53.77002],[53.10472,53.76757],[53.10633,53.76888],[53.10693,53.76681],[53.10624,53.76111],[53.10634,53.75613],[53.10544,53.75482],[53.11884,53.74849],[53.10389,53.72064],[53.11219,53.71904],[53.12132,53.71868],[53.13594,53.71747],[53.13648,53.71627],[53.13512,53.71553],[53.13528,53.71409],[53.13458,53.71353],[53.13516,53.71274],[53.13393,53.71058],[53.13412,53.70945],[53.13505,53.70853],[53.13529,53.7075],[53.13626,53.70644],[53.13595,53.70517],[53.13645,53.70391],[53.13585,53.70302],[53.13626,53.70196],[53.13378,53.6991],[53.13464,53.69808],[53.13367,53.69631],[53.13358,53.69486],[53.13456,53.69148],[53.13349,53.69142],[53.13261,53.6906],[53.13126,53.69036],[53.13102,53.69152],[53.12926,53.69182],[53.12915,53.6934],[53.12763,53.69384],[53.12592,53.69392],[53.12361,53.6927],[53.12296,53.69271],[53.12323,53.69362],[53.12204,53.69366],[53.12204,53.69283],[53.12091,53.69227],[53.11904,53.69269],[53.11796,53.69253],[53.11507,53.69257],[53.11494,53.69349],[53.11306,53.69402],[53.11199,53.69372],[53.11074,53.69442],[53.10922,53.69372],[53.10809,53.69408],[53.10643,53.69433],[53.10542,53.69498],[53.10202,53.69543],[53.10188,53.69676],[53.09839,53.69721],[53.0974,53.6986],[53.09533,53.69967],[53.09484,53.70079],[53.09325,53.70076],[53.09195,53.69995],[53.09176,53.69886],[53.08999,53.69899],[53.08828,53.69871],[53.08784,53.69798],[53.08946,53.69664],[53.08852,53.69616],[53.08625,53.69664],[53.08524,53.69634],[53.08549,53.69525],[53.08423,53.69482],[53.08316,53.69512],[53.0828,53.69601],[53.08184,53.69663],[53.0804,53.69655],[53.0778,53.6966],[53.07623,53.6961],[53.07454,53.6961],[53.07566,53.69542],[53.06602,53.67637],[53.0642,53.67581],[53.03418,53.68315],[53.03018,53.6847],[53.01832,53.66263],[52.97143,53.65958],[52.96645,53.6596],[52.96039,53.66834],[52.95084,53.6746],[52.9424,53.67463],[52.90731,53.67311],[52.90215,53.67718],[52.88431,53.68076],[52.88537,53.67689],[52.88399,53.67125],[52.83972,53.66819],[52.83187,53.66764],[52.81997,53.66638],[52.81967,53.66317],[52.81558,53.66381],[52.8107,53.66312],[52.80314,53.66316],[52.80335,53.64623],[52.80762,53.64035],[52.80783,53.63819],[52.80532,53.63593],[52.80099,53.63623],[52.79665,53.63672],[52.79347,53.63683],[52.79227,53.63758],[52.79005,53.6381],[52.78883,53.63809],[52.77495,53.64114],[52.77192,53.64141],[52.77106,53.64213],[52.76746,53.64162],[52.7526,53.63988],[52.74025,53.6384],[52.73595,53.63851],[52.70666,53.6405],[52.70637,53.63719],[52.69554,53.63784],[52.6856,53.63822],[52.68562,53.63329],[52.68622,53.62717],[52.68768,53.62004],[52.69262,53.61782],[52.6625,53.59033],[52.68582,53.56918],[52.69022,53.56632],[52.69166,53.56424],[52.69495,53.56162],[52.68946,53.55925],[52.68181,53.56278],[52.66343,53.56984],[52.62524,53.53562],[52.61927,53.53027],[52.60911,53.5206],[52.60739,53.51873],[52.60679,53.51675],[52.60633,53.51422],[52.60326,53.51151],[52.60234,53.50978],[52.60078,53.50892],[52.60092,53.50744],[52.60258,53.50659],[52.60113,53.50625],[52.59912,53.502],[52.59888,53.4991],[52.59825,53.49806],[52.59724,53.49544],[52.59722,53.49326],[52.59521,53.49073],[52.59461,53.48957],[52.59335,53.48896],[52.59279,53.48418],[52.59196,53.48097],[52.5936,53.479],[52.59006,53.47495],[52.59066,53.47405],[52.61056,53.46699],[52.60897,53.46556],[52.60914,53.46266],[52.63123,53.4599],[52.63078,53.45421],[52.62807,53.45097],[52.63197,53.44853],[52.63312,53.44625],[52.63175,53.44377],[52.62866,53.44488],[52.62681,53.4448],[52.62584,53.44284],[52.62693,53.44274],[52.61845,53.4318],[52.62355,53.43081],[52.62351,53.42738],[52.61974,53.42645],[52.61905,53.42503],[52.62023,53.42237],[52.62203,53.42132],[52.62498,53.42143],[52.62746,53.42322],[52.62927,53.42228],[52.62643,53.41492],[52.62679,53.4138],[52.62793,53.41339],[52.62791,53.41199],[52.63081,53.41026],[52.62963,53.40634],[52.62613,53.4071],[52.62555,53.40448],[52.62714,53.4035],[52.63533,53.39631],[52.63659,53.39323],[52.63854,53.39036],[52.64057,53.38559],[52.64937,53.38264],[52.65406,53.37679],[52.6503,53.37214],[52.65452,53.36767],[52.65492,53.35889],[52.64571,53.35918],[52.64936,53.34514],[52.62781,53.34304],[52.62383,53.35862],[52.60985,53.35849],[52.60178,53.35705],[52.60145,53.35992],[52.60043,53.36074],[52.60162,53.36289],[52.6019,53.36714],[52.60137,53.36824],[52.60505,53.37512],[52.58263,53.3748],[52.58136,53.37218],[52.57794,53.36974],[52.57773,53.36852],[52.57476,53.3685],[52.57399,53.36739],[52.57369,53.36667],[52.57238,53.36628],[52.57159,53.36509],[52.57225,53.36471],[52.57139,53.36385],[52.57043,53.36386],[52.56959,53.36287],[52.56939,53.36222],[52.5676,53.36191],[52.56671,53.36152],[52.56598,53.36058],[52.56507,53.36018],[52.56441,53.35893],[52.56343,53.35844],[52.5626,53.35771],[52.56226,53.35716],[52.56148,53.35705],[52.55961,53.35549],[52.55833,53.35546],[52.55736,53.35455],[52.55574,53.35371],[52.55607,53.35325],[52.55565,53.35177],[52.55444,53.35098],[52.5538,53.35113],[52.55304,53.35058],[52.55331,53.35021],[52.55342,53.34952],[52.55108,53.34914],[52.55097,53.34861],[52.55136,53.34799],[52.54971,53.34771],[52.54995,53.34642],[52.54795,53.34588],[52.54637,53.34518],[52.545,53.34399],[52.54578,53.34372],[52.54494,53.3433],[52.54451,53.34224],[52.54369,53.34158],[52.54268,53.34138],[52.54182,53.34063],[52.54074,53.34061],[52.54046,53.34],[52.54131,53.33983],[52.54075,53.33851],[52.53884,53.33762],[52.53887,53.33699],[52.53687,53.33614],[52.53648,53.33404],[52.53522,53.33261],[52.56618,53.32553],[52.56578,53.3163],[52.58041,53.31402],[52.58451,53.3138],[52.58696,53.31321],[52.58641,53.31434],[52.60187,53.31582],[52.60407,53.30516],[52.59446,53.28554],[52.5967,53.28555],[52.5918,53.27553],[52.57989,53.27737],[52.57682,53.27729],[52.56964,53.27438],[52.56565,53.27237],[52.55996,53.26579],[52.5569,53.25414],[52.52914,53.25628],[52.50567,53.25794],[52.50949,53.27587],[52.47339,53.27876],[52.42832,53.28155],[52.34102,53.28792],[52.33412,53.2735],[52.33231,53.26349],[52.24426,53.28154],[52.25858,53.3075],[52.18801,53.322],[52.17611,53.32458],[52.21186,53.38085],[52.16297,53.39043],[52.16064,53.3851],[52.15298,53.38679],[52.15441,53.39253],[52.15307,53.39633],[52.14882,53.39897],[52.14443,53.40325],[52.14312,53.4103],[52.14572,53.41552],[52.14783,53.41572],[52.15151,53.41672],[52.1508,53.42269],[52.15595,53.42798],[52.15943,53.42911],[52.15415,53.43111],[52.15225,53.4386],[52.14509,53.44466],[52.13661,53.44333],[52.12764,53.44156],[52.12531,53.4413],[52.12219,53.44129],[52.1293,53.45111],[52.11613,53.4566],[52.11543,53.45825],[52.10986,53.46058],[52.1068,53.46099],[52.10454,53.4597],[52.10326,53.46154],[52.10411,53.46447],[52.09934,53.46618],[52.09876,53.46365],[52.09523,53.46448],[52.09139,53.47099],[52.09996,53.47644],[52.11636,53.49177],[52.1013,53.49961],[52.0944,53.49915],[52.0888,53.49508],[52.07836,53.49879],[52.08392,53.51585],[52.08465,53.51794],[52.09772,53.5196],[52.09752,53.52223],[52.09017,53.52961],[52.09073,53.53215],[52.0921,53.53449],[52.09284,53.53888],[52.09267,53.54185],[52.09415,53.54553],[52.09621,53.54946],[52.10087,53.55055],[52.10118,53.55359],[52.09767,53.55827],[52.11142,53.5546],[52.11565,53.5523],[52.11911,53.54817],[52.12074,53.54629],[52.12206,53.54595],[52.12951,53.54895],[52.13307,53.55007],[52.13816,53.55067],[52.15357,53.54921],[52.16845,53.54427],[52.17553,53.5476],[52.18884,53.55588],[52.19629,53.57367],[52.20337,53.58971],[52.2143,53.61573],[52.22776,53.62873],[52.22966,53.63733],[52.23002,53.63785],[52.23125,53.64627],[52.23237,53.64821],[52.23271,53.6516],[52.23389,53.65369],[52.23796,53.65445],[52.2391,53.65283],[52.24081,53.65268],[52.2419,53.6539],[52.24367,53.65361],[52.24224,53.65158],[52.24477,53.65117],[52.24873,53.65409],[52.24446,53.65586],[52.24719,53.65853],[52.24919,53.65929],[52.25188,53.65974],[52.26084,53.66074],[52.26466,53.66231],[52.26455,53.6678],[52.26586,53.67169],[52.26649,53.67605],[52.26295,53.68043],[52.25805,53.68238],[52.25759,53.68544],[52.25713,53.69336],[52.26107,53.69462],[52.26176,53.69606],[52.26232,53.69724],[52.2646,53.69758],[52.267,53.69982],[52.26962,53.70226],[52.27361,53.70237],[52.27487,53.70414],[52.27401,53.70694],[52.27454,53.70748],[52.27874,53.71178],[52.27859,53.71353],[52.27846,53.71515],[52.27954,53.71714],[52.278,53.72051],[52.27943,53.72319],[52.27635,53.72752],[52.27521,53.73106],[52.27834,53.73442],[52.27669,53.7363],[52.27851,53.73858],[52.27789,53.74144],[52.27977,53.74412],[52.2853,53.74651],[52.28615,53.74965],[52.29037,53.75181],[52.29294,53.75564],[52.29613,53.75524],[52.29722,53.75712],[52.29995,53.7578],[52.29916,53.76054],[52.30013,53.76265],[52.2991,53.7643],[52.30001,53.76715],[52.30298,53.76832],[52.30771,53.77018],[52.30976,53.7683],[52.3117,53.76921],[52.31809,53.76938],[52.31912,53.77092],[52.32122,53.77177],[52.32237,53.77383],[52.32995,53.77753],[52.3308,53.77924],[52.33349,53.78073],[52.3348,53.78358],[52.33959,53.78729],[52.33873,53.79014],[52.33987,53.79162],[52.34353,53.79284],[52.34317,53.7944],[52.34173,53.79617],[52.34296,53.79803],[52.3423,53.79954],[52.34471,53.8001],[52.33833,53.80017],[52.33919,53.80357],[52.34414,53.81046],[52.34666,53.81223],[52.34891,53.81059],[52.35115,53.81217],[52.35378,53.8172],[52.35655,53.82052],[52.36205,53.82526],[52.36542,53.82709],[52.3673,53.83063],[52.3653,53.83228],[52.36707,53.8345],[52.36736,53.83707],[52.36496,53.83884],[52.36508,53.84386],[52.36633,53.84785],[52.37038,53.84859],[52.37306,53.85954],[52.36998,53.86119],[52.36941,53.86359],[52.37066,53.86524],[52.373,53.86644],[52.37568,53.87767],[52.37922,53.88457],[52.37916,53.88799],[52.38104,53.88993],[52.38646,53.89153],[52.39478,53.89273],[52.40819,53.89301],[52.41218,53.90025],[52.41359,53.92305],[52.41919,53.92304],[52.41926,53.92057],[52.42178,53.91465],[52.44636,53.9149],[52.44833,53.91965],[52.45235,53.91781],[52.46894,53.90712],[52.46281,53.90062],[52.45753,53.89549],[52.45529,53.89265],[52.4568,53.89274],[52.46114,53.89044],[52.46572,53.8895],[52.47091,53.88875],[52.48026,53.88484],[52.48207,53.8842],[52.48635,53.88499],[52.48616,53.88803],[52.52483,53.8971],[52.52743,53.89785],[52.53734,53.89463],[52.53602,53.89229],[52.53751,53.89177],[52.53981,53.89178],[52.54871,53.89014],[52.55089,53.88953],[52.54984,53.8881],[52.54983,53.88748],[52.54912,53.88609],[52.56385,53.88303],[52.57,53.88297],[52.56994,53.8833],[52.5723,53.88498],[52.57228,53.88542],[52.56846,53.88585],[52.56751,53.8864],[52.56789,53.88679],[52.56791,53.88722],[52.56947,53.88806],[52.56949,53.88878],[52.57044,53.88942],[52.57043,53.88979],[52.57132,53.89059],[52.57239,53.89195],[52.57133,53.89267],[52.57245,53.89335],[52.57318,53.89327],[52.57338,53.89356],[52.57252,53.89415],[52.5707,53.89469],[52.57107,53.89492],[52.57105,53.89527],[52.56985,53.89574],[52.56863,53.89693],[52.56902,53.89736],[52.56807,53.89755],[52.56721,53.89851],[52.56958,53.90494],[52.57095,53.90468],[52.57215,53.90466],[52.57327,53.9048],[52.57437,53.90453],[52.57489,53.90527],[52.57578,53.90572],[52.57764,53.90657],[52.57715,53.90698],[52.57535,53.90701],[52.57385,53.90713],[52.57277,53.90728],[52.57212,53.90774],[52.57141,53.91033],[52.57141,53.9109],[52.57186,53.91138],[52.57144,53.91164],[52.57128,53.91207],[52.57209,53.91215],[52.573,53.91255],[52.57235,53.91316],[52.57242,53.9138],[52.57497,53.91971],[52.57648,53.91923],[52.57804,53.91838],[52.57916,53.91746],[52.57905,53.91638],[52.58591,53.91385],[52.58791,53.91302],[52.58992,53.91265],[52.58985,53.91102],[52.58663,53.91009],[52.58554,53.91],[52.58576,53.90895],[52.58565,53.90762],[52.58603,53.90581],[52.5861,53.90351],[52.58439,53.90311],[52.58141,53.90304],[52.5803,53.9033],[52.5798,53.90193],[52.58323,53.90195],[52.58512,53.90263],[52.58684,53.90257],[52.58673,53.90121],[52.58538,53.90048],[52.58364,53.89914],[52.58362,53.89845],[52.58627,53.89898],[52.58711,53.89762],[52.58809,53.89654],[52.5902,53.89694],[52.59176,53.89714],[52.61011,53.90162],[52.61949,53.89423],[52.62296,53.89111],[52.62496,53.88822],[52.63085,53.88597],[52.63372,53.88239],[52.6364,53.8811],[52.63834,53.87986],[52.63958,53.87971],[52.63994,53.87932],[52.6386,53.87642],[52.6397,53.87606],[52.64212,53.87616],[52.64208,53.87751],[52.64263,53.87799],[52.64228,53.87906],[52.64277,53.88046],[52.64321,53.88074],[52.64343,53.88183],[52.64453,53.88171],[52.64541,53.88197],[52.64564,53.88234],[52.64452,53.88285],[52.64551,53.88429],[52.64588,53.88491],[52.64647,53.88519],[52.64708,53.88554],[52.64767,53.88578],[52.64758,53.88617],[52.64888,53.88653],[52.64788,53.88652],[52.64809,53.88701],[52.64773,53.88726],[52.64778,53.88765],[52.64809,53.88811],[52.64771,53.88855],[52.64736,53.88937],[52.64651,53.89016],[52.64692,53.89071],[52.64764,53.89098],[52.64801,53.89145],[52.64809,53.89219],[52.64757,53.89223],[52.64728,53.89279],[52.64777,53.89296],[52.6479,53.89354],[52.64859,53.89379],[52.64908,53.89427],[52.64854,53.89457],[52.64907,53.89504],[52.64898,53.89595],[52.64988,53.89616],[52.65212,53.89713],[52.65346,53.89702],[52.65372,53.89667],[52.65551,53.89658],[52.65604,53.89703],[52.65775,53.89912],[52.65602,53.89865],[52.65548,53.89928],[52.65514,53.90042],[52.65404,53.90146],[52.65474,53.9023],[52.6544,53.90259],[52.65531,53.90352],[52.6566,53.90381],[52.65661,53.90436],[52.65609,53.90515],[52.65128,53.906],[52.65359,53.911],[52.65861,53.91035],[52.65905,53.91083],[52.66017,53.91141],[52.66034,53.91209],[52.65999,53.9128],[52.66193,53.91485],[52.66121,53.91498],[52.66091,53.91544],[52.6599,53.91552],[52.65988,53.91592],[52.66144,53.91668],[52.665,53.91821],[52.6659,53.91836],[52.66711,53.91819],[52.66878,53.9199],[52.66802,53.92185],[52.6615,53.92515],[52.66102,53.92722],[52.66526,53.92844],[52.68086,53.92855],[52.72515,53.92021],[52.72563,53.91955],[52.7462,53.91749],[52.75396,53.91834],[52.75925,53.92139],[52.75676,53.9259],[52.75307,53.932],[52.75447,53.94209],[52.75403,53.94273],[52.75436,53.94807],[52.75414,53.95372],[52.7542,53.95533],[52.75309,53.95782],[52.75226,53.95826],[52.75716,53.96105],[52.76651,53.96702],[52.76063,53.9715],[52.76049,53.97242],[52.77075,53.97393],[52.77557,53.99019],[52.77955,53.99091],[52.78125,53.99108],[52.78153,53.99272],[52.78343,53.99377],[52.78336,53.99453],[52.78194,53.99459],[52.78189,53.99534],[52.78307,53.99535],[52.78304,53.99754],[52.78222,53.99762],[52.78213,53.99819],[52.78289,53.99813],[52.78229,53.99944],[52.78667,53.99968],[52.78573,53.99823],[52.78814,53.99764],[52.78846,53.99831],[52.79074,53.99838],[52.79115,53.99793],[52.792,53.99796],[52.79108,53.99643],[52.79182,53.99644],[52.79462,53.99531],[52.79528,53.9953],[52.79759,53.99506],[52.79905,53.99449],[52.79994,53.994],[52.81569,53.99645],[52.8163,53.99899],[52.81791,54.00104],[52.81842,54.00136],[52.81872,54.00239],[52.81817,54.00913],[52.8179,54.02263],[52.82941,54.02371],[52.83102,54.02375],[52.85396,54.02585],[52.85574,54.02332],[52.85622,54.02001],[52.86442,53.9899],[52.86475,53.98655],[52.86349,53.98298],[52.86025,53.97658],[52.86596,53.97738],[52.86989,53.99143],[52.87405,53.99149],[52.8796,53.98747],[52.88465,53.98327],[52.88064,53.9819],[52.8815,53.98093],[52.88399,53.98051],[52.88728,53.98091],[52.8915,53.98163],[52.89929,53.98267],[52.90686,53.98413],[52.92295,53.96411],[52.92344,53.96308],[52.92464,53.96238],[52.92687,53.95923],[52.94296,53.96291],[52.94879,53.96682],[52.96697,53.98129],[52.96547,53.9835],[52.98328,53.99799],[52.99192,53.99326],[52.99342,53.99421],[52.99529,53.99416],[52.99232,53.98963],[52.99383,53.98816],[52.99369,53.98739],[52.99508,53.98621],[53.00175,53.98862],[53.00484,53.98841],[53.00624,53.99408],[53.00753,53.99537],[53.00954,53.99638],[53.01553,53.99905]],[[52.26471,53.64902],[52.26454,53.64613],[52.27736,53.64569],[52.27681,53.64024],[52.28161,53.64013],[52.28634,53.6396],[52.28639,53.6391],[52.31586,53.63182],[52.33818,53.62511],[52.37198,53.62255],[52.38022,53.62222],[52.38347,53.6224],[52.38347,53.62172],[52.38034,53.62177],[52.38123,53.61637],[52.36565,53.61707],[52.36565,53.61533],[52.33876,53.6175],[52.34067,53.62204],[52.33127,53.62221],[52.32701,53.62343],[52.32525,53.62177],[52.33832,53.61445],[52.34493,53.61315],[52.36359,53.61271],[52.36815,53.60765],[52.38417,53.6067],[52.38754,53.59649],[52.39592,53.59597],[52.40885,53.58978],[52.42573,53.57743],[52.44433,53.57709],[52.44631,53.5863],[52.44771,53.59504],[52.44866,53.60222],[52.44929,53.60422],[52.45579,53.60928],[52.46148,53.61389],[52.45771,53.625],[52.46443,53.62633],[52.47214,53.63099],[52.4771,53.6356],[52.48306,53.64102],[52.48917,53.64789],[52.49175,53.65221],[52.49147,53.6605],[52.50159,53.66126],[52.50665,53.66519],[52.51329,53.66839],[52.50768,53.67338],[52.50444,53.6746],[52.49038,53.66629],[52.48344,53.66941],[52.47924,53.67024],[52.4745,53.6657],[52.47161,53.66721],[52.46979,53.66816],[52.46879,53.66835],[52.46773,53.66856],[52.46701,53.66821],[52.46637,53.66765],[52.46382,53.6646],[52.4621,53.6651],[52.45969,53.66558],[52.45545,53.66659],[52.44783,53.66824],[52.44594,53.67388],[52.44734,53.68131],[52.45731,53.69977],[52.4406,53.69967],[52.44014,53.6987],[52.43935,53.69699],[52.43737,53.69598],[52.43394,53.69592],[52.4311,53.69059],[52.43338,53.6804],[52.43256,53.67834],[52.42137,53.67635],[52.41634,53.67664],[52.4141,53.67197],[52.41128,53.67253],[52.40917,53.67037],[52.40482,53.67121],[52.40587,53.67434],[52.40164,53.68123],[52.39518,53.68137],[52.39635,53.67901],[52.40129,53.67782],[52.40176,53.67232],[52.39953,53.6719],[52.4007,53.66564],[52.40281,53.6646],[52.40552,53.65665],[52.3987,53.65491],[52.39142,53.65456],[52.38806,53.65153],[52.3844,53.65285],[52.3819,53.65128],[52.36293,53.65276],[52.36244,53.65929],[52.35811,53.66962],[52.33572,53.67353],[52.32792,53.67393],[52.32874,53.67162],[52.32094,53.66329],[52.32715,53.66098],[52.32523,53.65838],[52.32138,53.6573],[52.31748,53.65912],[52.31483,53.65884],[52.31199,53.6567],[52.30655,53.65618],[52.30356,53.65407],[52.2987,53.65316],[52.2934,53.64999],[52.2908,53.65119],[52.28892,53.6517],[52.28734,53.65356],[52.28474,53.65459],[52.28459,53.65627],[52.28271,53.65681],[52.2804,53.65556],[52.27818,53.65508],[52.27508,53.65487],[52.26963,53.65446],[52.2677,53.65347],[52.26478,53.65046],[52.26471,53.64902]],[[52.2405,53.38879],[52.24089,53.38691],[52.23879,53.38609],[52.23912,53.38511],[52.23663,53.38171],[52.23591,53.37963],[52.2321,53.3774],[52.23197,53.37459],[52.23243,53.37345],[52.2304,53.37247],[52.22666,53.36383],[52.22751,53.36171],[52.22338,53.35103],[52.22305,53.34911],[52.22371,53.34633],[52.22607,53.34433],[52.30372,53.32804],[52.30772,53.33438],[52.2851,53.33977],[52.31431,53.38933],[52.24673,53.40115],[52.24588,53.39903],[52.24411,53.39833],[52.24161,53.39532],[52.24017,53.39477],[52.23958,53.3927],[52.24102,53.39113],[52.2405,53.38879]]]}},{"type":"Feature","properties":{"oktmo":"53612000","name":"Бузулукский муниципальный район","type":"муниципальный район","center":"п Красногвардеец"},"geometry":{"type":"Polygon","coordinates":[[[52.5569,53.25414],[52.57261,53.25297],[52.5711,53.24499],[52.60046,53.24193],[52.62385,53.23981],[52.62364,53.24402],[52.6249,53.24444],[52.63068,53.24326],[52.64823,53.24056],[52.67155,53.24477],[52.67657,53.23553],[52.68492,53.23113],[52.68844,53.22725],[52.69081,53.221],[52.69156,53.21617],[52.72714,53.21315],[52.74374,53.21227],[52.74275,53.20621],[52.74412,53.2066],[52.74463,53.20594],[52.74596,53.20576],[52.74648,53.20625],[52.74601,53.20684],[52.74618,53.2074],[52.74783,53.20688],[52.74904,53.20726],[52.75051,53.20652],[52.74538,53.18389],[52.73331,53.13053],[52.76458,53.12813],[52.76316,53.12194],[52.75558,53.10333],[52.7703,53.10108],[52.74764,53.00388],[52.71971,53.00655],[52.70941,53.00635],[52.70616,53.00736],[52.68352,53.00937],[52.68056,53.00666],[52.68026,53.00515],[52.66654,52.94392],[52.66527,52.93371],[52.65988,52.9084],[52.6569,52.9073],[52.65642,52.90501],[52.65306,52.9025],[52.65302,52.90157],[52.65046,52.90046],[52.64716,52.90045],[52.64637,52.90202],[52.64186,52.90127],[52.6356,52.89758],[52.63343,52.89518],[52.62756,52.89178],[52.6239,52.89183],[52.6221,52.88972],[52.62005,52.88926],[52.61727,52.8842],[52.6202,52.88076],[52.62347,52.8771],[52.66945,52.83245],[52.70624,52.84607],[52.7318,52.82287],[52.72503,52.82167],[52.72489,52.82083],[52.72609,52.82041],[52.72639,52.81894],[52.72959,52.81714],[52.73197,52.81775],[52.7355,52.81548],[52.7373,52.81689],[52.74874,52.80479],[52.78049,52.77248],[52.78026,52.77174],[52.77198,52.77215],[52.77124,52.77099],[52.77197,52.76955],[52.77768,52.76608],[52.77773,52.76315],[52.76212,52.75641],[52.74955,52.74032],[52.7556,52.73801],[52.76943,52.74961],[52.78108,52.74952],[52.77937,52.73281],[52.82094,52.74122],[52.81883,52.73377],[52.81664,52.72849],[52.81413,52.72459],[52.8162,52.71806],[52.77221,52.71372],[52.77494,52.70677],[52.78158,52.70338],[52.78365,52.70362],[52.78629,52.70259],[52.79055,52.70292],[52.79262,52.70369],[52.79768,52.70366],[52.80438,52.70634],[52.80858,52.70652],[52.80958,52.69864],[52.79836,52.69627],[52.79631,52.68943],[52.79457,52.68862],[52.79468,52.68665],[52.79877,52.68352],[52.79842,52.68046],[52.78806,52.66386],[52.77535,52.66591],[52.75711,52.6606],[52.75037,52.66057],[52.74683,52.65804],[52.72103,52.65558],[52.71101,52.65518],[52.6965,52.65777],[52.69334,52.64978],[52.69231,52.64976],[52.69153,52.64949],[52.69047,52.64925],[52.68974,52.64949],[52.6889,52.64994],[52.68725,52.65094],[52.68558,52.65234],[52.68401,52.65355],[52.68308,52.65435],[52.68278,52.65489],[52.68291,52.65547],[52.68329,52.65624],[52.68337,52.65659],[52.68273,52.65771],[52.6803,52.65834],[52.6806,52.65894],[52.68074,52.65924],[52.68082,52.65956],[52.68071,52.65997],[52.68041,52.66053],[52.68055,52.66161],[52.68143,52.66168],[52.68315,52.66141],[52.68351,52.66176],[52.68408,52.66275],[52.68463,52.66374],[52.68505,52.66461],[52.68555,52.66579],[52.68567,52.66632],[52.68564,52.66724],[52.68609,52.66743],[52.68666,52.66742],[52.68772,52.66739],[52.69126,52.67188],[52.67846,52.67573],[52.67516,52.67611],[52.67257,52.67662],[52.67103,52.67621],[52.66857,52.67673],[52.66634,52.67729],[52.66492,52.67738],[52.66235,52.67724],[52.65776,52.67674],[52.65544,52.67644],[52.65408,52.67608],[52.64955,52.67454],[52.64771,52.67404],[52.64575,52.67358],[52.64362,52.67312],[52.641,52.67271],[52.63147,52.67154],[52.63022,52.67128],[52.62948,52.67066],[52.6296,52.66977],[52.62959,52.66891],[52.62816,52.6686],[52.62791,52.66807],[52.6263,52.66841],[52.62617,52.66748],[52.62387,52.66749],[52.61444,52.67149],[52.60645,52.67351],[52.60512,52.67156],[52.60087,52.66674],[52.59673,52.66867],[52.59213,52.67061],[52.58891,52.66954],[52.58826,52.66804],[52.59383,52.66592],[52.59939,52.66402],[52.59611,52.65786],[52.59268,52.65255],[52.58596,52.64134],[52.59509,52.63923],[52.59638,52.63886],[52.59635,52.63785],[52.59594,52.63667],[52.59599,52.63627],[52.59683,52.63589],[52.5977,52.6356],[52.59725,52.63507],[52.59606,52.63436],[52.59594,52.63406],[52.59589,52.63326],[52.59552,52.63274],[52.59499,52.63256],[52.59444,52.63218],[52.59429,52.63163],[52.59467,52.63127],[52.5961,52.63124],[52.59677,52.63067],[52.59587,52.63],[52.59556,52.62901],[52.59442,52.6283],[52.595,52.62798],[52.59551,52.62768],[52.59561,52.62732],[52.59505,52.62683],[52.59477,52.6264],[52.59525,52.62575],[52.59556,52.62524],[52.59515,52.62497],[52.59466,52.62474],[52.59396,52.62491],[52.59287,52.62463],[52.59183,52.6247],[52.59047,52.62442],[52.59018,52.62484],[52.58982,52.62519],[52.58946,52.62549],[52.5886,52.62523],[52.58772,52.62479],[52.58601,52.62385],[52.58516,52.62289],[52.58424,52.62236],[52.58374,52.62118],[52.58263,52.62049],[52.58231,52.61985],[52.58143,52.61948],[52.57959,52.61893],[52.57741,52.61875],[52.5718,52.61837],[52.567,52.6185],[52.56181,52.61865],[52.55972,52.61904],[52.55534,52.61945],[52.55282,52.61958],[52.55061,52.61882],[52.54937,52.61822],[52.54776,52.61738],[52.54486,52.61731],[52.54338,52.61662],[52.54098,52.61546],[52.53873,52.61548],[52.53511,52.61663],[52.53154,52.61762],[52.52769,52.61755],[52.52509,52.61738],[52.52282,52.61722],[52.52246,52.61759],[52.51861,52.62045],[52.51695,52.62172],[52.51543,52.62299],[52.51454,52.62402],[52.51392,52.62509],[52.51421,52.62578],[52.51286,52.62517],[52.51246,52.62899],[52.51241,52.63074],[52.51263,52.63248],[52.51314,52.63773],[52.51525,52.63973],[52.51551,52.64201],[52.51566,52.64315],[52.51602,52.64468],[52.51615,52.64546],[52.5164,52.64709],[52.51687,52.64847],[52.51607,52.64902],[52.51606,52.64949],[52.51576,52.6498],[52.51543,52.65057],[52.51336,52.65229],[52.51214,52.65341],[52.51129,52.65393],[52.50967,52.65426],[52.50986,52.6553],[52.50828,52.65454],[52.50875,52.65319],[52.50665,52.65265],[52.50392,52.65367],[52.50111,52.65344],[52.50031,52.6546],[52.49947,52.65563],[52.49755,52.65593],[52.49668,52.65602],[52.49064,52.65358],[52.48695,52.65356],[52.48472,52.65284],[52.48107,52.65301],[52.47965,52.65366],[52.47874,52.65405],[52.47779,52.65449],[52.47715,52.65489],[52.47656,52.65612],[52.47693,52.65792],[52.47753,52.65855],[52.47831,52.65918],[52.47936,52.66028],[52.48006,52.66109],[52.48066,52.66206],[52.4808,52.66294],[52.48084,52.66403],[52.48064,52.66444],[52.48045,52.66487],[52.48023,52.66519],[52.4795,52.66575],[52.47892,52.6662],[52.47832,52.66649],[52.47787,52.66669],[52.47738,52.66682],[52.47613,52.66692],[52.47521,52.66709],[52.47321,52.6676],[52.47216,52.66824],[52.47084,52.66879],[52.46955,52.66929],[52.46884,52.66956],[52.46806,52.66972],[52.46674,52.66973],[52.46617,52.66973],[52.46533,52.67022],[52.46471,52.67074],[52.46469,52.67142],[52.46504,52.67175],[52.4656,52.67209],[52.46634,52.67237],[52.46711,52.67241],[52.46806,52.67268],[52.46805,52.67353],[52.4676,52.67396],[52.46522,52.67418],[52.46221,52.67433],[52.46146,52.67237],[52.46139,52.66965],[52.45836,52.66791],[52.45382,52.66927],[52.45257,52.66991],[52.45166,52.67057],[52.45056,52.67172],[52.44926,52.67392],[52.44881,52.67512],[52.44867,52.67564],[52.44786,52.67537],[52.4469,52.67538],[52.44483,52.67588],[52.44361,52.676],[52.44271,52.67594],[52.44225,52.6757],[52.44111,52.6749],[52.4393,52.6741],[52.43791,52.67386],[52.4354,52.67387],[52.43431,52.6741],[52.43372,52.6737],[52.43318,52.67322],[52.43293,52.67287],[52.43264,52.67224],[52.43224,52.67031],[52.4289,52.67113],[52.42523,52.67196],[52.42125,52.67287],[52.42002,52.6738],[52.41874,52.67463],[52.4183,52.67487],[52.41649,52.67536],[52.41575,52.67436],[52.41565,52.67386],[52.41597,52.67349],[52.4165,52.67284],[52.4168,52.67231],[52.41682,52.67145],[52.41495,52.67202],[52.414,52.67203],[52.41301,52.67203],[52.41138,52.6709],[52.41096,52.66988],[52.41159,52.66949],[52.4132,52.66883],[52.41512,52.66864],[52.41708,52.66843],[52.41776,52.66838],[52.41847,52.66886],[52.4192,52.66931],[52.41928,52.66966],[52.42005,52.67048],[52.42216,52.6696],[52.42246,52.6685],[52.42147,52.66735],[52.41855,52.6669],[52.41813,52.66437],[52.41567,52.66413],[52.41557,52.66318],[52.41557,52.66148],[52.41427,52.65945],[52.41126,52.64781],[52.40821,52.63832],[52.40763,52.63743],[52.40716,52.63612],[52.40571,52.63137],[52.40428,52.62695],[52.40079,52.6161],[52.3994,52.61174],[52.39815,52.60735],[52.3953,52.59861],[52.39293,52.59163],[52.38701,52.57268],[52.38496,52.56647],[52.38411,52.56494],[52.38383,52.56413],[52.38351,52.5634],[52.38287,52.56193],[52.38242,52.56033],[52.38245,52.55877],[52.38121,52.55718],[52.38118,52.55509],[52.38565,52.55453],[52.38586,52.55397],[52.38336,52.55421],[52.38252,52.55375],[52.38115,52.55365],[52.38025,52.55339],[52.3802,52.55238],[52.37942,52.552],[52.37891,52.55157],[52.37767,52.55012],[52.3776,52.54974],[52.37735,52.54943],[52.37681,52.54913],[52.37628,52.54888],[52.37574,52.54867],[52.37545,52.54827],[52.37485,52.54807],[52.37433,52.54784],[52.37334,52.54794],[52.37295,52.54755],[52.37234,52.54642],[52.37205,52.54615],[52.37065,52.54531],[52.36934,52.54524],[52.36879,52.54502],[52.36844,52.54456],[52.36757,52.54391],[52.36668,52.54391],[52.36476,52.54394],[52.36374,52.54392],[52.36327,52.54407],[52.36266,52.54416],[52.36213,52.54381],[52.3605,52.54378],[52.35906,52.54305],[52.359,52.54228],[52.3573,52.54139],[52.35477,52.54001],[52.35447,52.53959],[52.35419,52.53917],[52.3536,52.5384],[52.35237,52.53766],[52.35,52.53624],[52.34924,52.53574],[52.34889,52.53545],[52.34856,52.53494],[52.3488,52.53359],[52.34888,52.53219],[52.34795,52.53138],[52.34598,52.52981],[52.34379,52.52777],[52.34263,52.52668],[52.34222,52.52605],[52.34104,52.5246],[52.33992,52.52317],[52.33931,52.52298],[52.3382,52.52262],[52.33675,52.52252],[52.33558,52.52184],[52.33448,52.52132],[52.33427,52.52096],[52.33444,52.52009],[52.33383,52.51969],[52.3334,52.51879],[52.33233,52.51827],[52.33077,52.51749],[52.32998,52.51742],[52.32878,52.51681],[52.32816,52.51681],[52.32578,52.51591],[52.24749,52.52553],[52.24124,52.52535],[52.25813,52.57916],[52.25234,52.58202],[52.24908,52.58541],[52.25221,52.59507],[52.25822,52.61149],[52.25974,52.61857],[52.26446,52.63226],[52.26752,52.63736],[52.27213,52.63698],[52.27281,52.64057],[52.25927,52.64211],[52.26176,52.65169],[52.2475,52.65357],[52.2046,52.65838],[52.19894,52.65963],[52.19276,52.65663],[52.18734,52.65887],[52.17939,52.6588],[52.17493,52.6561],[52.17923,52.65088],[52.17543,52.64944],[52.17543,52.64785],[52.17373,52.64733],[52.15599,52.64958],[52.1551,52.64806],[52.15311,52.64815],[52.15364,52.64952],[52.15357,52.65066],[52.1524,52.65169],[52.15085,52.65165],[52.14932,52.65221],[52.1476,52.65231],[52.14525,52.65158],[52.14178,52.65169],[52.13165,52.64469],[52.12988,52.64593],[52.13207,52.64813],[52.13048,52.64883],[52.13264,52.65017],[52.13126,52.65105],[52.1286,52.64984],[52.12524,52.65334],[52.11353,52.65381],[52.11434,52.65641],[52.11544,52.65994],[52.11813,52.66882],[52.08963,52.67229],[52.07503,52.67386],[52.05841,52.67577],[52.04393,52.67785],[52.02719,52.67988],[52.02199,52.68035],[52.01873,52.67983],[52.016,52.67778],[52.00858,52.66312],[52.00393,52.64591],[51.99813,52.6337],[51.99927,52.63009],[51.99655,52.6224],[51.9952,52.61999],[51.99209,52.61898],[51.99017,52.61952],[51.9895,52.61762],[51.98819,52.61739],[51.98688,52.61775],[51.98504,52.6162],[51.98199,52.61673],[51.98277,52.61532],[51.98082,52.6133],[51.97717,52.61345],[51.97661,52.61506],[51.97338,52.61552],[51.96736,52.61403],[51.96697,52.61227],[51.9629,52.611],[51.95724,52.6129],[51.95709,52.61412],[51.95033,52.61685],[51.94282,52.61681],[51.94005,52.61511],[51.93633,52.61649],[51.93208,52.61691],[51.92691,52.61601],[51.92245,52.61732],[51.91924,52.62018],[51.90888,52.62362],[51.899,52.62375],[51.89457,52.62347],[51.89188,52.6225],[51.88488,52.62288],[51.86939,52.61633],[51.8627,52.61579],[51.85517,52.61078],[51.87176,52.60091],[51.87877,52.5965],[51.88995,52.59007],[51.88214,52.58731],[51.87435,52.58557],[51.85395,52.58544],[51.79232,52.59247],[51.78725,52.59187],[51.78364,52.59202],[51.78078,52.59262],[51.78124,52.59411],[51.78003,52.59608],[51.78381,52.60324],[51.78795,52.62429],[51.7776,52.62528],[51.77758,52.62597],[51.77018,52.62696],[51.76724,52.62694],[51.75675,52.62851],[51.75562,52.62833],[51.75591,52.62758],[51.74018,52.62924],[51.73423,52.63117],[51.71804,52.63154],[51.72307,52.64794],[51.72432,52.65325],[51.72346,52.66461],[51.71975,52.66695],[51.7238,52.66775],[51.7262,52.66957],[51.75528,52.76338],[51.76651,52.80033],[51.72574,52.80438],[51.71501,52.87635],[51.73149,52.87629],[51.7429,52.87498],[51.75117,52.87424],[51.75892,52.87469],[51.8385,52.86525],[51.83933,52.86667],[51.83963,52.86779],[51.83899,52.8694],[51.84031,52.87198],[51.83941,52.87291],[51.83992,52.87403],[51.8419,52.87434],[51.84384,52.87912],[51.84441,52.8823],[51.84498,52.88531],[51.84218,52.8877],[51.84451,52.88981],[51.84558,52.89021],[51.84642,52.89417],[51.84705,52.89683],[51.84681,52.89831],[51.84788,52.90001],[51.84764,52.90186],[51.84943,52.90248],[51.84964,52.90362],[51.85258,52.90623],[51.85353,52.90985],[51.85526,52.91055],[51.85647,52.91272],[51.85835,52.91417],[51.85861,52.91608],[51.85762,52.91743],[51.85806,52.91868],[51.86009,52.92159],[51.86131,52.9239],[51.86247,52.92491],[51.86255,52.92671],[51.86449,52.92799],[51.86544,52.92956],[51.86483,52.93086],[51.86655,52.93192],[51.86655,52.93293],[51.86919,52.93552],[51.87398,52.93476],[51.88026,52.93419],[51.88357,52.93966],[51.88571,52.94437],[51.8852,52.94455],[51.88588,52.94675],[51.88714,52.94977],[51.88937,52.94926],[51.89228,52.94909],[51.89634,52.95058],[51.89492,52.9488],[51.89833,52.94652],[51.90034,52.94452],[51.90172,52.94478],[51.90671,52.94605],[51.90911,52.94843],[51.91132,52.94886],[51.91994,52.94333],[51.92611,52.94603],[51.93583,52.94975],[51.94208,52.95082],[51.94565,52.9523],[51.9481,52.95112],[51.9548,52.95178],[51.95883,52.95111],[51.95823,52.95265],[51.96132,52.95318],[51.96449,52.95181],[51.96902,52.95173],[51.97089,52.94934],[51.97831,52.94704],[51.98331,52.94714],[51.98794,52.94597],[51.99019,52.94601],[51.99453,52.96656],[52.00462,52.9648],[52.02544,52.96518],[52.04182,52.96457],[52.04169,52.97296],[52.04216,52.98739],[52.04341,52.98952],[52.04291,52.99397],[52.04648,53.04314],[52.04718,53.05257],[52.04786,53.06173],[52.04857,53.0712],[52.04931,53.08113],[52.05001,53.09057],[52.05779,53.09035],[52.05905,53.09031],[52.06629,53.09009],[52.08236,53.08962],[52.0983,53.08915],[52.11395,53.08869],[52.1298,53.08823],[52.1381,53.08801],[52.14186,53.0881],[52.16227,53.08776],[52.16658,53.12194],[52.16832,53.12274],[52.16864,53.12462],[52.16813,53.12587],[52.16164,53.12588],[52.15797,53.12551],[52.14885,53.1252],[52.14512,53.12522],[52.08025,53.12288],[52.07953,53.12577],[52.0749,53.12554],[52.07005,53.12569],[52.0696,53.12878],[52.06827,53.12881],[52.06858,53.13662],[52.06953,53.13858],[52.06966,53.14037],[52.07006,53.14107],[52.06946,53.14273],[52.06659,53.14419],[52.06622,53.14557],[52.0671,53.14877],[52.06672,53.14932],[52.06748,53.15093],[52.06809,53.15181],[52.06889,53.15231],[52.06962,53.15321],[52.07198,53.15409],[52.07306,53.15416],[52.07395,53.15448],[52.07456,53.15491],[52.07702,53.15584],[52.07797,53.15675],[52.07789,53.15785],[52.08031,53.1589],[52.08117,53.15965],[52.08262,53.1596],[52.08347,53.1599],[52.08407,53.16037],[52.08591,53.16016],[52.08832,53.16185],[52.08939,53.16225],[52.09112,53.16391],[52.09089,53.16513],[52.1025,53.16805],[52.10592,53.16762],[52.10883,53.16776],[52.11193,53.16594],[52.11523,53.16614],[52.1182,53.16567],[52.12144,53.1649],[52.12685,53.16534],[52.13652,53.16599],[52.13394,53.18378],[52.13015,53.18471],[52.12633,53.19026],[52.12652,53.19525],[52.12736,53.19682],[52.12865,53.19682],[52.12972,53.19638],[52.13087,53.19559],[52.13175,53.19852],[52.12692,53.2332],[52.17177,53.23525],[52.16839,53.26123],[52.16496,53.28135],[52.15921,53.28105],[52.15566,53.28194],[52.14967,53.28193],[52.14875,53.28323],[52.14248,53.30145],[52.16312,53.2993],[52.17331,53.29738],[52.18801,53.322],[52.25858,53.3075],[52.24426,53.28154],[52.33231,53.26349],[52.33412,53.2735],[52.34102,53.28792],[52.42832,53.28155],[52.47339,53.27876],[52.50949,53.27587],[52.50567,53.25794],[52.52914,53.25628],[52.5569,53.25414]],[[52.20675,52.79022],[52.20618,52.78518],[52.21142,52.78198],[52.21633,52.77831],[52.21638,52.77444],[52.21174,52.76879],[52.21932,52.7675],[52.22507,52.76705],[52.23037,52.76455],[52.2359,52.76166],[52.23908,52.76162],[52.23898,52.76024],[52.24228,52.75996],[52.25118,52.75944],[52.2528,52.75723],[52.2618,52.75656],[52.25572,52.74308],[52.25462,52.73909],[52.25401,52.73688],[52.24862,52.73564],[52.24971,52.72801],[52.25652,52.72994],[52.26345,52.72727],[52.26724,52.72681],[52.27058,52.72807],[52.27258,52.73097],[52.27504,52.734],[52.27942,52.73586],[52.28105,52.73952],[52.28699,52.74068],[52.28864,52.74323],[52.28221,52.74432],[52.28208,52.74644],[52.28556,52.75017],[52.28907,52.75076],[52.29033,52.75121],[52.30279,52.74182],[52.31137,52.73937],[52.32894,52.73522],[52.33478,52.72494],[52.33788,52.71142],[52.33916,52.71147],[52.33837,52.71327],[52.35231,52.71591],[52.36078,52.71151],[52.36511,52.69652],[52.37226,52.69143],[52.36528,52.70648],[52.36424,52.71675],[52.35521,52.71682],[52.35666,52.72115],[52.34642,52.73454],[52.34261,52.74213],[52.33057,52.74598],[52.32392,52.75551],[52.32453,52.76032],[52.33366,52.76614],[52.3287,52.77391],[52.32194,52.77046],[52.31026,52.77432],[52.31022,52.76772],[52.29408,52.78507],[52.3096,52.79434],[52.29099,52.8084],[52.25981,52.8195],[52.26541,52.82585],[52.252,52.82824],[52.24051,52.80957],[52.22844,52.80999],[52.22873,52.81682],[52.22935,52.82936],[52.21737,52.82735],[52.20542,52.82491],[52.20429,52.80401],[52.20341,52.80352],[52.20558,52.80087],[52.21141,52.79906],[52.21259,52.79523],[52.21024,52.79263],[52.20675,52.79022]]]}},{"type":"Feature","properties":{"oktmo":"53713000","name":"Гайский","type":"городской округ","center":"г Гай"},"geometry":{"type":"Polygon","coordinates":[[[58.77925,51.7732],[58.77238,51.74737],[58.77027,51.74525],[58.77047,51.74348],[58.76757,51.74074],[58.76701,51.73903],[58.75915,51.73481],[58.74359,51.72948],[58.73116,51.73094],[58.72939,51.73021],[58.72894,51.7296],[58.72875,51.72895],[58.72842,51.7287],[58.72684,51.72793],[58.72521,51.72832],[58.72287,51.72916],[58.72254,51.72848],[58.72149,51.72825],[58.71961,51.72869],[58.71856,51.72829],[58.71803,51.7264],[58.71656,51.72587],[58.71599,51.72536],[58.71395,51.72455],[58.71276,51.7227],[58.71414,51.72089],[58.71819,51.71808],[58.72165,51.71504],[58.73913,51.70619],[58.75,51.7076],[58.75204,51.70539],[58.74648,51.69978],[58.74982,51.69337],[58.75476,51.69487],[58.75908,51.69235],[58.7687,51.69378],[58.78053,51.69927],[58.78637,51.70344],[58.77709,51.68514],[58.7817,51.68386],[58.78217,51.68222],[58.78132,51.67945],[58.77844,51.67312],[58.78539,51.67215],[58.78426,51.65359],[58.78353,51.64247],[58.78301,51.63326],[58.79839,51.62118],[58.79596,51.60148],[58.77258,51.60279],[58.76763,51.55905],[58.74373,51.55604],[58.74139,51.55136],[58.72511,51.54958],[58.71533,51.54837],[58.70528,51.53976],[58.7139,51.53896],[58.71475,51.53288],[58.71023,51.52755],[58.69945,51.52839],[58.6887,51.52989],[58.68436,51.52928],[58.69581,51.51765],[58.6976,51.50752],[58.70842,51.50804],[58.72753,51.49745],[58.73685,51.49381],[58.74376,51.49098],[58.74547,51.49052],[58.74686,51.48994],[58.74757,51.48933],[58.74812,51.48804],[58.74832,51.48648],[58.74762,51.48453],[58.74612,51.48311],[58.74343,51.48273],[58.74123,51.48294],[58.73863,51.48276],[58.73765,51.48207],[58.73773,51.4806],[58.73883,51.47903],[58.74372,51.47812],[58.74595,51.47693],[58.74661,51.47591],[58.74701,51.47485],[58.74827,51.47409],[58.74966,51.47356],[58.75202,51.47348],[58.75365,51.47391],[58.76386,51.47419],[58.76838,51.46671],[58.77051,51.466],[58.77787,51.46117],[58.77027,51.45994],[58.76375,51.45869],[58.76267,51.45871],[58.76367,51.45667],[58.7636,51.45465],[58.76236,51.45062],[58.75905,51.44865],[58.7515,51.44876],[58.74611,51.44884],[58.74501,51.44819],[58.74165,51.44487],[58.74255,51.44014],[58.74565,51.43672],[58.74455,51.43606],[58.74234,51.43475],[58.74324,51.43002],[58.7486,51.42926],[58.75722,51.42913],[58.76464,51.42565],[58.76763,51.41954],[58.76648,51.41754],[58.76325,51.41758],[58.75681,51.41836],[58.75137,51.41709],[58.75229,51.41303],[58.76843,51.41211],[58.77042,51.40804],[58.76709,51.40539],[58.76152,51.40076],[58.76465,51.39802],[58.77214,51.39656],[58.77418,51.39383],[58.77836,51.3904],[58.78133,51.38361],[58.75831,51.37318],[58.76044,51.35961],[58.76619,51.35418],[58.76486,51.34747],[58.74975,51.34634],[58.74847,51.34097],[58.75668,51.32697],[58.75585,51.32487],[58.75319,51.32318],[58.74412,51.32013],[58.74381,51.32213],[58.7467,51.3241],[58.7425,51.32623],[58.7425,51.32864],[58.69744,51.33851],[58.68378,51.32167],[58.65646,51.31974],[58.62812,51.3243],[58.62719,51.31826],[58.54516,51.31629],[58.52489,51.3158],[58.51301,51.31576],[58.49546,51.31569],[58.48929,51.31437],[58.4812,51.31461],[58.42219,51.31801],[58.38218,51.31787],[58.38256,51.33783],[58.3513,51.33798],[58.33289,51.33669],[58.25719,51.33807],[58.22856,51.33679],[58.22836,51.32716],[58.22591,51.32418],[58.22047,51.32673],[58.22142,51.3224],[58.21707,51.32155],[58.21815,51.31627],[58.21566,51.31762],[58.21032,51.31122],[58.19668,51.31098],[58.19524,51.31095],[58.19407,51.31265],[58.19339,51.31363],[58.19058,51.31378],[58.18994,51.31382],[58.1884,51.31147],[58.19045,51.30891],[58.18893,51.30745],[58.18426,51.30819],[58.18047,51.30743],[58.1733,51.30353],[58.16592,51.30114],[58.16085,51.29537],[58.15847,51.29303],[58.15507,51.28967],[58.14285,51.28994],[58.13024,51.29237],[58.12432,51.29443],[58.12288,51.29431],[58.11909,51.29399],[58.11591,51.2914],[58.11464,51.28782],[58.1174,51.28416],[58.1193,51.28075],[58.12629,51.27792],[58.13123,51.27517],[58.14474,51.27092],[58.16928,51.26037],[58.19128,51.25373],[58.19825,51.25604],[58.1944,51.23632],[58.19773,51.22839],[58.19138,51.22809],[58.19066,51.21212],[58.17643,51.21089],[58.16368,51.16655],[58.15887,51.16669],[58.15283,51.15888],[58.15785,51.15634],[58.15666,51.15304],[58.16196,51.15003],[58.16598,51.14962],[58.16794,51.14587],[58.17828,51.14723],[58.19145,51.14593],[58.19153,51.14096],[58.15821,51.11513],[58.09094,51.0788],[58.08641,51.0828],[58.08383,51.08326],[58.08274,51.08353],[58.08176,51.084],[58.08102,51.08444],[58.0807,51.08504],[58.08073,51.08605],[58.08076,51.08704],[58.08128,51.08849],[58.08217,51.08953],[58.08283,51.09091],[58.08332,51.09234],[58.08373,51.09345],[58.08641,51.09626],[58.08869,51.0995],[58.09052,51.10491],[58.09048,51.10667],[58.09094,51.10823],[58.09086,51.10952],[58.09071,51.11171],[58.09079,51.11279],[58.09082,51.11408],[58.09031,51.11733],[58.08962,51.1191],[58.08882,51.12075],[58.08818,51.12114],[58.08733,51.12131],[58.08607,51.1213],[58.0849,51.1214],[58.08384,51.1215],[58.08166,51.12211],[58.08069,51.12243],[58.07759,51.12297],[58.07563,51.12307],[58.07374,51.12293],[58.0707,51.12196],[58.06844,51.12089],[58.0662,51.11988],[58.06496,51.11864],[58.06368,51.11673],[58.06155,51.11526],[58.0599,51.11374],[58.05782,51.11246],[58.05633,51.1116],[58.05424,51.111],[58.05062,51.11062],[58.04612,51.11011],[58.04167,51.10973],[58.03903,51.11024],[58.03719,51.11006],[58.03528,51.10937],[58.03267,51.10743],[58.0325,51.10637],[58.03145,51.10525],[58.02929,51.10391],[58.02726,51.10208],[58.0241,51.09779],[58.0205,51.09499],[58.015,51.09369],[58.00948,51.09225],[58.00721,51.09177],[58.00587,51.09137],[58.00405,51.09148],[58.00213,51.09175],[58.00115,51.09198],[58.00024,51.09294],[57.99922,51.09358],[57.99784,51.09402],[57.99603,51.09402],[57.99495,51.09392],[57.99379,51.09368],[57.99234,51.093],[57.99132,51.0925],[57.98969,51.09242],[57.98869,51.09259],[57.98342,51.09197],[57.98071,51.0921],[57.97816,51.09193],[57.97622,51.0917],[57.97449,51.09115],[57.9718,51.09093],[57.97084,51.09036],[57.96963,51.08994],[57.96664,51.08966],[57.96427,51.08909],[57.95708,51.08726],[57.95441,51.08668],[57.95156,51.08625],[57.94874,51.08625],[57.94664,51.08644],[57.94514,51.08701],[57.9417,51.08906],[57.93859,51.09112],[57.93484,51.09499],[57.92969,51.10113],[57.92701,51.10411],[57.92632,51.10613],[57.925,51.10793],[57.92374,51.11001],[57.92263,51.11226],[57.92205,51.11543],[57.92093,51.11719],[57.91904,51.11805],[57.91693,51.11822],[57.91584,51.11778],[57.91488,51.11639],[57.91252,51.11482],[57.9065,51.1131],[57.90471,51.11284],[57.90122,51.11263],[57.89733,51.11269],[57.89356,51.11212],[57.88987,51.1112],[57.88895,51.11091],[57.88696,51.1103],[57.886,51.10857],[57.88519,51.10589],[57.88346,51.10358],[57.88169,51.1017],[57.87899,51.10042],[57.8778,51.09982],[57.87637,51.0994],[57.87472,51.09924],[57.87372,51.0993],[57.86909,51.09897],[57.86694,51.09939],[57.86484,51.10095],[57.86154,51.10286],[57.8588,51.10398],[57.85678,51.10456],[57.8545,51.10469],[57.85158,51.10609],[57.85073,51.10674],[57.85061,51.10815],[57.85021,51.11005],[57.84879,51.11189],[57.84792,51.11238],[57.84706,51.11252],[57.84587,51.1123],[57.84486,51.11183],[57.84146,51.11126],[57.83888,51.11159],[57.83705,51.11214],[57.83547,51.11216],[57.83338,51.11256],[57.83051,51.11295],[57.82924,51.11318],[57.8285,51.11398],[57.82752,51.11551],[57.82723,51.11655],[57.82628,51.11754],[57.82583,51.1187],[57.82359,51.12128],[57.82337,51.1226],[57.82347,51.12498],[57.82258,51.12743],[57.82102,51.13023],[57.8169,51.1327],[57.81499,51.13402],[57.81412,51.13475],[57.81312,51.13589],[57.8129,51.13647],[57.81254,51.13807],[57.81223,51.13881],[57.81141,51.13917],[57.80978,51.13944],[57.80805,51.13946],[57.80674,51.13929],[57.80532,51.13898],[57.80268,51.13831],[57.79924,51.13872],[57.79176,51.13808],[57.78846,51.13833],[57.78613,51.14226],[57.79076,51.14953],[57.79452,51.15827],[57.73883,51.16318],[57.73908,51.16637],[57.725,51.23633],[57.71002,51.23772],[57.71189,51.25817],[57.79512,51.25309],[57.87069,51.2545],[57.87808,51.26191],[57.90113,51.27795],[57.92825,51.28046],[57.93539,51.28127],[57.95034,51.28146],[57.94729,51.33273],[57.97071,51.33915],[57.94004,51.34912],[57.94003,51.39823],[58.0152,51.39886],[58.01489,51.40464],[58.01292,51.42377],[58.01244,51.43836],[58.01197,51.45309],[58.03995,51.4587],[58.05654,51.46447],[58.07116,51.47112],[58.08517,51.47566],[58.09646,51.47795],[58.09827,51.47662],[58.10059,51.47603],[58.10489,51.47538],[58.10865,51.474],[58.11,51.47121],[58.12652,51.47107],[58.12901,51.4676],[58.13457,51.46788],[58.13471,51.47126],[58.13905,51.47186],[58.14453,51.47577],[58.14453,51.47842],[58.14776,51.48061],[58.15081,51.48057],[58.1576,51.48031],[58.1713,51.48278],[58.17894,51.48476],[58.18587,51.49276],[58.1908,51.49408],[58.19598,51.49456],[58.19607,51.49608],[58.19987,51.49607],[58.20555,51.49784],[58.20564,51.49833],[58.20729,51.49919],[58.20868,51.49797],[58.21085,51.49595],[58.21172,51.49534],[58.21292,51.49506],[58.21387,51.49573],[58.21409,51.49705],[58.21556,51.50475],[58.21665,51.50415],[58.21716,51.50451],[58.21831,51.50459],[58.21876,51.50554],[58.21966,51.50535],[58.22049,51.50574],[58.22241,51.5059],[58.22278,51.50697],[58.22305,51.51263],[58.22087,51.51299],[58.22055,51.51889],[58.22362,51.52036],[58.22957,51.52088],[58.22977,51.52394],[58.23194,51.52418],[58.23367,51.52494],[58.2338,51.52577],[58.23521,51.5274],[58.24308,51.52816],[58.2448,51.5292],[58.26259,51.53238],[58.26253,51.53346],[58.25632,51.53612],[58.25408,51.53943],[58.25498,51.5442],[58.25191,51.55017],[58.24794,51.54929],[58.25024,51.54882],[58.25197,51.54647],[58.25171,51.53939],[58.23258,51.53927],[58.23265,51.53612],[58.23169,51.53437],[58.23469,51.53282],[58.23425,51.52836],[58.23124,51.52844],[58.22983,51.52545],[58.22548,51.52474],[58.22266,51.52072],[58.2091,51.5198],[58.20788,51.51825],[58.20635,51.51821],[58.20587,51.51697],[58.19685,51.5166],[58.19918,51.51478],[58.19703,51.51408],[58.19264,51.51587],[58.14599,51.51856],[58.14546,51.52118],[58.14101,51.52149],[58.13823,51.51826],[58.13001,51.51623],[58.12197,51.50757],[58.11506,51.49434],[58.10731,51.49636],[58.09391,51.52344],[58.09609,51.57082],[58.09527,51.57346],[58.09458,51.57833],[58.09961,51.58169],[58.10429,51.58707],[58.10616,51.60145],[58.09436,51.60392],[58.09257,51.61068],[58.09934,51.61748],[58.09877,51.62202],[58.10241,51.62497],[58.10408,51.64251],[58.10411,51.64828],[58.10325,51.65333],[58.10545,51.65554],[58.14298,51.68183],[58.1451,51.7172],[58.14551,51.72411],[58.14742,51.72357],[58.15059,51.72211],[58.15403,51.7191],[58.15738,51.71928],[58.15936,51.71816],[58.1615,51.71876],[58.16466,51.71837],[58.16571,51.71979],[58.16863,51.71962],[58.17009,51.72065],[58.17516,51.72297],[58.18143,51.72452],[58.18418,51.72615],[58.18469,51.72787],[58.18392,51.72997],[58.18564,51.73494],[58.1883,51.73341],[58.19302,51.73323],[58.19964,51.73375],[58.20505,51.73504],[58.22669,51.73478],[58.25727,51.73349],[58.2577,51.74045],[58.25856,51.74483],[58.25873,51.75078],[58.26681,51.75112],[58.2778,51.75104],[58.28725,51.75164],[58.31345,51.75226],[58.31989,51.77891],[58.32075,51.77942],[58.32375,51.77848],[58.32908,51.77857],[58.32916,51.77023],[58.34394,51.77041],[58.36022,51.77005],[58.36773,51.76989],[58.38542,51.77041],[58.3959,51.77127],[58.40346,51.77135],[58.40329,51.77857],[58.42305,51.77857],[58.44675,51.77943],[58.48944,51.77925],[58.48987,51.77084],[58.49846,51.77015],[58.5299,51.77067],[58.57491,51.7717],[58.57387,51.79012],[58.57473,51.82703],[58.61545,51.82652],[58.6169,51.84724],[58.61914,51.87511],[58.61579,51.87726],[58.61364,51.88035],[58.61441,51.88475],[58.65536,51.86473],[58.66975,51.85976],[58.67694,51.85087],[58.66806,51.84382],[58.65832,51.83806],[58.6634,51.82865],[58.67652,51.82028],[58.68879,51.80772],[58.69514,51.78809],[58.70868,51.77893],[58.73281,51.77867],[58.77925,51.7732]]]}},{"type":"Feature","properties":{"oktmo":"53615000","name":"Грачёвский муниципальный район","type":"муниципальный район","center":"с Грачёвка"},"geometry":{"type":"Polygon","coordinates":[[[52.82094,52.74122],[52.77937,52.73281],[52.78108,52.74952],[52.76943,52.74961],[52.7556,52.73801],[52.74955,52.74032],[52.76212,52.75641],[52.77773,52.76315],[52.77768,52.76608],[52.77197,52.76955],[52.77124,52.77099],[52.77198,52.77215],[52.78026,52.77174],[52.78049,52.77248],[52.74874,52.80479],[52.7373,52.81689],[52.7355,52.81548],[52.73197,52.81775],[52.72959,52.81714],[52.72639,52.81894],[52.72609,52.82041],[52.72489,52.82083],[52.72503,52.82167],[52.7318,52.82287],[52.70624,52.84607],[52.66945,52.83245],[52.62347,52.8771],[52.6202,52.88076],[52.61727,52.8842],[52.62005,52.88926],[52.6221,52.88972],[52.6239,52.89183],[52.62756,52.89178],[52.63343,52.89518],[52.6356,52.89758],[52.64186,52.90127],[52.64637,52.90202],[52.64716,52.90045],[52.65046,52.90046],[52.65302,52.90157],[52.65306,52.9025],[52.65642,52.90501],[52.6569,52.9073],[52.65988,52.9084],[52.66527,52.93371],[52.66654,52.94392],[52.68026,53.00515],[52.68056,53.00666],[52.68352,53.00937],[52.70616,53.00736],[52.70941,53.00635],[52.71971,53.00655],[52.74764,53.00388],[52.7703,53.10108],[52.75558,53.10333],[52.76316,53.12194],[52.76458,53.12813],[52.76749,53.13074],[52.77406,53.14318],[52.77674,53.14485],[52.80891,53.14289],[52.81402,53.167],[52.8144,53.16984],[52.80877,53.16981],[52.78338,53.17215],[52.77942,53.17857],[52.77579,53.18616],[52.77395,53.1885],[52.77401,53.19321],[52.77328,53.19425],[52.77331,53.19562],[52.77058,53.20112],[52.76821,53.20391],[52.76751,53.20592],[52.76892,53.20625],[52.77286,53.20493],[52.77413,53.20578],[52.77776,53.20578],[52.77832,53.20489],[52.77862,53.20441],[52.7806,53.20408],[52.78107,53.20358],[52.78229,53.20393],[52.78269,53.20297],[52.78514,53.20237],[52.7873,53.2028],[52.78853,53.20259],[52.79417,53.2041],[52.79508,53.2032],[52.79697,53.20324],[52.79853,53.20505],[52.80065,53.21607],[52.80154,53.2265],[52.81728,53.22629],[52.82018,53.22569],[52.89692,53.22185],[52.90328,53.20815],[52.91188,53.20474],[52.92281,53.20147],[52.93774,53.20057],[52.9429,53.1998],[52.95182,53.19746],[52.96791,53.19166],[52.9688,53.19427],[53.02859,53.18984],[53.02563,53.1762],[53.05024,53.17453],[53.07635,53.17874],[53.10023,53.18342],[53.11674,53.18516],[53.1587,53.18302],[53.19842,53.18556],[53.27767,53.1795],[53.27611,53.17221],[53.34566,53.14072],[53.37485,53.12779],[53.40666,53.09389],[53.39786,53.08703],[53.38562,53.08107],[53.36738,53.06458],[53.35172,53.05027],[53.34892,53.0439],[53.34885,53.04164],[53.34788,53.03932],[53.34901,53.03856],[53.34861,53.03233],[53.37666,53.02701],[53.3539,52.98227],[53.32554,52.98774],[53.32189,52.98009],[53.26372,52.99047],[53.24858,53.00394],[53.24615,53.01718],[53.21108,53.0019],[53.19694,52.99028],[53.17254,52.98876],[53.16564,52.98307],[53.16078,52.9765],[53.15485,52.97364],[53.14406,52.97442],[53.13283,52.97306],[53.11794,52.96318],[53.11066,52.95562],[53.13557,52.94366],[53.13811,52.93714],[53.13466,52.93242],[53.13468,52.9307],[53.13614,52.9295],[53.13943,52.9296],[53.14375,52.92761],[53.14925,52.92627],[53.15184,52.92634],[53.15411,52.92833],[53.15686,52.92852],[53.15993,52.92797],[53.16949,52.93109],[53.17245,52.92891],[53.17504,52.92891],[53.18012,52.93132],[53.18568,52.93129],[53.18731,52.92974],[53.18843,52.91027],[53.21247,52.90382],[53.2111,52.90298],[53.20842,52.90305],[53.20825,52.90207],[53.20318,52.9021],[53.20118,52.90064],[53.20124,52.89933],[53.19908,52.89901],[53.19757,52.89126],[53.19886,52.88859],[53.1953,52.8867],[53.18708,52.88565],[53.18878,52.8714],[53.18274,52.8388],[53.1776,52.81604],[53.17302,52.78336],[53.15893,52.78408],[53.12131,52.78725],[53.12089,52.78343],[53.12321,52.78147],[53.13103,52.77651],[53.13098,52.77556],[53.13535,52.77292],[53.13142,52.75794],[53.12252,52.75543],[53.11717,52.75201],[53.09275,52.75035],[53.07232,52.75158],[53.04231,52.7535],[53.01518,52.75569],[52.99481,52.75764],[52.97857,52.7598],[52.94995,52.76111],[52.93942,52.76162],[52.91245,52.76399],[52.91141,52.7646],[52.91104,52.76715],[52.90851,52.76825],[52.90517,52.76905],[52.90273,52.76811],[52.89611,52.76808],[52.89591,52.77289],[52.89542,52.77326],[52.89315,52.77326],[52.891,52.77265],[52.88801,52.77035],[52.88642,52.77075],[52.88556,52.77159],[52.88292,52.7706],[52.88013,52.77138],[52.87895,52.77317],[52.87551,52.77406],[52.86417,52.76917],[52.86413,52.76699],[52.85689,52.76788],[52.85419,52.76776],[52.84824,52.7638],[52.84924,52.74831],[52.83425,52.74452],[52.82094,52.74122]]]}},{"type":"Feature","properties":{"oktmo":"53617000","name":"Домбаровский муниципальный район","type":"муниципальный район","center":"п Домбаровский"},"geometry":{"type":"Polygon","coordinates":[[[59.30104,51.16797],[59.30399,51.16776],[59.246,50.97393],[59.24247,50.96231],[59.24527,50.95989],[59.25015,50.95894],[59.25175,50.94981],[59.25019,50.94284],[59.25647,50.9316],[59.25615,50.92752],[59.26067,50.92093],[59.26667,50.91796],[59.27967,50.92411],[59.29293,50.92922],[59.296,50.92763],[59.28999,50.91537],[59.29195,50.91331],[59.29718,50.91283],[59.31247,50.91932],[59.31597,50.91777],[59.31717,50.91088],[59.32235,50.90379],[59.32887,50.89904],[59.33466,50.89885],[59.33817,50.89998],[59.34384,50.89754],[59.35157,50.88378],[59.37165,50.87667],[59.3805,50.88215],[59.39739,50.88381],[59.40248,50.88704],[59.40714,50.88885],[59.42859,50.88848],[59.44301,50.90801],[59.45099,50.90484],[59.4575,50.89955],[59.46103,50.88918],[59.46356,50.88569],[59.4779,50.88753],[59.48027,50.89392],[59.4964,50.891],[59.51093,50.89617],[59.51801,50.89513],[59.52246,50.89657],[59.52532,50.90233],[59.52511,50.90592],[59.53218,50.90681],[59.53363,50.90903],[59.53011,51.01214],[59.5576,51.02957],[59.57431,51.03707],[59.59575,51.04246],[59.59729,51.05787],[59.65923,51.06935],[59.66067,51.06368],[59.67356,51.05967],[59.68892,51.05592],[59.69751,51.04998],[59.75598,51.03094],[59.77016,51.03296],[59.77061,51.02909],[59.76907,51.0277],[59.76869,51.02622],[59.76952,51.02473],[59.76979,51.0233],[59.7677,51.02176],[59.76313,51.01363],[59.76231,51.01069],[59.75791,51.00647],[59.75733,51.00384],[59.75544,51.00221],[59.75447,50.99764],[59.74954,50.99294],[59.75028,50.99089],[59.74468,50.98006],[59.74417,50.97348],[59.73463,50.96149],[59.73066,50.95736],[59.73019,50.95413],[59.72402,50.94951],[59.72007,50.94976],[59.71942,50.94859],[59.7188,50.94851],[59.71707,50.94886],[59.7096,50.94663],[59.70891,50.94536],[59.70514,50.94511],[59.70105,50.94379],[59.69967,50.94228],[59.70916,50.93455],[59.71327,50.93289],[59.7136,50.92878],[59.71948,50.92611],[59.67714,50.89557],[59.70957,50.88152],[59.73589,50.85602],[59.78874,50.84404],[59.79143,50.83239],[59.83264,50.82777],[59.89994,50.82287],[59.90887,50.84668],[59.92704,50.84451],[59.94082,50.85876],[60.03584,50.84537],[60.0149,50.82212],[59.97275,50.7687],[59.99751,50.67485],[59.99331,50.67332],[59.98003,50.66814],[59.96481,50.66251],[59.96091,50.66094],[59.92929,50.64594],[59.90984,50.63633],[59.9062,50.63387],[59.90536,50.63301],[59.87069,50.6069],[59.86684,50.60379],[59.862,50.59888],[59.81318,50.53551],[59.77614,50.54095],[59.72924,50.538],[59.69177,50.53564],[59.6314,50.53179],[59.61525,50.53078],[59.60491,50.52731],[59.6009,50.52597],[59.58483,50.52059],[59.56978,50.51554],[59.55093,50.50922],[59.53179,50.50279],[59.50952,50.49531],[59.51223,50.50782],[59.51538,50.52231],[59.51668,50.52827],[59.49804,50.53303],[59.47402,50.53916],[59.46018,50.5427],[59.45727,50.54356],[59.45725,50.54451],[59.45751,50.54517],[59.45747,50.54596],[59.45718,50.54669],[59.45709,50.54729],[59.45772,50.54798],[59.4586,50.54847],[59.45989,50.54873],[59.46061,50.54912],[59.46074,50.54964],[59.46059,50.55041],[59.46078,50.55119],[59.46222,50.55308],[59.46278,50.55362],[59.46249,50.55428],[59.46299,50.55549],[59.46225,50.55621],[59.46256,50.55686],[59.46231,50.55746],[59.46274,50.55823],[59.46292,50.55913],[59.4636,50.56119],[59.46524,50.56288],[59.46507,50.5644],[59.46674,50.56682],[59.46687,50.56788],[59.46758,50.56878],[59.46741,50.56961],[59.46678,50.57026],[59.46303,50.5727],[59.46288,50.57349],[59.46318,50.57452],[59.46397,50.57578],[59.46384,50.57651],[59.46303,50.57701],[59.46281,50.57779],[59.46322,50.57864],[59.46292,50.57929],[59.46172,50.57986],[59.46172,50.58059],[59.46277,50.58163],[59.46322,50.58275],[59.46293,50.58428],[59.46403,50.58417],[59.46683,50.58388],[59.48061,50.58248],[59.49368,50.58115],[59.51396,50.57908],[59.52801,50.57765],[59.54733,50.57568],[59.56814,50.57356],[59.56882,50.57349],[59.56901,50.57421],[59.5686,50.57476],[59.5677,50.57544],[59.56658,50.57563],[59.5662,50.57656],[59.5665,50.57751],[59.5677,50.57893],[59.56834,50.57983],[59.56933,50.58135],[59.5692,50.58182],[59.56813,50.58321],[59.56783,50.58435],[59.5683,50.58566],[59.56753,50.5864],[59.56615,50.58732],[59.56427,50.58776],[59.56298,50.58743],[59.56229,50.58675],[59.56105,50.58675],[59.55894,50.58757],[59.55843,50.58869],[59.55662,50.5907],[59.55547,50.59108],[59.55388,50.59171],[59.55208,50.59356],[59.55208,50.59454],[59.55208,50.59569],[59.55015,50.59716],[59.54839,50.5974],[59.54766,50.59844],[59.54671,50.5992],[59.54607,50.60018],[59.54551,50.60113],[59.54469,50.60274],[59.54418,50.6034],[59.54298,50.60413],[59.54195,50.60446],[59.54071,50.60457],[59.53976,50.60522],[59.53925,50.60569],[59.53787,50.60658],[59.53723,50.60748],[59.53705,50.60794],[59.53687,50.60827],[59.53707,50.60864],[59.53748,50.60888],[59.53677,50.609],[59.51283,50.61125],[59.50259,50.61222],[59.49624,50.62019],[59.48889,50.62943],[59.4793,50.64148],[59.46549,50.64225],[59.46447,50.64231],[59.46385,50.64267],[59.46332,50.64247],[59.46249,50.64245],[59.46147,50.6427],[59.4615,50.64362],[59.461,50.64402],[59.46035,50.64429],[59.45889,50.6443],[59.45788,50.64449],[59.45572,50.64545],[59.45439,50.6453],[59.45308,50.6453],[59.45185,50.64568],[59.45102,50.64564],[59.45036,50.6454],[59.44787,50.64458],[59.44578,50.6446],[59.44475,50.64428],[59.44407,50.6433],[59.44332,50.64295],[59.44181,50.64277],[59.44075,50.64222],[59.4395,50.64186],[59.43812,50.64225],[59.43723,50.64199],[59.43685,50.64102],[59.43565,50.64035],[59.43334,50.63997],[59.43124,50.63912],[59.4296,50.63896],[59.42839,50.63916],[59.42702,50.63953],[59.42623,50.63934],[59.42468,50.63943],[59.42395,50.63923],[59.42326,50.63879],[59.42244,50.63857],[59.4215,50.63783],[59.4186,50.63688],[59.41801,50.63673],[59.41695,50.63676],[59.41504,50.63809],[59.41443,50.63809],[59.41342,50.63787],[59.41232,50.63792],[59.41095,50.63834],[59.41026,50.63935],[59.40959,50.63945],[59.40822,50.63916],[59.40695,50.63948],[59.40544,50.63923],[59.40462,50.63924],[59.40353,50.63939],[59.40283,50.63923],[59.40191,50.63906],[59.40141,50.63927],[59.39986,50.63986],[59.39878,50.64063],[59.39812,50.64046],[59.39709,50.64007],[59.39635,50.64015],[59.39612,50.64046],[59.39561,50.64051],[59.39548,50.64013],[59.39507,50.63981],[59.39345,50.64007],[59.39254,50.6404],[59.39208,50.64059],[59.39091,50.64065],[59.39006,50.64097],[59.38941,50.64103],[59.389,50.6408],[59.38822,50.6409],[59.37621,50.64252],[59.35304,50.64563],[59.33781,50.64768],[59.2984,50.65297],[59.29391,50.64857],[59.28746,50.64225],[59.27858,50.63355],[59.26178,50.64516],[59.24154,50.65913],[59.23424,50.66417],[59.20627,50.66745],[59.19305,50.67274],[59.18914,50.67217],[59.17929,50.67071],[59.17645,50.67029],[59.16169,50.66812],[59.16046,50.6685],[59.1407,50.67468],[59.12581,50.67934],[59.11489,50.68275],[59.11389,50.68306],[59.08858,50.67711],[59.08742,50.67742],[59.07482,50.68086],[59.05126,50.68728],[59.04191,50.68983],[59.03713,50.68905],[59.03133,50.6881],[59.0229,50.68882],[59.01687,50.68933],[58.98164,50.69233],[58.9109,50.69548],[58.8743,50.69982],[58.87799,50.70766],[58.86884,50.708],[58.86191,50.71673],[58.86236,50.71823],[58.86213,50.71877],[58.86112,50.7194],[58.86067,50.72001],[58.85966,50.72053],[58.859,50.72052],[58.85813,50.72026],[58.8571,50.72025],[58.85592,50.72069],[58.85378,50.72125],[58.85185,50.72172],[58.85142,50.72244],[58.85254,50.72289],[58.85378,50.72308],[58.85423,50.72358],[58.85279,50.72492],[58.85202,50.72568],[58.85099,50.726],[58.84973,50.72577],[58.84809,50.72634],[58.84766,50.72706],[58.84789,50.72736],[58.84879,50.72771],[58.84913,50.72809],[58.84903,50.72874],[58.84801,50.72931],[58.8477,50.72959],[58.84784,50.73004],[58.84819,50.73047],[58.84821,50.73092],[58.8484,50.73141],[58.84751,50.73193],[58.84716,50.73285],[58.84652,50.73338],[58.84634,50.73418],[58.84722,50.73477],[58.84738,50.73575],[58.84772,50.7365],[58.84843,50.73668],[58.84894,50.73714],[58.85055,50.73844],[58.85086,50.73897],[58.85061,50.73944],[58.84995,50.74011],[58.85023,50.74148],[58.85133,50.7421],[58.85131,50.74289],[58.85092,50.74329],[58.85062,50.74394],[58.84985,50.7442],[58.84973,50.74496],[58.84933,50.74555],[58.84947,50.74627],[58.84914,50.74674],[58.84853,50.74762],[58.84789,50.74819],[58.8476,50.74948],[58.84868,50.75028],[58.84989,50.7505],[58.85023,50.75097],[58.84983,50.75139],[58.84892,50.75148],[58.84837,50.75174],[58.84737,50.75261],[58.8472,50.75344],[58.8475,50.7541],[58.84697,50.75565],[58.84536,50.75687],[58.84289,50.75736],[58.84201,50.75781],[58.84026,50.75791],[58.83951,50.75952],[58.8376,50.7604],[58.83727,50.7611],[58.83625,50.76115],[58.83543,50.76129],[58.83561,50.76169],[58.83562,50.76214],[58.83508,50.76261],[58.83319,50.76275],[58.83252,50.76315],[58.83192,50.76452],[58.83246,50.7651],[58.83263,50.76568],[58.83217,50.76606],[58.83068,50.76623],[58.82977,50.76644],[58.82886,50.76748],[58.82856,50.76813],[58.82773,50.76859],[58.82714,50.76839],[58.82647,50.76798],[58.82532,50.76763],[58.82481,50.76769],[58.82437,50.76908],[58.82393,50.76937],[58.82344,50.76904],[58.82255,50.76887],[58.82026,50.76928],[58.81962,50.76925],[58.81839,50.76861],[58.81734,50.76861],[58.81697,50.76899],[58.81137,50.77474],[58.80666,50.77957],[58.80104,50.7857],[58.78579,50.80231],[58.77958,50.80909],[58.77443,50.81469],[58.75105,50.8135],[58.6564,50.80864],[58.6584,50.81823],[58.6636,50.84156],[58.68669,50.84737],[58.69646,50.84819],[58.68818,50.88563],[58.63682,50.88005],[58.59359,50.86933],[58.57861,50.93983],[58.60453,50.94694],[58.59424,50.97144],[58.64225,50.98752],[58.63133,51.00191],[58.61247,51.02676],[58.6181,51.03149],[58.61569,51.04127],[58.61417,51.0474],[58.65626,51.0585],[58.68099,51.05569],[58.71644,51.05163],[58.7325,51.0376],[58.76379,51.04854],[58.84945,51.04551],[58.94219,51.01227],[58.9854,51.01128],[58.98601,51.01013],[58.99923,51.01018],[59.01219,51.01084],[59.03394,51.01341],[59.04667,51.01288],[59.05437,51.04877],[59.08171,51.04447],[59.08492,51.07535],[59.0768,51.07911],[59.06719,51.08045],[59.06783,51.09293],[59.07744,51.09709],[59.08363,51.10299],[59.07808,51.10594],[59.06676,51.10393],[59.06282,51.12068],[59.07661,51.12365],[59.07918,51.12794],[59.09654,51.12333],[59.21517,51.11038],[59.23463,51.17423],[59.27987,51.17026],[59.30104,51.16797]]]}},{"type":"Feature","properties":{"oktmo":"53755000","name":"ЗАТО поселок Комаровский","type":"городской округ","center":"п Комаровский"},"geometry":{"type":"Polygon","coordinates":[[[59.8005,51.01872],[59.79206,51.02055],[59.79002,51.02368],[59.79348,51.02789],[59.79189,51.03262],[59.79924,51.03223],[59.81157,51.03114],[59.83014,51.03011],[59.84251,51.03067],[59.84051,51.03648],[59.83155,51.0421],[59.83161,51.04722],[59.85016,51.06083],[59.87597,51.06088],[59.88508,51.05522],[59.87174,51.04673],[59.86039,51.0468],[59.85991,51.04467],[59.8586,51.0391],[59.85544,51.03086],[59.85959,51.03078],[59.86043,51.03213],[59.8622,51.03264],[59.86294,51.03369],[59.86784,51.03259],[59.86982,51.03529],[59.87361,51.03434],[59.87256,51.03292],[59.87585,51.03199],[59.87571,51.03028],[59.87462,51.02864],[59.87586,51.02829],[59.88166,51.02837],[59.88172,51.02532],[59.87166,51.02193],[59.86046,51.01911],[59.8443,51.02475],[59.83861,51.0224],[59.83898,51.02059],[59.8254,51.0169],[59.82198,51.01254],[59.81117,51.01445],[59.80862,51.01741],[59.80315,51.01882],[59.8005,51.01872]]]}},{"type":"Feature","properties":{"oktmo":"53619000","name":"Илекский муниципальный район","type":"муниципальный район","center":"с Илек"},"geometry":{"type":"Polygon","coordinates":[[[53.91423,51.73381],[53.93145,51.72177],[53.9401,51.71947],[53.95406,51.70603],[53.96612,51.70771],[53.97377,51.70054],[53.96798,51.69784],[53.96676,51.69454],[53.98909,51.67871],[53.98987,51.67112],[53.98662,51.66181],[53.98801,51.65926],[53.99438,51.65388],[54.01479,51.64081],[54.01911,51.64031],[54.02441,51.64091],[54.03799,51.64493],[54.04629,51.64422],[54.06635,51.6472],[54.07465,51.6456],[54.09459,51.65122],[54.10327,51.65081],[54.10729,51.64764],[54.10725,51.64381],[54.10088,51.63761],[54.09976,51.63458],[54.10404,51.63178],[54.11116,51.63195],[54.1179,51.63774],[54.11773,51.64088],[54.11545,51.64391],[54.11599,51.6476],[54.11868,51.65051],[54.12307,51.65325],[54.1357,51.65449],[54.15348,51.65514],[54.15945,51.65651],[54.16456,51.65449],[54.16988,51.65421],[54.17548,51.6562],[54.19265,51.66133],[54.1988,51.6615],[54.20606,51.65922],[54.2123,51.6582],[54.21937,51.65888],[54.22405,51.66161],[54.2235,51.66435],[54.22212,51.66685],[54.21671,51.66896],[54.21712,51.6715],[54.21757,51.67329],[54.21773,51.67482],[54.21761,51.67603],[54.21946,51.67763],[54.21918,51.67815],[54.22074,51.67923],[54.22398,51.67896],[54.2339,51.67624],[54.23817,51.67356],[54.24104,51.6704],[54.23782,51.66596],[54.23764,51.66152],[54.23872,51.65866],[54.24254,51.65575],[54.24613,51.65414],[54.25123,51.65381],[54.25314,51.65393],[54.25476,51.65465],[54.25714,51.65659],[54.25707,51.65943],[54.25366,51.66536],[54.25278,51.66815],[54.25349,51.67056],[54.26018,51.65983],[54.25989,51.65583],[54.26345,51.65361],[54.262,51.65296],[54.25826,51.6538],[54.25613,51.65304],[54.25512,51.64896],[54.25465,51.64635],[54.25483,51.64527],[54.25018,51.64131],[54.24339,51.64118],[54.23915,51.6357],[54.23429,51.63395],[54.23194,51.63213],[54.23183,51.63058],[54.22292,51.62929],[54.22191,51.63362],[54.21208,51.63402],[54.20173,51.63529],[54.19398,51.6363],[54.1891,51.63609],[54.18899,51.60926],[54.18383,51.60859],[54.18009,51.60902],[54.17547,51.60971],[54.17351,51.60953],[54.16962,51.60923],[54.16205,51.6093],[54.14805,51.60866],[54.14156,51.60752],[54.14115,51.60828],[54.14259,51.60958],[54.14305,51.61133],[54.14325,51.61313],[54.14172,51.61333],[54.13814,51.61298],[54.1363,51.61494],[54.13405,51.61434],[54.13221,51.61444],[54.12966,51.61383],[54.12741,51.61526],[54.12455,51.61523],[54.12276,51.6139],[54.12118,51.61317],[54.11969,51.6151],[54.11438,51.61437],[54.11121,51.61282],[54.11004,51.61158],[54.10728,51.61107],[54.10518,51.60974],[54.10258,51.60971],[54.09798,51.60939],[54.09491,51.6086],[54.0896,51.6098],[54.08806,51.61075],[54.08515,51.61196],[54.08127,51.61244],[54.07116,51.61116],[54.05656,51.61915],[54.05598,51.60245],[54.05582,51.58982],[54.05951,51.58928],[54.06399,51.59042],[54.06305,51.59316],[54.06782,51.59388],[54.0702,51.59157],[54.08697,51.59509],[54.09001,51.59114],[54.10611,51.59416],[54.10837,51.59428],[54.12019,51.59004],[54.12235,51.5892],[54.12358,51.58837],[54.12377,51.58688],[54.12466,51.58655],[54.12678,51.58647],[54.13194,51.57716],[54.13604,51.5756],[54.14368,51.5771],[54.145,51.57757],[54.15278,51.58145],[54.1533,51.58111],[54.15353,51.58073],[54.15368,51.58031],[54.1536,51.57985],[54.15399,51.57947],[54.15542,51.57894],[54.1567,51.57865],[54.15731,51.57851],[54.15819,51.5783],[54.15843,51.57793],[54.15799,51.57751],[54.15724,51.57724],[54.15646,51.57712],[54.1557,51.57699],[54.15512,51.57698],[54.15446,51.57674],[54.15386,51.57656],[54.1532,51.57654],[54.15275,51.57611],[54.15244,51.57561],[54.15246,51.57528],[54.1527,51.57489],[54.15286,51.57426],[54.15316,51.57383],[54.15364,51.57349],[54.15458,51.57297],[54.15583,51.5724],[54.15639,51.57229],[54.1569,51.57206],[54.15756,51.57176],[54.15832,51.57179],[54.1595,51.57192],[54.16015,51.57176],[54.16053,51.57154],[54.16084,51.57117],[54.16082,51.57066],[54.16065,51.57025],[54.16033,51.56994],[54.15981,51.56952],[54.15906,51.56939],[54.15821,51.56916],[54.15745,51.56889],[54.15662,51.56853],[54.15599,51.56826],[54.15542,51.56796],[54.15508,51.56765],[54.15489,51.56716],[54.15544,51.56666],[54.15572,51.56627],[54.1561,51.5658],[54.1566,51.56524],[54.157,51.5648],[54.15665,51.56423],[54.15672,51.56388],[54.15714,51.56369],[54.15714,51.56337],[54.15689,51.56289],[54.15658,51.5625],[54.15595,51.56218],[54.15524,51.56191],[54.15457,51.56185],[54.15367,51.56183],[54.15295,51.56175],[54.15218,51.56169],[54.15146,51.56173],[54.15067,51.5619],[54.15006,51.56217],[54.14859,51.56259],[54.14805,51.56264],[54.14751,51.56268],[54.14702,51.56258],[54.1466,51.56217],[54.14661,51.56181],[54.1466,51.56144],[54.14688,51.561],[54.14733,51.56051],[54.1475,51.56004],[54.14803,51.55939],[54.14823,51.5591],[54.14865,51.55866],[54.14885,51.55832],[54.14897,51.55783],[54.14884,51.55718],[54.14862,51.55685],[54.14825,51.55663],[54.14795,51.55623],[54.14759,51.55578],[54.14767,51.55533],[54.14836,51.55502],[54.14858,51.55469],[54.14851,51.55431],[54.14883,51.554],[54.14955,51.5537],[54.15048,51.55339],[54.15171,51.55359],[54.15236,51.55398],[54.15275,51.55422],[54.15327,51.55425],[54.15371,51.55389],[54.15442,51.55362],[54.15483,51.55336],[54.15527,51.55302],[54.15566,51.55256],[54.15615,51.552],[54.15635,51.55113],[54.15593,51.55075],[54.15591,51.55019],[54.15555,51.54968],[54.15544,51.54919],[54.15497,51.54896],[54.15409,51.54872],[54.1534,51.54851],[54.15286,51.54855],[54.15242,51.54906],[54.1517,51.54991],[54.15081,51.5503],[54.14981,51.55037],[54.14853,51.5507],[54.14805,51.55027],[54.14766,51.54942],[54.14758,51.54875],[54.14681,51.54796],[54.1467,51.54749],[54.147,51.54706],[54.14783,51.54692],[54.14912,51.5467],[54.14945,51.54636],[54.14934,51.54564],[54.14928,51.54451],[54.14956,51.54378],[54.15173,51.54243],[54.15203,51.54207],[54.15228,51.54156],[54.15204,51.54099],[54.15123,51.54],[54.15173,51.53923],[54.15211,51.53809],[54.15291,51.53776],[54.15387,51.53766],[54.15475,51.53829],[54.16002,51.53928],[54.16387,51.54047],[54.16314,51.54191],[54.17104,51.54439],[54.17959,51.54643],[54.18495,51.54737],[54.18554,51.54734],[54.1875,51.54505],[54.19384,51.54652],[54.19489,51.54603],[54.19682,51.546],[54.20002,51.54668],[54.19484,51.55498],[54.18946,51.56301],[54.21693,51.56952],[54.21389,51.57486],[54.20684,51.58627],[54.17943,51.5838],[54.17873,51.58947],[54.18401,51.58999],[54.18348,51.59306],[54.19577,51.59463],[54.19273,51.60505],[54.20206,51.60501],[54.21154,51.60481],[54.21132,51.60586],[54.22088,51.60558],[54.22166,51.6065],[54.22616,51.60729],[54.22735,51.6057],[54.23978,51.60717],[54.23499,51.614],[54.21942,51.618],[54.21725,51.62166],[54.21882,51.62334],[54.22215,51.62368],[54.2276,51.62425],[54.23078,51.62495],[54.23763,51.62368],[54.24007,51.62019],[54.2439,51.61626],[54.25653,51.61838],[54.25801,51.61725],[54.26986,51.61912],[54.27293,51.62001],[54.27545,51.61847],[54.2778,51.61602],[54.2792,51.61266],[54.27942,51.60722],[54.27938,51.60003],[54.28777,51.60091],[54.29165,51.60196],[54.33237,51.53277],[54.36008,51.48746],[54.36671,51.48546],[54.37424,51.48475],[54.389,51.46034],[54.3515,51.45201],[54.35573,51.44449],[54.36767,51.44676],[54.37676,51.44761],[54.37549,51.44326],[54.37493,51.44138],[54.37535,51.43964],[54.37351,51.43776],[54.37363,51.43489],[54.37703,51.43271],[54.37979,51.4322],[54.38167,51.43176],[54.38,51.42862],[54.37838,51.425],[54.39375,51.41768],[54.44075,51.42258],[54.46868,51.42355],[54.47415,51.41473],[54.48057,51.40993],[54.49053,51.41197],[54.50292,51.4077],[54.41607,51.36136],[54.37506,51.33294],[54.34616,51.32025],[54.25704,51.31896],[54.25679,51.31073],[54.22544,51.28803],[54.21783,51.27462],[54.21347,51.27507],[54.20897,51.27384],[54.20306,51.27374],[54.19702,51.27034],[54.1941,51.27133],[54.19246,51.27125],[54.19046,51.27063],[54.18852,51.26957],[54.18618,51.26745],[54.18608,51.26658],[54.18424,51.26536],[54.1824,51.2648],[54.1815,51.26353],[54.18314,51.26237],[54.1826,51.26069],[54.18135,51.25941],[54.17797,51.25461],[54.17697,51.25399],[54.17712,51.25271],[54.17794,51.2524],[54.17901,51.25246],[54.17991,51.25187],[54.1776,51.24926],[54.17591,51.24813],[54.16882,51.24514],[54.12393,51.26183],[54.12883,51.30189],[54.09472,51.30236],[54.07667,51.30216],[54.06672,51.26838],[54.03881,51.27086],[54.02001,51.25806],[54.03945,51.25631],[54.02847,51.21388],[54.04282,51.21237],[54.05418,51.21122],[54.063,51.2102],[54.06131,51.20914],[54.06134,51.20861],[54.06212,51.20764],[54.06185,51.20622],[54.0599,51.20502],[54.05754,51.20427],[54.05328,51.20405],[54.05258,51.20355],[54.05275,51.20303],[54.05444,51.20125],[54.05472,51.1997],[54.05405,51.19886],[54.05141,51.19785],[54.05099,51.19707],[54.05194,51.19657],[54.05349,51.19661],[54.05409,51.19571],[54.05317,51.19344],[54.05148,51.19171],[54.04932,51.19033],[54.04765,51.19125],[54.04627,51.19116],[54.04363,51.18915],[54.04191,51.18871],[54.03993,51.18885],[54.03849,51.19015],[54.03787,51.19171],[54.03624,51.19196],[54.03324,51.19118],[54.02877,51.19123],[54.02613,51.1907],[54.02403,51.18914],[54.03156,51.18418],[54.04616,51.17985],[54.0462,51.16751],[54.05275,51.15825],[54.04818,51.15372],[54.04268,51.15243],[54.03891,51.15275],[54.03462,51.15394],[54.02981,51.15835],[54.02792,51.16223],[54.02672,51.16298],[54.02294,51.16287],[54.01865,51.16072],[54.01402,51.15975],[54.01007,51.16148],[54.00251,51.16266],[53.99851,51.16585],[53.99427,51.16923],[53.99187,51.16976],[53.98998,51.16944],[53.98346,51.16589],[53.97831,51.16449],[53.97265,51.16546],[53.97093,51.16697],[53.97093,51.17471],[53.96956,51.17708],[53.96578,51.1773],[53.962,51.17945],[53.95891,51.18063],[53.94896,51.183],[53.93522,51.18537],[53.93237,51.1867],[53.93184,51.18763],[53.93188,51.18856],[53.93282,51.19107],[53.93279,51.19224],[53.93236,51.19341],[53.93149,51.19338],[53.92419,51.19313],[53.92064,51.19205],[53.91436,51.19158],[53.91407,51.18914],[53.91338,51.18845],[53.91288,51.18741],[53.91186,51.18675],[53.91101,51.18626],[53.90409,51.18855],[53.90302,51.18394],[53.89906,51.18018],[53.89264,51.18043],[53.89353,51.18424],[53.89035,51.18628],[53.8915,51.19682],[53.89154,51.19718],[53.88863,51.19767],[53.88704,51.19817],[53.88615,51.1989],[53.88557,51.19964],[53.88413,51.20048],[53.88242,51.20048],[53.87709,51.19682],[53.87418,51.19413],[53.87177,51.19273],[53.8692,51.19252],[53.86782,51.19348],[53.86782,51.19585],[53.86765,51.19865],[53.86662,51.20037],[53.86473,51.20091],[53.85907,51.20005],[53.8577,51.19876],[53.8577,51.19736],[53.85855,51.19628],[53.85735,51.19521],[53.85598,51.19252],[53.85598,51.18972],[53.85409,51.1894],[53.84705,51.19079],[53.84413,51.19327],[53.84105,51.19295],[53.83967,51.1923],[53.83796,51.1923],[53.83555,51.19596],[53.83366,51.19725],[53.83075,51.198],[53.82663,51.19531],[53.82302,51.19327],[53.81907,51.19338],[53.81736,51.19434],[53.81718,51.19531],[53.81959,51.19596],[53.82182,51.19876],[53.82491,51.20069],[53.82525,51.20317],[53.82216,51.2037],[53.81821,51.20241],[53.81427,51.20295],[53.81375,51.20489],[53.81066,51.20833],[53.80963,51.21112],[53.80997,51.21338],[53.8098,51.21446],[53.80843,51.21478],[53.8062,51.21456],[53.80328,51.21241],[53.80142,51.21203],[53.7989,51.2128],[53.79667,51.21321],[53.79411,51.21419],[53.79096,51.21438],[53.78662,51.21364],[53.78573,51.2139],[53.78512,51.21499],[53.78341,51.21491],[53.7824,51.21361],[53.78278,51.21245],[53.7825,51.2105],[53.78355,51.20934],[53.78589,51.20934],[53.78631,51.20884],[53.7853,51.20791],[53.78474,51.20625],[53.78362,51.2056],[53.78136,51.20589],[53.77787,51.20879],[53.77665,51.20944],[53.77239,51.21087],[53.77207,51.21161],[53.77246,51.21376],[53.7715,51.21466],[53.7683,51.21492],[53.76749,51.21444],[53.76791,51.21137],[53.76706,51.21069],[53.7652,51.21091],[53.7641,51.21191],[53.76343,51.21146],[53.76501,51.21014],[53.76506,51.20963],[53.76423,51.2096],[53.75878,51.21314],[53.75749,51.21279],[53.75681,51.21079],[53.75704,51.2095],[53.75825,51.20897],[53.76047,51.2094],[53.76057,51.2084],[53.75829,51.20809],[53.75736,51.20726],[53.75757,51.20673],[53.75892,51.20678],[53.76095,51.20779],[53.76176,51.20776],[53.76157,51.20714],[53.75845,51.20585],[53.75573,51.20578],[53.75228,51.20555],[53.75057,51.20594],[53.74891,51.20783],[53.74794,51.20767],[53.74848,51.20607],[53.74996,51.20447],[53.74978,51.20387],[53.74745,51.20391],[53.74586,51.20495],[53.74419,51.2054],[53.74214,51.20505],[53.74025,51.2056],[53.73878,51.20677],[53.73597,51.20736],[53.73564,51.20806],[53.73638,51.20907],[53.73863,51.21053],[53.741,51.21259],[53.74429,51.21397],[53.74392,51.21477],[53.74203,51.21534],[53.74119,51.21639],[53.73837,51.21734],[53.73551,51.21695],[53.73443,51.21624],[53.73462,51.21559],[53.7366,51.21505],[53.73845,51.21428],[53.73877,51.21336],[53.73801,51.21279],[53.734,51.21293],[53.72749,51.21452],[53.72493,51.21627],[53.72382,51.21636],[53.72242,51.21517],[53.72061,51.21598],[53.72031,51.21697],[53.72167,51.21996],[53.72289,51.22131],[53.72291,51.22233],[53.72116,51.22305],[53.71944,51.22321],[53.71671,51.22434],[53.71423,51.22453],[53.71267,51.22396],[53.71302,51.2225],[53.71178,51.22197],[53.70913,51.22295],[53.71469,51.22584],[53.71471,51.22664],[53.71208,51.22716],[53.71073,51.22682],[53.71064,51.22588],[53.7085,51.22503],[53.70639,51.22494],[53.70513,51.22572],[53.70488,51.22711],[53.70406,51.22738],[53.70221,51.22675],[53.70085,51.22672],[53.69972,51.22624],[53.69936,51.22568],[53.69954,51.22447],[53.69864,51.22342],[53.69668,51.22245],[53.69565,51.2212],[53.69465,51.22111],[53.69317,51.22216],[53.69146,51.22316],[53.69166,51.2236],[53.69595,51.22469],[53.69697,51.2254],[53.69724,51.22617],[53.69706,51.22717],[53.69535,51.22836],[53.69347,51.23094],[53.69353,51.23257],[53.69281,51.2338],[53.6927,51.23484],[53.6933,51.23605],[53.69257,51.23638],[53.68964,51.23603],[53.69038,51.23515],[53.69056,51.23442],[53.69028,51.23365],[53.6886,51.23296],[53.68494,51.23287],[53.6835,51.23132],[53.68661,51.23031],[53.68697,51.22781],[53.68796,51.22655],[53.68731,51.22599],[53.68301,51.22583],[53.6803,51.22673],[53.67751,51.22672],[53.67533,51.22572],[53.67486,51.22423],[53.67603,51.22358],[53.67582,51.22278],[53.67446,51.22268],[53.67326,51.22383],[53.67328,51.22574],[53.67266,51.22705],[53.67152,51.22738],[53.66969,51.22571],[53.66838,51.22542],[53.66783,51.22644],[53.67003,51.22777],[53.67056,51.22873],[53.66976,51.22933],[53.66724,51.22926],[53.66299,51.23015],[53.66126,51.23117],[53.66027,51.23416],[53.66368,51.23866],[53.66311,51.23934],[53.65845,51.23827],[53.65991,51.23633],[53.65854,51.23589],[53.65707,51.23687],[53.65614,51.23889],[53.65677,51.24022],[53.65991,51.24185],[53.66039,51.24288],[53.65851,51.24348],[53.65788,51.24421],[53.6583,51.24605],[53.65665,51.24854],[53.65797,51.25073],[53.65989,51.25178],[53.66038,51.2524],[53.66039,51.25278],[53.66009,51.25313],[53.6589,51.25343],[53.65912,51.25529],[53.66047,51.25597],[53.66277,51.25522],[53.66852,51.25646],[53.67008,51.25741],[53.66978,51.25986],[53.66902,51.26],[53.66745,51.25906],[53.66019,51.25712],[53.65883,51.25775],[53.65979,51.25988],[53.65838,51.26049],[53.65667,51.26029],[53.65575,51.25883],[53.65438,51.25846],[53.65322,51.25874],[53.65307,51.25939],[53.65458,51.26065],[53.65347,51.26215],[53.65139,51.26252],[53.6496,51.26184],[53.64725,51.26222],[53.64552,51.26233],[53.64482,51.26267],[53.64429,51.26345],[53.64356,51.26412],[53.64366,51.26467],[53.64553,51.26459],[53.64697,51.2649],[53.6476,51.26631],[53.64685,51.2676],[53.64731,51.26853],[53.64851,51.2687],[53.64965,51.26805],[53.65071,51.2661],[53.65257,51.26467],[53.6537,51.26471],[53.65409,51.26639],[53.65496,51.26729],[53.65453,51.26822],[53.65351,51.2685],[53.65144,51.26792],[53.65043,51.26822],[53.65029,51.27061],[53.64863,51.27133],[53.64802,51.27107],[53.64799,51.27032],[53.64706,51.26939],[53.64606,51.26965],[53.64589,51.27091],[53.64828,51.27426],[53.64732,51.27497],[53.6445,51.27462],[53.64369,51.27335],[53.64159,51.27273],[53.64094,51.27372],[53.64194,51.27452],[53.64448,51.27567],[53.64473,51.27692],[53.64225,51.27711],[53.64163,51.27611],[53.63816,51.2749],[53.63545,51.27523],[53.6336,51.27464],[53.63335,51.27389],[53.63471,51.273],[53.63396,51.27085],[53.63084,51.27046],[53.62957,51.2709],[53.62974,51.27177],[53.62851,51.27381],[53.62783,51.27675],[53.62722,51.27733],[53.62631,51.27725],[53.62587,51.2766],[53.62583,51.2754],[53.62473,51.27476],[53.62313,51.27504],[53.62115,51.27733],[53.61801,51.27857],[53.61727,51.27943],[53.61781,51.28004],[53.6198,51.28017],[53.6245,51.28162],[53.62546,51.28235],[53.62508,51.28284],[53.62236,51.28322],[53.61947,51.28419],[53.61872,51.28528],[53.61936,51.28638],[53.61872,51.28703],[53.61556,51.28708],[53.61433,51.28666],[53.61433,51.28524],[53.61367,51.28453],[53.61238,51.28465],[53.61082,51.28639],[53.61038,51.28835],[53.60853,51.28847],[53.60857,51.28947],[53.6134,51.29398],[53.61275,51.29442],[53.60857,51.29449],[53.60739,51.29392],[53.6082,51.29214],[53.60747,51.29136],[53.6056,51.2916],[53.6045,51.29269],[53.60423,51.29553],[53.60446,51.2968],[53.60612,51.29852],[53.60822,51.29971],[53.61063,51.30077],[53.61062,51.30132],[53.60978,51.30156],[53.60787,51.30055],[53.6046,51.29994],[53.6039,51.30033],[53.60452,51.30146],[53.60604,51.3032],[53.60525,51.3036],[53.60309,51.30215],[53.60207,51.30195],[53.60105,51.30303],[53.59741,51.30451],[53.59562,51.30619],[53.59675,51.30763],[53.5982,51.31057],[53.59972,51.31169],[53.60221,51.31241],[53.60226,51.31383],[53.60234,51.31638],[53.60309,51.31712],[53.60386,51.31688],[53.60462,51.31603],[53.60839,51.31499],[53.60953,51.31509],[53.60972,51.31564],[53.60795,51.31706],[53.60716,51.3183],[53.60525,51.31869],[53.60427,51.31978],[53.60473,51.32216],[53.60797,51.32383],[53.61034,51.32417],[53.61375,51.32613],[53.61514,51.3263],[53.61593,51.32578],[53.6155,51.32434],[53.61666,51.32382],[53.61754,51.32435],[53.61704,51.32621],[53.61785,51.32682],[53.61995,51.32673],[53.62063,51.32728],[53.61918,51.32873],[53.61974,51.32947],[53.62094,51.32912],[53.62144,51.32845],[53.62236,51.32868],[53.62165,51.32987],[53.61675,51.33046],[53.61633,51.33147],[53.61558,51.33237],[53.61601,51.33276],[53.61836,51.33243],[53.61965,51.3328],[53.62058,51.33279],[53.62223,51.33262],[53.62315,51.3326],[53.62376,51.33291],[53.62228,51.3343],[53.62214,51.33464],[53.62232,51.33499],[53.62282,51.33516],[53.6234,51.33521],[53.62424,51.33529],[53.62443,51.33576],[53.62345,51.33619],[53.62239,51.33634],[53.62183,51.33658],[53.62149,51.33682],[53.62134,51.33725],[53.6214,51.33778],[53.62042,51.33877],[53.62138,51.33895],[53.62195,51.33911],[53.62451,51.34029],[53.62492,51.3406],[53.62524,51.34092],[53.62548,51.34133],[53.62532,51.34174],[53.62466,51.34184],[53.62304,51.34148],[53.62249,51.34132],[53.62159,51.34083],[53.62099,51.34095],[53.62098,51.3414],[53.62125,51.34183],[53.62218,51.34256],[53.62324,51.34307],[53.62449,51.3436],[53.62533,51.3438],[53.62623,51.34389],[53.6274,51.34431],[53.62777,51.34464],[53.62759,51.34499],[53.62701,51.34518],[53.62624,51.34525],[53.62519,51.3452],[53.62433,51.34489],[53.62307,51.34495],[53.62228,51.34471],[53.62183,51.34414],[53.62169,51.34374],[53.62179,51.34296],[53.62078,51.34242],[53.62021,51.34233],[53.61931,51.34232],[53.61805,51.34251],[53.61729,51.34235],[53.61691,51.34184],[53.61654,51.3416],[53.61593,51.34153],[53.61531,51.34169],[53.61507,51.34197],[53.61493,51.34233],[53.61459,51.34272],[53.61361,51.34351],[53.61379,51.34411],[53.61458,51.34433],[53.61548,51.3446],[53.61672,51.34565],[53.61791,51.34603],[53.61934,51.34624],[53.62122,51.34526],[53.62172,51.34583],[53.62092,51.34681],[53.61845,51.34662],[53.61428,51.34767],[53.6134,51.35015],[53.61502,51.35077],[53.61639,51.35298],[53.61623,51.35499],[53.61731,51.35537],[53.61836,51.35453],[53.61825,51.35259],[53.61955,51.35232],[53.62128,51.35436],[53.62102,51.35572],[53.61949,51.35643],[53.61672,51.3559],[53.61416,51.35551],[53.61302,51.35455],[53.61088,51.35379],[53.61103,51.35096],[53.60947,51.35075],[53.60744,51.35129],[53.6053,51.35069],[53.60291,51.35106],[53.6003,51.34991],[53.59942,51.35203],[53.60127,51.35289],[53.6014,51.35404],[53.60296,51.35575],[53.60202,51.3566],[53.60023,51.35611],[53.59981,51.35479],[53.59882,51.35425],[53.59528,51.3553],[53.5953,51.35811],[53.5978,51.35871],[53.59981,51.36043],[53.6003,51.36317],[53.59908,51.36356],[53.5984,51.36271],[53.59741,51.36242],[53.59598,51.36323],[53.59692,51.36427],[53.59926,51.36487],[53.60392,51.3645],[53.60572,51.36499],[53.60559,51.36606],[53.6027,51.36653],[53.6028,51.36733],[53.6051,51.36738],[53.60598,51.36798],[53.60523,51.3693],[53.60702,51.36985],[53.6096,51.37143],[53.60814,51.37225],[53.60825,51.37289],[53.61007,51.37273],[53.61145,51.37307],[53.6127,51.37282],[53.61129,51.37094],[53.61395,51.36934],[53.61523,51.3693],[53.61598,51.3704],[53.6169,51.37048],[53.61679,51.36866],[53.6183,51.36827],[53.61963,51.36974],[53.62132,51.36967],[53.6214,51.36843],[53.61885,51.3676],[53.61826,51.36687],[53.61959,51.36556],[53.61974,51.36429],[53.62202,51.36496],[53.62294,51.36684],[53.62434,51.36742],[53.62674,51.36648],[53.62788,51.36703],[53.62714,51.36866],[53.62769,51.3699],[53.62699,51.3716],[53.62747,51.37245],[53.63215,51.3731],[53.63278,51.37358],[53.63204,51.37519],[53.63278,51.37574],[53.63547,51.37586],[53.63576,51.37721],[53.6344,51.37865],[53.6326,51.37882],[53.62907,51.37742],[53.62779,51.37755],[53.62707,51.37874],[53.62608,51.37895],[53.6239,51.37796],[53.62244,51.37792],[53.62208,51.37878],[53.62295,51.37947],[53.62461,51.38001],[53.62476,51.38122],[53.62551,51.38178],[53.62688,51.38167],[53.62808,51.38064],[53.62969,51.38053],[53.63119,51.38141],[53.63182,51.38258],[53.63316,51.3832],[53.63325,51.38385],[53.63238,51.38438],[53.63114,51.38429],[53.62922,51.38542],[53.62668,51.38537],[53.6246,51.38449],[53.62366,51.3848],[53.62274,51.38636],[53.62219,51.38689],[53.6225,51.38775],[53.62383,51.38825],[53.6257,51.38771],[53.62648,51.38681],[53.62736,51.38663],[53.62844,51.38712],[53.62877,51.38821],[53.62748,51.38947],[53.62715,51.39031],[53.62768,51.39089],[53.6295,51.39144],[53.62907,51.39185],[53.62894,51.39265],[53.62863,51.39328],[53.62807,51.3937],[53.62736,51.39396],[53.62546,51.39416],[53.62195,51.39354],[53.62099,51.39335],[53.62004,51.39346],[53.61906,51.39378],[53.61841,51.39432],[53.61752,51.39529],[53.61632,51.39599],[53.61496,51.39641],[53.61348,51.39675],[53.61235,51.39726],[53.61114,51.39733],[53.60994,51.39728],[53.60786,51.39706],[53.60626,51.3968],[53.60467,51.39625],[53.60169,51.3951],[53.6008,51.39499],[53.59974,51.39514],[53.59807,51.39587],[53.59651,51.39684],[53.59443,51.39869],[53.59359,51.39973],[53.59343,51.40053],[53.59351,51.40203],[53.59242,51.40354],[53.58974,51.40529],[53.58801,51.40619],[53.58709,51.40713],[53.58478,51.40966],[53.58479,51.41082],[53.58442,51.41197],[53.58315,51.41276],[53.58161,51.41305],[53.57885,51.41398],[53.57422,51.41495],[53.57079,51.41452],[53.56892,51.41475],[53.56725,51.41557],[53.56672,51.41631],[53.5665,51.41706],[53.56679,51.41801],[53.56769,51.41885],[53.56885,51.41991],[53.5697,51.42118],[53.57137,51.42224],[53.57328,51.42307],[53.57437,51.4238],[53.57522,51.42458],[53.57569,51.42602],[53.5753,51.42746],[53.57424,51.42971],[53.57377,51.43063],[53.57292,51.4316],[53.57158,51.43259],[53.57042,51.43316],[53.56924,51.43333],[53.56834,51.43331],[53.56662,51.43288],[53.56452,51.43198],[53.56246,51.43045],[53.55811,51.42793],[53.55583,51.42699],[53.55402,51.42615],[53.55313,51.42585],[53.55188,51.42582],[53.5507,51.42601],[53.5478,51.42696],[53.54506,51.42781],[53.5423,51.4291],[53.54,51.43052],[53.5385,51.43102],[53.53697,51.43128],[53.53533,51.4312],[53.53409,51.43074],[53.53324,51.42999],[53.53241,51.42879],[53.53196,51.42846],[53.53141,51.42819],[53.53019,51.42772],[53.52766,51.42672],[53.52482,51.42537],[53.52345,51.42511],[53.52211,51.42497],[53.52094,51.42509],[53.52004,51.42534],[53.51912,51.42595],[53.51863,51.4266],[53.51838,51.42883],[53.51827,51.42992],[53.51776,51.43096],[53.51778,51.43179],[53.51843,51.43245],[53.51887,51.43314],[53.51885,51.43358],[53.5187,51.434],[53.51792,51.43469],[53.5171,51.43509],[53.51635,51.43513],[53.51561,51.435],[53.51405,51.43462],[53.51249,51.43451],[53.51028,51.43462],[53.50921,51.4347],[53.50813,51.43464],[53.50712,51.43449],[53.50612,51.43423],[53.50533,51.43385],[53.50459,51.43336],[53.50346,51.43174],[53.50276,51.43093],[53.50137,51.43043],[53.50006,51.43025],[53.49847,51.43032],[53.49716,51.43062],[53.49597,51.43126],[53.49508,51.43197],[53.49201,51.4347],[53.49024,51.43607],[53.48909,51.43743],[53.48746,51.4388],[53.48509,51.43992],[53.48255,51.44116],[53.48174,51.44186],[53.4814,51.44256],[53.48124,51.44322],[53.48126,51.44386],[53.48168,51.44515],[53.48177,51.44661],[53.48212,51.44774],[53.48298,51.44852],[53.48409,51.44906],[53.48736,51.44909],[53.48976,51.44919],[53.49148,51.45005],[53.49148,51.45165],[53.48976,51.45326],[53.48719,51.45422],[53.48358,51.45401],[53.48169,51.45401],[53.47625,51.45271],[53.47595,51.45226],[53.47103,51.44479],[53.46717,51.43894],[53.45306,51.43856],[53.43891,51.43818],[53.43717,51.43813],[53.43753,51.43869],[53.43954,51.43957],[53.43939,51.44009],[53.43639,51.44021],[53.43636,51.44082],[53.43805,51.44149],[53.43827,51.44206],[53.43774,51.44324],[53.44022,51.44543],[53.43692,51.44614],[53.43491,51.44727],[53.43407,51.44893],[53.43435,51.45117],[53.43483,51.45168],[53.4361,51.45197],[53.43708,51.45318],[53.43706,51.4538],[53.43706,51.45752],[53.43743,51.45913],[53.4362,51.46142],[53.43441,51.46369],[53.4343,51.46517],[53.43449,51.46665],[53.43488,51.46778],[53.4348,51.46855],[53.43203,51.47076],[53.42917,51.47198],[53.42582,51.47226],[53.42066,51.47571],[53.41971,51.47765],[53.41997,51.47843],[53.42208,51.47935],[53.42448,51.47975],[53.42759,51.48091],[53.42761,51.48157],[53.42642,51.48223],[53.42368,51.48231],[53.42116,51.4811],[53.41899,51.48127],[53.41554,51.48261],[53.41322,51.48294],[53.41202,51.48259],[53.41242,51.48187],[53.41409,51.48044],[53.41348,51.47935],[53.41239,51.4792],[53.4076,51.48254],[53.40783,51.48435],[53.4084,51.48507],[53.40852,51.48573],[53.40814,51.48626],[53.40701,51.4864],[53.40542,51.48683],[53.40375,51.488],[53.40212,51.48796],[53.40075,51.48718],[53.39975,51.48715],[53.39911,51.48762],[53.40006,51.48888],[53.39922,51.48932],[53.39476,51.48935],[53.39386,51.48964],[53.39357,51.49011],[53.39373,51.49058],[53.39439,51.49081],[53.39572,51.49109],[53.39589,51.49177],[53.39525,51.49236],[53.39423,51.49237],[53.39317,51.49186],[53.39237,51.49118],[53.39116,51.49101],[53.38002,51.48975],[53.37212,51.48884],[53.36978,51.48857],[53.36932,51.48895],[53.36954,51.48947],[53.37123,51.48949],[53.37193,51.48981],[53.36978,51.49053],[53.36833,51.49136],[53.36839,51.49188],[53.3688,51.49298],[53.36839,51.49371],[53.36653,51.49405],[53.36527,51.49332],[53.36296,51.48989],[53.36285,51.48897],[53.36213,51.48846],[53.36134,51.48849],[53.36056,51.48878],[53.36058,51.4895],[53.36077,51.49042],[53.36051,51.49171],[53.35954,51.49253],[53.35939,51.49318],[53.35965,51.4936],[53.36023,51.49398],[53.36287,51.49508],[53.36304,51.49556],[53.36246,51.49609],[53.36163,51.49632],[53.36004,51.49592],[53.35864,51.49506],[53.35581,51.49372],[53.35425,51.49268],[53.35473,51.49009],[53.35353,51.48946],[53.35182,51.4901],[53.3504,51.49277],[53.34935,51.49323],[53.34829,51.49311],[53.34765,51.49237],[53.34745,51.49115],[53.34691,51.48968],[53.34554,51.48971],[53.3451,51.4905],[53.34461,51.49186],[53.34349,51.49218],[53.34237,51.49214],[53.34157,51.49125],[53.34079,51.49011],[53.33925,51.49014],[53.33855,51.49038],[53.33846,51.49234],[53.33899,51.49313],[53.33901,51.4938],[53.33841,51.49462],[53.33037,51.49267],[53.33037,51.49985],[53.31189,51.49985],[53.29746,51.49806],[53.29654,51.5012],[53.29054,51.50065],[53.28762,51.49948],[53.2859,51.49766],[53.28539,51.49606],[53.28556,51.49349],[53.28624,51.49093],[53.28676,51.48836],[53.28624,51.48676],[53.2847,51.48494],[53.28195,51.48323],[53.27903,51.48227],[53.27612,51.48206],[53.27337,51.4828],[53.27148,51.4843],[53.27097,51.48569],[53.26959,51.48676],[53.26702,51.48815],[53.26324,51.48954],[53.26049,51.49093],[53.25878,51.49317],[53.25775,51.49563],[53.25809,51.49798],[53.25964,51.50012],[53.26187,51.5014],[53.26358,51.50343],[53.26324,51.5061],[53.26049,51.50909],[53.25775,51.5108],[53.255,51.51187],[53.25208,51.5123],[53.24951,51.51219],[53.24676,51.51134],[53.24401,51.5107],[53.23938,51.51059],[53.23337,51.51091],[53.22736,51.51155],[53.22342,51.51123],[53.21827,51.51027],[53.21466,51.50824],[53.21106,51.50568],[53.20814,51.50397],[53.20573,51.50322],[53.20264,51.5029],[53.19955,51.50343],[53.19698,51.50461],[53.19475,51.50632],[53.1896,51.50888],[53.18222,51.51209],[53.17947,51.51401],[53.17827,51.51625],[53.17896,51.51924],[53.18102,51.52095],[53.18565,51.52298],[53.19269,51.52544],[53.19526,51.52661],[53.19664,51.52875],[53.19629,51.5311],[53.19475,51.53302],[53.19183,51.53452],[53.18874,51.53537],[53.18531,51.53516],[53.18205,51.53441],[53.17913,51.5327],[53.17724,51.53088],[53.17466,51.52715],[53.17398,51.52544],[53.17415,51.52181],[53.17398,51.51978],[53.17209,51.51828],[53.16969,51.51753],[53.1666,51.51753],[53.16368,51.51796],[53.1611,51.51871],[53.15956,51.5202],[53.15767,51.52223],[53.15578,51.52394],[53.15269,51.52512],[53.14926,51.52522],[53.14651,51.52448],[53.14411,51.52309],[53.14222,51.52106],[53.14102,51.51914],[53.1405,51.51732],[53.14102,51.51486],[53.14291,51.50867],[53.14376,51.50621],[53.14497,51.5045],[53.14685,51.50354],[53.14943,51.50236],[53.15492,51.5014],[53.15904,51.50065],[53.16145,51.49958],[53.16282,51.49809],[53.16299,51.49681],[53.1611,51.49264],[53.15853,51.48943],[53.15578,51.4874],[53.15218,51.48622],[53.14857,51.48569],[53.14411,51.48516],[53.14033,51.48548],[53.13501,51.48655],[53.13072,51.48783],[53.12626,51.48997],[53.12231,51.49114],[53.11905,51.49136],[53.11527,51.49114],[53.11201,51.49039],[53.10806,51.48943],[53.10463,51.48826],[53.10119,51.48783],[53.09724,51.48815],[53.09381,51.48911],[53.09158,51.49071],[53.08935,51.49317],[53.08832,51.4951],[53.08523,51.49809],[53.08248,51.50023],[53.08025,51.50258],[53.09314,51.503],[53.09126,51.50816],[53.09198,51.51057],[53.09555,51.51392],[53.09544,51.51761],[53.08962,51.5226],[53.08808,51.52595],[53.09313,51.53306],[53.09643,51.53689],[53.0972,51.53901],[53.09368,51.54229],[53.0861,51.54523],[53.07479,51.54454],[53.07061,51.54202],[53.06808,51.54262],[53.06654,51.54381],[53.06715,51.54508],[53.06594,51.54634],[53.06067,51.54726],[53.05841,51.5462],[53.05149,51.54748],[53.05363,51.55283],[53.05622,51.55473],[53.06512,51.55657],[53.07127,51.56124],[53.06913,51.56749],[53.06753,51.56769],[53.06858,51.57192],[53.06643,51.57373],[53.05957,51.57141],[53.03655,51.57449],[53.04138,51.58241],[53.04385,51.58483],[53.04314,51.58637],[53.03825,51.59053],[53.0388,51.60562],[53.05297,51.62431],[53.05303,51.63686],[53.05231,51.64269],[53.0449,51.64504],[53.04545,51.64627],[53.0435,51.64826],[53.0433,51.64941],[53.04407,51.65057],[53.04578,51.65176],[53.04738,51.65254],[53.04737,51.655],[53.0466,51.65571],[53.04266,51.65544],[53.04258,51.65717],[53.04191,51.65923],[53.04751,51.66041],[53.05069,51.66001],[53.05545,51.65689],[53.06613,51.65644],[53.08649,51.66043],[53.10497,51.66249],[53.10683,51.65265],[53.17069,51.65278],[53.17103,51.66939],[53.22843,51.6703],[53.22779,51.70044],[53.25886,51.70037],[53.25782,51.70919],[53.25685,51.72115],[53.25309,51.72808],[53.27364,51.72602],[53.28625,51.73501],[53.31,51.73478],[53.34382,51.73451],[53.36967,51.7343],[53.36897,51.77033],[53.48066,51.77013],[53.48569,51.76663],[53.49013,51.76355],[53.54763,51.75941],[53.54701,51.77951],[53.57172,51.78023],[53.58245,51.77465],[53.58902,51.77124],[53.59649,51.76983],[53.59999,51.76536],[53.61426,51.76447],[53.62816,51.7616],[53.63324,51.75685],[53.63962,51.75605],[53.64306,51.75223],[53.65625,51.75163],[53.6684,51.74755],[53.67315,51.74362],[53.67721,51.74137],[53.67915,51.7378],[53.69102,51.73349],[53.69541,51.73066],[53.71656,51.72322],[53.72921,51.72002],[53.80433,51.73619],[53.80759,51.74146],[53.81498,51.74296],[53.81491,51.74515],[53.81167,51.74587],[53.80807,51.75048],[53.80776,51.75987],[53.8104,51.76174],[53.80978,51.76444],[53.81445,51.7672],[53.82884,51.75652],[53.84244,51.7632],[53.87845,51.73465],[53.9007,51.74153],[53.9092,51.73534],[53.91118,51.7355],[53.91423,51.73381]],[[54.13306,51.50028],[54.13185,51.50134],[54.13066,51.51295],[54.13018,51.51851],[54.14062,51.52833],[54.14335,51.53088],[54.13979,51.54026],[54.13947,51.54393],[54.1383,51.54532],[54.1357,51.55546],[54.13521,51.56448],[54.13278,51.56954],[54.12276,51.56763],[54.13557,51.54331],[54.11387,51.539],[54.11489,51.50278],[54.11706,51.50266],[54.11771,51.50234],[54.11796,51.50022],[54.13306,51.50028]]]}},{"type":"Feature","properties":{"oktmo":"53622000","name":"Кваркенский муниципальный район","type":"муниципальный район","center":"с Кваркено"},"geometry":{"type":"Polygon","coordinates":[[[60.14892,51.78266],[59.98805,51.8153],[59.90475,51.86251],[59.89682,51.86544],[59.88378,51.86981],[59.87282,51.87333],[59.86023,51.88988],[59.85367,51.8901],[59.78927,51.88794],[59.70296,51.88475],[59.68665,51.88499],[59.6337,51.89809],[59.59336,51.91355],[59.56853,51.92917],[59.56059,51.93465],[59.53236,51.95238],[59.53497,51.95775],[59.53912,51.9608],[59.54576,51.96248],[59.55468,51.96058],[59.56773,51.96948],[59.58262,51.96272],[59.59406,51.96848],[59.60695,51.96304],[59.61958,51.96534],[59.6236,51.96267],[59.63648,51.96593],[59.63682,51.97475],[59.60583,51.9867],[59.52137,52.02633],[59.45768,52.05801],[59.37085,52.02654],[59.21458,51.97099],[59.12341,51.93663],[59.10624,51.86162],[59.11581,51.85456],[59.12807,51.85069],[59.11618,51.84531],[59.11547,51.83948],[59.1639,51.82996],[59.16058,51.81305],[59.16422,51.80872],[59.1615,51.80343],[59.16503,51.7999],[59.16601,51.79027],[59.16919,51.78383],[59.16839,51.77736],[59.15874,51.77524],[59.1558,51.77061],[59.14482,51.76921],[59.10957,51.76956],[59.07346,51.76796],[59.03628,51.776],[59.02976,51.77371],[59.02158,51.76991],[58.99538,51.77798],[58.99103,51.78443],[58.97226,51.7878],[58.97069,51.79064],[58.9609,51.79066],[58.94668,51.78986],[58.94106,51.78763],[58.93168,51.78316],[58.9179,51.77665],[58.90717,51.77168],[58.89404,51.76634],[58.87819,51.76926],[58.84611,51.77636],[58.84243,51.77634],[58.84005,51.77484],[58.83726,51.77445],[58.8312,51.76836],[58.82268,51.77253],[58.81079,51.77407],[58.78762,51.78479],[58.78844,51.78587],[58.78659,51.79398],[58.78913,51.80338],[58.78945,51.81146],[58.78646,51.81825],[58.78901,51.82764],[58.79566,51.83091],[58.8002,51.83556],[58.79829,51.84233],[58.79337,51.85521],[58.78971,51.87279],[58.79231,51.88353],[58.80333,51.88673],[58.81778,51.89392],[58.81789,51.92357],[58.81806,51.93905],[58.80649,51.96553],[58.80155,51.97897],[58.78994,51.98596],[58.78885,51.99203],[58.78522,51.99612],[58.78521,52.00126],[58.78737,52.00584],[58.78615,52.01349],[58.77751,52.01565],[58.77209,52.02349],[58.77616,52.02903],[58.78359,52.03261],[58.78602,52.03576],[58.78507,52.04349],[58.78275,52.04944],[58.77662,52.04932],[58.76953,52.04353],[58.76862,52.04279],[58.76849,52.04228],[58.76764,52.03892],[58.75427,52.03683],[58.74794,52.03765],[58.73443,52.03765],[58.72646,52.03566],[58.71768,52.03358],[58.71055,52.03367],[58.71282,52.03798],[58.71174,52.06689],[58.7131,52.07973],[58.65272,52.07879],[58.65332,52.10322],[58.65151,52.13007],[58.61672,52.13659],[58.62881,52.15373],[58.64232,52.17288],[58.64679,52.17778],[58.64807,52.18141],[58.66122,52.19947],[58.66139,52.20541],[58.65854,52.20818],[58.65821,52.20851],[58.65838,52.20988],[58.65469,52.21083],[58.65348,52.21205],[58.6564,52.21351],[58.6564,52.21437],[58.6534,52.21531],[58.65366,52.21789],[58.66276,52.21978],[58.66396,52.22178],[58.66242,52.2253],[58.65941,52.22547],[58.65546,52.22547],[58.65512,52.22779],[58.65924,52.23054],[58.65924,52.23271],[58.65868,52.23667],[58.65948,52.24108],[58.66077,52.24621],[58.66071,52.25295],[58.66003,52.26306],[58.66844,52.29862],[58.66912,52.29935],[58.69772,52.29711],[58.71464,52.28165],[58.74255,52.25867],[58.77236,52.2565],[58.78756,52.2541],[58.81213,52.25075],[58.83128,52.2498],[58.84381,52.24892],[58.858,52.24791],[58.88471,52.24448],[58.89751,52.24405],[58.89897,52.24474],[58.89733,52.24688],[58.89553,52.24662],[58.89536,52.24757],[58.89441,52.24748],[58.89407,52.24946],[58.8927,52.24869],[58.89089,52.25058],[58.89141,52.25369],[58.89459,52.2585],[58.89278,52.25764],[58.8933,52.26185],[58.8951,52.26417],[58.90275,52.2634],[58.90421,52.26494],[58.90343,52.26657],[58.90166,52.26875],[58.90123,52.2705],[58.90272,52.27193],[58.90395,52.27321],[58.90575,52.27261],[58.90719,52.27261],[58.90962,52.27261],[58.91374,52.27398],[58.91537,52.2763],[58.91623,52.27959],[58.92113,52.28173],[58.92576,52.28182],[58.92911,52.28002],[58.93401,52.2777],[58.93899,52.27607],[58.94148,52.27624],[58.9475,52.27858],[58.95248,52.28167],[58.95316,52.28399],[58.95316,52.28708],[58.94767,52.2955],[58.94363,52.29936],[58.94329,52.30074],[58.9444,52.30239],[58.94603,52.306],[58.94552,52.31016],[58.94337,52.31343],[58.93547,52.31686],[58.93049,52.31884],[58.92928,52.32047],[58.92989,52.32322],[58.93212,52.32468],[58.9371,52.32554],[58.94432,52.3264],[58.94509,52.33404],[58.94637,52.33396],[58.94443,52.33685],[58.94543,52.33969],[58.94309,52.34069],[58.93609,52.3424],[58.91757,52.3414],[58.9119,52.3424],[58.90773,52.3424],[58.90039,52.3424],[58.89589,52.34407],[58.88638,52.34674],[58.88104,52.34607],[58.87787,52.34774],[58.86853,52.35191],[58.86236,52.35312],[58.83701,52.35578],[58.85493,52.42581],[58.85903,52.4468],[58.89851,52.44329],[58.90107,52.44742],[58.90544,52.44709],[58.95325,52.44012],[58.95441,52.435],[58.95531,52.43352],[58.95804,52.43261],[58.96274,52.43228],[58.96942,52.43055],[58.97412,52.42981],[58.98328,52.42997],[58.98802,52.42878],[58.99141,52.42886],[58.99702,52.42696],[58.99875,52.42663],[59.00189,52.42465],[59.00222,52.42292],[59.00172,52.42061],[58.99826,52.41987],[58.99661,52.41846],[58.99372,52.41129],[58.99215,52.40988],[58.98918,52.4098],[58.98914,52.40827],[59.00754,52.38583],[59.00733,52.38439],[59.00383,52.37647],[59.00191,52.36189],[59.02942,52.34848],[59.05376,52.34708],[59.05706,52.34698],[59.07647,52.33243],[59.12995,52.29891],[59.16567,52.2765],[59.1752,52.27927],[59.18758,52.28479],[59.19038,52.28801],[59.20888,52.2963],[59.21246,52.29627],[59.21499,52.29799],[59.21626,52.29748],[59.21778,52.30488],[59.2221,52.32089],[59.22326,52.32774],[59.22144,52.32897],[59.22408,52.33145],[59.23027,52.3529],[59.23027,52.35711],[59.22994,52.3609],[59.22825,52.36375],[59.22874,52.38033],[59.23027,52.39926],[59.22742,52.42488],[59.23089,52.42562],[59.23287,52.42628],[59.23501,52.42752],[59.23691,52.42991],[59.23889,52.4314],[59.24277,52.43189],[59.244,52.43296],[59.24673,52.43478],[59.24879,52.43503],[59.25011,52.43643],[59.2497,52.43816],[59.25036,52.43998],[59.24887,52.44122],[59.24557,52.44154],[59.24557,52.44443],[59.24351,52.44592],[59.24384,52.44798],[59.24549,52.44946],[59.24648,52.45169],[59.24924,52.45248],[59.25139,52.4538],[59.25213,52.45578],[59.25213,52.45743],[59.25023,52.45817],[59.24891,52.45891],[59.24965,52.46081],[59.24957,52.46262],[59.24883,52.46337],[59.24668,52.46312],[59.24454,52.4632],[59.24413,52.46436],[59.2452,52.4665],[59.24495,52.47005],[59.24751,52.47153],[59.24759,52.47318],[59.24941,52.47467],[59.24924,52.47657],[59.2513,52.47822],[59.25419,52.47888],[59.25502,52.47978],[59.25906,52.47904],[59.26087,52.47937],[59.26252,52.47995],[59.26434,52.48168],[59.26409,52.48391],[59.26541,52.48391],[59.26772,52.48259],[59.26954,52.48053],[59.2697,52.47731],[59.27259,52.47508],[59.27457,52.47467],[59.27977,52.475],[59.28253,52.47677],[59.28311,52.47834],[59.28542,52.48032],[59.28797,52.48139],[59.28971,52.48098],[59.29078,52.4795],[59.29169,52.47834],[59.29358,52.47859],[59.29614,52.47983],[59.29845,52.47917],[59.30018,52.47686],[59.3053,52.4738],[59.30546,52.4729],[59.31239,52.47108],[59.31809,52.47067],[59.32131,52.47149],[59.33422,52.47252],[59.34255,52.47294],[59.34535,52.47186],[59.35245,52.47193],[59.37002,52.47244],[59.38289,52.47063],[59.38722,52.46885],[59.39151,52.46918],[59.39374,52.4705],[59.39572,52.4724],[59.39935,52.47455],[59.40603,52.47958],[59.4123,52.48469],[59.41486,52.48511],[59.41849,52.48709],[59.41527,52.48321],[59.41362,52.479],[59.41453,52.46085],[59.41626,52.46126],[59.41907,52.45937],[59.44328,52.45743],[59.46762,52.44217],[59.48919,52.42744],[59.49445,52.41551],[59.50174,52.39898],[59.50462,52.39989],[59.50636,52.40154],[59.50817,52.40137],[59.51139,52.40335],[59.51279,52.40343],[59.51667,52.40475],[59.51815,52.40649],[59.51989,52.40706],[59.52022,52.40904],[59.52319,52.40962],[59.52343,52.41193],[59.54765,52.44217],[59.65828,52.44126],[59.66348,52.43912],[59.67049,52.43978],[59.67253,52.43897],[59.66948,52.42387],[59.67756,52.40869],[59.70401,52.41624],[59.72562,52.42045],[59.72562,52.42243],[59.73404,52.4226],[59.73346,52.43406],[59.75446,52.44472],[59.82417,52.48006],[59.83473,52.47593],[59.86014,52.46463],[59.91826,52.42202],[59.95728,52.42103],[60.00377,52.41967],[60.02114,52.41344],[60.03756,52.42293],[60.07621,52.4115],[60.10617,52.40757],[60.163,52.40012],[60.16016,52.28293],[60.16231,52.28013],[60.17253,52.26684],[60.17146,52.26445],[60.17389,52.26028],[60.14436,52.24477],[60.13679,52.2346],[60.12596,52.22003],[60.08715,52.21462],[60.07121,52.19365],[60.06062,52.18074],[60.06155,52.17319],[60.02333,52.17356],[60.01242,52.16424],[59.99301,52.15863],[59.96536,52.15182],[59.94195,52.10836],[59.92849,52.08455],[59.90355,52.08341],[59.91891,52.06446],[59.90774,52.03995],[59.97557,52.03357],[59.99988,51.99679],[60.00199,51.99328],[60.00263,51.98215],[60.00326,51.97115],[59.99412,51.96465],[60.00201,51.95494],[60.01025,51.94041],[60.0299,51.93613],[60.03272,51.91352],[60.07452,51.88827],[60.05891,51.87015],[60.14391,51.87046],[60.14294,51.85936],[60.15727,51.85786],[60.19003,51.81858],[60.14892,51.78266]]]}},{"type":"Feature","properties":{"oktmo":"53623000","name":"Красногвардейский муниципальный район","type":"муниципальный район","center":"с Плешаново"},"geometry":{"type":"Polygon","coordinates":[[[53.74991,53.11731],[53.78064,53.11153],[53.82172,53.08795],[53.8262,53.08538],[53.84265,53.08246],[53.88281,53.09162],[53.93057,53.09203],[53.94965,53.09783],[53.95097,53.09227],[53.91569,53.05366],[53.91641,53.05004],[53.95269,53.04176],[53.96044,53.03693],[53.94334,53.01666],[53.94013,53.00317],[53.94646,52.99216],[53.95242,52.97332],[53.96543,52.97254],[53.98923,52.97621],[54.00248,52.97208],[54.00541,52.97167],[53.95764,52.95061],[53.95072,52.94756],[53.94288,52.9542],[53.94047,52.95486],[53.93816,52.95474],[53.93667,52.95576],[53.93429,52.9556],[53.93228,52.95717],[53.92708,52.95486],[53.92266,52.95593],[53.91777,52.95191],[53.91491,52.95183],[53.9141,52.95453],[53.90723,52.95068],[53.90241,52.95363],[53.9001,52.95437],[53.89411,52.95253],[53.89309,52.95011],[53.88616,52.94765],[53.88392,52.94613],[53.88189,52.94475],[53.87865,52.94529],[53.871,52.93409],[53.87022,52.93323],[53.86889,52.93301],[53.86705,52.93317],[53.86646,52.93319],[53.8661,52.93291],[53.86643,52.93255],[53.86789,52.93278],[53.86875,52.93215],[53.86856,52.93084],[53.8679,52.93041],[53.86575,52.9302],[53.86421,52.92864],[53.86436,52.92769],[53.865,52.92671],[53.86483,52.92577],[53.86534,52.9246],[53.86541,52.92377],[53.86412,52.92305],[53.86357,52.92231],[53.86388,52.92133],[53.85707,52.91762],[53.84972,52.90778],[53.84401,52.89753],[53.84461,52.89468],[53.8333,52.88997],[53.83042,52.884],[53.83191,52.88129],[53.82558,52.87],[53.8332,52.86728],[53.8434,52.86363],[53.88848,52.85486],[53.89705,52.84871],[53.90229,52.84386],[53.90473,52.84398],[53.90807,52.8416],[53.90983,52.84144],[53.91146,52.83939],[53.91398,52.83811],[53.91554,52.83581],[53.91785,52.83421],[53.91915,52.82854],[53.92526,52.82325],[53.92529,52.82107],[53.92904,52.81872],[53.94246,52.82513],[53.94668,52.82756],[53.9635,52.82416],[53.98304,52.81975],[54.00663,52.81532],[54.02138,52.81232],[54.01187,52.79547],[54.00996,52.79452],[54.00956,52.79325],[54.00711,52.79243],[54.00602,52.79058],[54.00419,52.78947],[53.99909,52.78314],[53.99766,52.78289],[53.99718,52.77697],[53.99827,52.77602],[54.01622,52.77228],[54.03389,52.76829],[54.03957,52.72751],[54.03713,52.68097],[54.03407,52.67837],[54.03095,52.68484],[54.0319,52.68666],[54.03088,52.68859],[54.02863,52.6895],[54.02591,52.68773],[54.02469,52.68901],[54.0249,52.69008],[54.02263,52.68851],[54.02199,52.68879],[54.02219,52.68911],[54.02246,52.68945],[54.02218,52.6898],[54.02292,52.68997],[54.02332,52.6902],[54.02411,52.69035],[54.02432,52.69077],[54.0248,52.691],[54.02495,52.69133],[54.02447,52.69158],[54.02352,52.69156],[54.02276,52.69158],[54.02219,52.69145],[54.02155,52.69146],[54.02151,52.69099],[54.02095,52.69078],[54.02065,52.69113],[54.02047,52.69147],[54.02043,52.69181],[54.01979,52.69188],[54.01896,52.692],[54.01846,52.6917],[54.01772,52.69123],[54.0168,52.69161],[54.01614,52.69133],[54.0155,52.69141],[54.01477,52.69158],[54.01413,52.69188],[54.01453,52.69245],[54.01398,52.69278],[54.01345,52.69295],[54.01296,52.69305],[54.01222,52.6932],[54.01164,52.69306],[54.01103,52.693],[54.01048,52.69316],[54.00972,52.69353],[54.00879,52.69356],[54.00815,52.69361],[54.00757,52.69395],[54.00737,52.69445],[54.0071,52.69504],[54.00644,52.69515],[54.00569,52.69504],[54.00522,52.69532],[54.00494,52.69572],[54.00553,52.6962],[54.0054,52.69653],[54.0043,52.69675],[54.00334,52.69677],[54.00291,52.69703],[54.00289,52.69749],[54.00323,52.69788],[54.00356,52.6983],[54.00401,52.69849],[54.00541,52.69882],[54.00583,52.69964],[54.00623,52.70016],[54.00693,52.70034],[54.00746,52.70062],[54.00772,52.70098],[54.00872,52.70117],[54.00929,52.70084],[54.01047,52.70064],[54.01079,52.7011],[54.0102,52.70132],[54.01003,52.70191],[54.00973,52.70243],[54.01004,52.70274],[54.01073,52.70285],[54.01083,52.70323],[54.01042,52.70349],[54.00979,52.70385],[54.00888,52.70395],[54.00798,52.70456],[54.00759,52.70482],[54.00704,52.70499],[54.00659,52.70475],[54.00605,52.70499],[54.00579,52.70545],[54.00522,52.70572],[54.00447,52.70555],[54.00389,52.70559],[54.00351,52.70594],[54.00343,52.70647],[54.0032,52.70678],[54.00318,52.70717],[54.00288,52.70765],[54.00213,52.70769],[54.00137,52.7079],[54.00072,52.70796],[53.99992,52.70827],[53.99865,52.70888],[53.9981,52.70906],[53.99708,52.70947],[53.99624,52.70946],[53.99516,52.7096],[53.99445,52.70986],[53.99397,52.71043],[53.99322,52.71056],[53.99232,52.71052],[53.99177,52.71054],[53.99115,52.71036],[53.99063,52.71034],[53.99014,52.71058],[53.98986,52.71096],[53.98947,52.71125],[53.98901,52.71169],[53.98925,52.71231],[53.98881,52.71283],[53.98852,52.71333],[53.98821,52.71363],[53.9876,52.71379],[53.98708,52.71359],[53.98627,52.71369],[53.98573,52.71397],[53.98501,52.71395],[53.98423,52.7141],[53.98431,52.71459],[53.9843,52.7151],[53.98375,52.71519],[53.9832,52.715],[53.98271,52.71467],[53.98221,52.71431],[53.9817,52.71384],[53.98133,52.71353],[53.98087,52.71372],[53.98035,52.71342],[53.98013,52.71302],[53.98061,52.71267],[53.98134,52.71231],[53.98141,52.71184],[53.98086,52.7117],[53.98027,52.71158],[53.97944,52.71151],[53.97881,52.71153],[53.97859,52.71205],[53.97817,52.71184],[53.97789,52.71157],[53.97804,52.71127],[53.97821,52.71085],[53.97771,52.71068],[53.97736,52.71093],[53.97676,52.71095],[53.97621,52.71106],[53.97583,52.71066],[53.97538,52.71023],[53.97544,52.70979],[53.97513,52.70945],[53.9753,52.70901],[53.97435,52.70877],[53.97339,52.70896],[53.97276,52.70908],[53.97271,52.70946],[53.97268,52.70983],[53.97213,52.70956],[53.97169,52.7092],[53.97102,52.7094],[53.9705,52.70913],[53.97005,52.70875],[53.96999,52.70842],[53.9699,52.70789],[53.9692,52.7078],[53.96855,52.70799],[53.96778,52.70775],[53.96723,52.70771],[53.96669,52.70783],[53.96614,52.70758],[53.96599,52.70722],[53.9654,52.70722],[53.96486,52.7073],[53.96424,52.70721],[53.96392,52.70683],[53.96341,52.70661],[53.96286,52.70636],[53.96218,52.7061],[53.96171,52.70567],[53.96095,52.70583],[53.96022,52.70614],[53.95932,52.70586],[53.95917,52.70546],[53.95837,52.70547],[53.95753,52.7054],[53.95655,52.70548],[53.95577,52.70576],[53.95527,52.70596],[53.95502,52.70624],[53.95531,52.70672],[53.9557,52.70695],[53.95633,52.70697],[53.95665,52.70723],[53.95639,52.70765],[53.95613,52.70796],[53.9556,52.70832],[53.9552,52.70851],[53.95484,52.70888],[53.95468,52.70934],[53.95435,52.70961],[53.95358,52.71004],[53.95303,52.71051],[53.95315,52.71104],[53.95319,52.71147],[53.95276,52.71166],[53.95227,52.71181],[53.95168,52.71186],[53.95111,52.7122],[53.9514,52.71268],[53.95163,52.71297],[53.95235,52.713],[53.95269,52.7133],[53.95245,52.71365],[53.95281,52.71392],[53.95353,52.71418],[53.95401,52.7138],[53.95433,52.71335],[53.95489,52.71322],[53.95527,52.71343],[53.95526,52.71409],[53.95499,52.71438],[53.95478,52.71532],[53.95422,52.71546],[53.95338,52.71518],[53.95283,52.71519],[53.95228,52.71543],[53.95198,52.7158],[53.95161,52.71609],[53.95115,52.71629],[53.95051,52.71622],[53.95053,52.71589],[53.9506,52.71529],[53.94967,52.71499],[53.94896,52.71467],[53.94861,52.71425],[53.94817,52.71394],[53.94743,52.71389],[53.94698,52.71369],[53.9464,52.71353],[53.94573,52.71374],[53.94568,52.71447],[53.94523,52.71472],[53.94457,52.71451],[53.94444,52.71395],[53.94424,52.71353],[53.94438,52.7131],[53.94393,52.71278],[53.94291,52.71272],[53.94275,52.71325],[53.94189,52.71316],[53.94137,52.71297],[53.94097,52.71259],[53.94025,52.7124],[53.93986,52.71278],[53.94003,52.71322],[53.94016,52.71377],[53.94089,52.7141],[53.9403,52.71446],[53.94059,52.71497],[53.94117,52.71547],[53.94139,52.71609],[53.94097,52.71635],[53.94034,52.71615],[53.93968,52.71619],[53.939,52.71625],[53.93805,52.71635],[53.93719,52.71622],[53.93635,52.7163],[53.93575,52.7165],[53.93556,52.71689],[53.93569,52.71742],[53.9353,52.71784],[53.93482,52.71826],[53.93472,52.71863],[53.93524,52.71894],[53.93605,52.71916],[53.936,52.71968],[53.93605,52.72015],[53.93551,52.72043],[53.93483,52.72045],[53.93398,52.72056],[53.93334,52.72056],[53.9325,52.72087],[53.93218,52.72114],[53.93194,52.7216],[53.93177,52.72206],[53.93183,52.7224],[53.93209,52.7228],[53.93246,52.72308],[53.93312,52.72344],[53.93394,52.72397],[53.93433,52.72423],[53.93461,52.7246],[53.93486,52.72511],[53.93483,52.72566],[53.93455,52.72606],[53.9341,52.72622],[53.93343,52.72639],[53.93292,52.72676],[53.93268,52.72712],[53.93256,52.7275],[53.93239,52.72795],[53.93191,52.72822],[53.93143,52.72839],[53.93113,52.72872],[53.93085,52.72946],[53.93123,52.72973],[53.93202,52.72995],[53.93276,52.73032],[53.93277,52.73087],[53.93241,52.73125],[53.93236,52.73164],[53.93197,52.73209],[53.93143,52.73254],[53.93091,52.73257],[53.93033,52.73251],[53.92991,52.73219],[53.92912,52.73195],[53.92852,52.73192],[53.92804,52.7322],[53.9276,52.73269],[53.92709,52.73285],[53.92648,52.73324],[53.92588,52.73365],[53.92537,52.73379],[53.92546,52.73423],[53.92482,52.73495],[53.9244,52.73546],[53.92303,52.73573],[53.92234,52.73593],[53.92215,52.73624],[53.92241,52.73675],[53.92159,52.7372],[53.92054,52.73751],[53.91947,52.73794],[53.91931,52.73845],[53.91952,52.73883],[53.9193,52.73927],[53.91909,52.7398],[53.91862,52.7402],[53.91734,52.74044],[53.91665,52.74055],[53.91582,52.74076],[53.91476,52.74089],[53.91322,52.74096],[53.91168,52.74096],[53.91043,52.74096],[53.90927,52.74077],[53.9085,52.74067],[53.90785,52.7408],[53.90714,52.74089],[53.90648,52.74084],[53.90575,52.74071],[53.90479,52.74054],[53.90332,52.74037],[53.90271,52.74063],[53.90213,52.74069],[53.90143,52.74061],[53.90049,52.74075],[53.89972,52.74122],[53.89922,52.74148],[53.89772,52.7417],[53.89689,52.7418],[53.89615,52.74183],[53.89521,52.74203],[53.89456,52.742],[53.89389,52.74201],[53.89325,52.74214],[53.89281,52.74233],[53.89247,52.74285],[53.8923,52.74326],[53.89142,52.74279],[53.88815,52.74067],[53.88679,52.73791],[53.8863,52.73469],[53.88348,52.73396],[53.88343,52.73275],[53.88207,52.73219],[53.88017,52.72976],[53.88028,52.72838],[53.83333,52.73776],[53.83067,52.73898],[53.82839,52.72662],[53.82899,52.72551],[53.82888,52.7213],[53.82578,52.71416],[53.82388,52.71288],[53.82383,52.70683],[53.82459,52.70558],[53.82334,52.70462],[53.82301,52.70327],[53.82323,52.69933],[53.82198,52.69798],[53.82204,52.69617],[53.82068,52.69301],[53.81851,52.68972],[53.81905,52.68827],[53.81911,52.68518],[53.81617,52.68139],[53.81232,52.67303],[53.882,52.65931],[53.8728,52.64059],[53.87198,52.6403],[53.87144,52.64018],[53.87047,52.64001],[53.86933,52.63976],[53.86862,52.63959],[53.8676,52.63971],[53.86666,52.64002],[53.86626,52.64092],[53.86575,52.64121],[53.86447,52.64111],[53.86356,52.64083],[53.86276,52.64039],[53.86,52.64011],[53.85884,52.63945],[53.85798,52.63875],[53.85704,52.63847],[53.85588,52.63807],[53.85503,52.63764],[53.85471,52.63685],[53.854,52.63573],[53.85355,52.63459],[53.85218,52.6336],[53.85104,52.63283],[53.85053,52.63165],[53.85022,52.63108],[53.8507,52.63048],[53.85076,52.62922],[53.85087,52.6286],[53.85047,52.62811],[53.84985,52.62747],[53.84988,52.62659],[53.84984,52.626],[53.84881,52.6255],[53.84796,52.62532],[53.84706,52.62529],[53.84638,52.62518],[53.84589,52.62484],[53.8453,52.6241],[53.84481,52.62308],[53.84469,52.62216],[53.84419,52.6217],[53.84343,52.62172],[53.84285,52.62191],[53.84238,52.62232],[53.84238,52.62301],[53.842,52.62362],[53.84179,52.62401],[53.84185,52.62459],[53.8413,52.62497],[53.84051,52.62513],[53.83886,52.62658],[53.83807,52.62755],[53.83751,52.62807],[53.83643,52.62795],[53.83599,52.62759],[53.83526,52.62739],[53.83447,52.62738],[53.83365,52.62807],[53.83333,52.62864],[53.83307,52.62945],[53.83257,52.63015],[53.83205,52.63089],[53.83275,52.63123],[53.83286,52.63185],[53.83248,52.63222],[53.83164,52.6326],[53.83026,52.63274],[53.82906,52.63265],[53.8283,52.63229],[53.82719,52.6318],[53.82605,52.6315],[53.82473,52.63116],[53.82406,52.63077],[53.82339,52.63064],[53.82237,52.63077],[53.82128,52.63167],[53.82006,52.63187],[53.81924,52.63194],[53.81815,52.63254],[53.81766,52.63318],[53.81678,52.63393],[53.81637,52.63473],[53.81558,52.63487],[53.815,52.63469],[53.81485,52.63375],[53.81438,52.63304],[53.8134,52.63269],[53.81248,52.63283],[53.81213,52.63334],[53.81204,52.6338],[53.81181,52.63465],[53.81149,52.6349],[53.81093,52.63497],[53.81017,52.63471],[53.80918,52.63465],[53.80789,52.63504],[53.80675,52.6352],[53.80573,52.6357],[53.8047,52.63646],[53.80374,52.63698],[53.80219,52.63731],[53.80105,52.63687],[53.8,52.63621],[53.79871,52.63541],[53.79769,52.63494],[53.79693,52.63462],[53.79588,52.63467],[53.79526,52.63495],[53.79515,52.63547],[53.79547,52.63634],[53.79573,52.63701],[53.79658,52.63781],[53.79648,52.63834],[53.7952,52.63863],[53.79424,52.63838],[53.79365,52.63788],[53.79251,52.63733],[53.79143,52.63717],[53.79026,52.63701],[53.78982,52.63648],[53.78982,52.63591],[53.78941,52.63543],[53.78757,52.63492],[53.78699,52.63474],[53.78611,52.6341],[53.78567,52.63352],[53.78549,52.63291],[53.7852,52.63243],[53.78623,52.63201],[53.78678,52.63146],[53.78737,52.63092],[53.78862,52.63071],[53.78935,52.63029],[53.78903,52.62995],[53.78824,52.63004],[53.78783,52.62975],[53.78766,52.62911],[53.7876,52.62847],[53.78763,52.62803],[53.78704,52.62752],[53.78672,52.62725],[53.7859,52.62727],[53.78526,52.62768],[53.78476,52.62805],[53.78406,52.62808],[53.78307,52.62814],[53.78225,52.62835],[53.78257,52.62874],[53.7826,52.62924],[53.78239,52.62952],[53.78219,52.62984],[53.78172,52.63014],[53.78096,52.63023],[53.78032,52.63014],[53.7802,52.62963],[53.78003,52.62906],[53.7797,52.62872],[53.77894,52.62878],[53.77842,52.62908],[53.77807,52.6294],[53.77658,52.62942],[53.77634,52.6291],[53.77602,52.62851],[53.77517,52.62823],[53.77415,52.62817],[53.77435,52.62702],[53.77612,52.62549],[53.77514,52.62431],[53.77506,52.62227],[53.77613,52.62194],[53.77448,52.61943],[53.77443,52.61422],[53.77542,52.61259],[53.77462,52.61031],[53.77519,52.60912],[53.77308,52.60782],[53.77316,52.60607],[53.77208,52.60418],[53.7712,52.60166],[53.77193,52.60061],[53.77101,52.59833],[53.77466,52.59578],[53.77446,52.5946],[53.77297,52.59408],[53.77162,52.59128],[53.77166,52.58583],[53.77232,52.58524],[53.77197,52.58186],[53.7732,52.57969],[53.77301,52.57762],[53.77393,52.57689],[53.77431,52.57484],[53.77608,52.57239],[53.77589,52.56931],[53.81877,52.55739],[53.82675,52.55169],[53.81224,52.52522],[53.75827,52.5262],[53.75865,52.53563],[53.62597,52.52617],[53.62562,52.52728],[53.60959,52.52782],[53.61115,52.56095],[53.60471,52.56704],[53.59883,52.56898],[53.59168,52.58045],[53.57888,52.58051],[53.57961,52.56338],[53.39083,52.56605],[53.368,52.56615],[53.36616,52.56951],[53.36254,52.57265],[53.36047,52.57933],[53.36099,52.58722],[53.36242,52.59058],[53.36162,52.5918],[53.32244,52.59271],[53.29353,52.59337],[53.2688,52.59463],[53.23907,52.58894],[53.23251,52.58946],[53.21583,52.58915],[53.20824,52.58998],[53.19933,52.591],[53.17504,52.59442],[53.16833,52.59746],[53.16813,52.61206],[53.17037,52.61227],[53.17092,52.61274],[53.175,52.61358],[53.17584,52.61454],[53.17578,52.61627],[53.17687,52.61737],[53.1767,52.61803],[53.17569,52.61854],[53.17305,52.61875],[53.17256,52.6192],[53.17279,52.61978],[53.17342,52.62016],[53.17687,52.62067],[53.17906,52.62118],[53.17983,52.62086],[53.17952,52.61957],[53.17972,52.618],[53.18004,52.61737],[53.1811,52.61714],[53.18372,52.61725],[53.18676,52.61765],[53.19113,52.61861],[53.19139,52.6195],[53.19076,52.6202],[53.18993,52.62039],[53.18964,52.62133],[53.18904,52.62165],[53.18846,52.62168],[53.18777,52.62119],[53.18656,52.62104],[53.18535,52.62133],[53.1853,52.62212],[53.1819,52.62544],[53.17851,52.6262],[53.1746,52.62509],[53.1748,52.62739],[53.16998,52.62683],[53.13913,52.65038],[53.14039,52.6582],[53.12483,52.6672],[53.11188,52.66338],[53.0821,52.69923],[53.06432,52.72087],[53.09005,52.72737],[53.07232,52.75158],[53.09275,52.75035],[53.11717,52.75201],[53.12252,52.75543],[53.13142,52.75794],[53.13535,52.77292],[53.13098,52.77556],[53.13103,52.77651],[53.12321,52.78147],[53.12089,52.78343],[53.12131,52.78725],[53.15893,52.78408],[53.17302,52.78336],[53.1776,52.81604],[53.18274,52.8388],[53.18878,52.8714],[53.18708,52.88565],[53.1953,52.8867],[53.19886,52.88859],[53.19757,52.89126],[53.19908,52.89901],[53.20124,52.89933],[53.20118,52.90064],[53.20318,52.9021],[53.20825,52.90207],[53.20842,52.90305],[53.2111,52.90298],[53.21247,52.90382],[53.18843,52.91027],[53.18731,52.92974],[53.18568,52.93129],[53.18012,52.93132],[53.17504,52.92891],[53.17245,52.92891],[53.16949,52.93109],[53.15993,52.92797],[53.15686,52.92852],[53.15411,52.92833],[53.15184,52.92634],[53.14925,52.92627],[53.14375,52.92761],[53.13943,52.9296],[53.13614,52.9295],[53.13468,52.9307],[53.13466,52.93242],[53.13811,52.93714],[53.13557,52.94366],[53.11066,52.95562],[53.11794,52.96318],[53.13283,52.97306],[53.14406,52.97442],[53.15485,52.97364],[53.16078,52.9765],[53.16564,52.98307],[53.17254,52.98876],[53.19694,52.99028],[53.21108,53.0019],[53.24615,53.01718],[53.24858,53.00394],[53.26372,52.99047],[53.32189,52.98009],[53.32554,52.98774],[53.3539,52.98227],[53.37666,53.02701],[53.34861,53.03233],[53.34901,53.03856],[53.34788,53.03932],[53.34885,53.04164],[53.34892,53.0439],[53.35172,53.05027],[53.36738,53.06458],[53.38562,53.08107],[53.39786,53.08703],[53.40666,53.09389],[53.43631,53.09271],[53.45835,53.09173],[53.46472,53.1057],[53.48651,53.15364],[53.54498,53.14967],[53.54803,53.14366],[53.55465,53.13503],[53.55664,53.12907],[53.56947,53.1161],[53.57725,53.11381],[53.58774,53.12553],[53.64508,53.10994],[53.6413,53.10435],[53.65283,53.10127],[53.66478,53.09763],[53.68419,53.09729],[53.72637,53.09482],[53.73367,53.10575],[53.74991,53.11731]]]}},{"type":"Feature","properties":{"oktmo":"53714000","name":"Кувандыкский","type":"городской округ","center":"г Кувандык"},"geometry":{"type":"Polygon","coordinates":[[[58.14551,51.72411],[58.1451,51.7172],[58.14298,51.68183],[58.10545,51.65554],[58.10325,51.65333],[58.10411,51.64828],[58.10408,51.64251],[58.10241,51.62497],[58.09877,51.62202],[58.09934,51.61748],[58.09257,51.61068],[58.09436,51.60392],[58.10616,51.60145],[58.10429,51.58707],[58.09961,51.58169],[58.09458,51.57833],[58.09527,51.57346],[58.09609,51.57082],[58.09391,51.52344],[58.10731,51.49636],[58.11506,51.49434],[58.10456,51.49021],[58.09646,51.47795],[58.08517,51.47566],[58.07116,51.47112],[58.05654,51.46447],[58.03995,51.4587],[58.01197,51.45309],[58.01244,51.43836],[58.01292,51.42377],[58.01489,51.40464],[58.0152,51.39886],[57.94003,51.39823],[57.94004,51.34912],[57.97071,51.33915],[57.94729,51.33273],[57.95034,51.28146],[57.93539,51.28127],[57.92825,51.28046],[57.90113,51.27795],[57.87808,51.26191],[57.87069,51.2545],[57.79512,51.25309],[57.71189,51.25817],[57.71002,51.23772],[57.725,51.23633],[57.73908,51.16637],[57.73883,51.16318],[57.79452,51.15827],[57.79076,51.14953],[57.78613,51.14226],[57.78846,51.13833],[57.779,51.13915],[57.77194,51.13842],[57.77183,51.13789],[57.76785,51.11957],[57.76632,51.11255],[57.76562,51.10932],[57.76394,51.10158],[57.76323,51.09833],[57.76162,51.09089],[57.75803,51.07434],[57.754,51.05578],[57.75405,51.05205],[57.75408,51.04986],[57.75422,51.03853],[57.75429,51.03268],[57.75437,51.02657],[57.75515,50.96979],[57.75342,50.95584],[57.7514,50.93965],[57.76182,50.92021],[57.76071,50.92005],[57.76005,50.92023],[57.75952,50.91994],[57.75875,50.91928],[57.75693,50.91899],[57.75397,50.91993],[57.75188,50.91978],[57.7471,50.92033],[57.74534,50.92128],[57.74325,50.92098],[57.7392,50.92284],[57.73751,50.92702],[57.73602,50.92775],[57.73055,50.92737],[57.72868,50.92769],[57.72068,50.92711],[57.71627,50.92689],[57.70174,50.92249],[57.69841,50.92045],[57.69315,50.91851],[57.68696,50.91698],[57.68694,50.9173],[57.68692,50.91763],[57.68629,50.92718],[57.68626,50.92765],[57.67738,50.92822],[57.65037,50.92999],[57.6293,50.93136],[57.60703,50.93283],[57.58458,50.93428],[57.57384,50.93498],[57.55925,50.93593],[57.5587,50.93484],[57.55789,50.93335],[57.55536,50.93234],[57.55285,50.93081],[57.54972,50.92955],[57.54788,50.92919],[57.54582,50.92777],[57.5442,50.92748],[57.5437,50.92704],[57.54303,50.92589],[57.54195,50.92509],[57.53914,50.92436],[57.53755,50.92332],[57.53655,50.92198],[57.53442,50.92079],[57.53247,50.9203],[57.53117,50.91885],[57.52943,50.9177],[57.52833,50.9173],[57.52716,50.91638],[57.52689,50.91548],[57.52482,50.9088],[57.52391,50.9083],[57.52342,50.90781],[57.52277,50.90761],[57.52235,50.90704],[57.52132,50.90668],[57.52021,50.9057],[57.51904,50.9053],[57.51846,50.90466],[57.51916,50.90435],[57.51973,50.90457],[57.52045,50.90453],[57.52087,50.90372],[57.52274,50.90369],[57.52423,50.90171],[57.52492,50.90024],[57.52428,50.89979],[57.52214,50.89809],[57.52098,50.89563],[57.52004,50.89506],[57.51816,50.8935],[57.51479,50.88896],[57.51292,50.88609],[57.512,50.88212],[57.51293,50.88003],[57.51207,50.87846],[57.50962,50.87748],[57.50826,50.87621],[57.50703,50.87595],[57.50394,50.87736],[57.49947,50.87736],[57.49643,50.87747],[57.49299,50.87845],[57.48887,50.87964],[57.48557,50.87931],[57.48227,50.87834],[57.47815,50.87948],[57.47523,50.87845],[57.47266,50.87834],[57.47077,50.87986],[57.47,50.88213],[57.46837,50.88365],[57.46579,50.88354],[57.46347,50.88403],[57.45999,50.88489],[57.45678,50.88484],[57.4554,50.88565],[57.45266,50.8856],[57.45266,50.88684],[57.45026,50.88712],[57.44952,50.88797],[57.44699,50.88923],[57.44433,50.88809],[57.44116,50.88906],[57.43978,50.89036],[57.43729,50.8915],[57.43412,50.8915],[57.43051,50.89177],[57.42751,50.89275],[57.42545,50.8941],[57.42227,50.89497],[57.41979,50.89529],[57.41515,50.89659],[57.41094,50.90016],[57.41069,50.90238],[57.40837,50.9033],[57.40622,50.90341],[57.40614,50.90525],[57.4021,50.90541],[57.39876,50.90655],[57.3955,50.90736],[57.39327,50.90794],[57.39149,50.90974],[57.38983,50.90991],[57.38768,50.91191],[57.3852,50.91299],[57.38399,50.91591],[57.38365,50.91846],[57.38219,50.91986],[57.37833,50.91921],[57.37661,50.91959],[57.37515,50.919],[57.37326,50.91862],[57.37155,50.92078],[57.37,50.92186],[57.36794,50.92268],[57.36597,50.92284],[57.36382,50.92381],[57.364,50.92506],[57.36228,50.92511],[57.36116,50.92663],[57.35927,50.92679],[57.35704,50.92863],[57.35481,50.92993],[57.35095,50.93171],[57.34571,50.93393],[57.34228,50.93566],[57.33928,50.93625],[57.33593,50.93907],[57.33301,50.94042],[57.32623,50.9408],[57.32443,50.94291],[57.32524,50.94603],[57.3264,50.94772],[57.32777,50.95037],[57.32752,50.95464],[57.32606,50.95772],[57.3246,50.95983],[57.32383,50.96189],[57.32378,50.9642],[57.32434,50.96578],[57.32288,50.96653],[57.32065,50.9674],[57.32048,50.96951],[57.32065,50.97167],[57.31957,50.97253],[57.31756,50.9744],[57.31616,50.97431],[57.31554,50.97391],[57.31471,50.97381],[57.31409,50.97417],[57.31314,50.97466],[57.3128,50.97502],[57.31248,50.97558],[57.31194,50.97597],[57.31065,50.97622],[57.30947,50.9762],[57.30823,50.97667],[57.30752,50.97753],[57.30752,50.97812],[57.30851,50.97876],[57.30969,50.97907],[57.31149,50.9791],[57.31256,50.97924],[57.31383,50.97937],[57.31464,50.97994],[57.31447,50.98048],[57.3137,50.98082],[57.31383,50.98133],[57.31432,50.98179],[57.31514,50.98245],[57.3155,50.98329],[57.31539,50.98398],[57.31518,50.98505],[57.31466,50.9861],[57.31484,50.9878],[57.31443,50.98865],[57.31361,50.98915],[57.31326,50.99007],[57.31257,50.99098],[57.31061,50.9928],[57.30872,50.9948],[57.30707,50.99666],[57.30443,50.99723],[57.30297,50.99609],[57.30186,50.99485],[57.29859,50.99523],[57.29677,50.99682],[57.29454,50.99677],[57.29308,50.99704],[57.29293,50.99836],[57.29593,51.00014],[57.29514,51.0013],[57.29171,51.00152],[57.28999,51.00206],[57.28796,51.00335],[57.28763,51.00443],[57.28868,51.0053],[57.29388,51.0055],[57.29527,51.00662],[57.29494,51.00737],[57.28908,51.00886],[57.28829,51.00956],[57.28888,51.01014],[57.29296,51.01043],[57.29388,51.01126],[57.29276,51.01254],[57.28987,51.01329],[57.28849,51.01375],[57.28756,51.01482],[57.2877,51.01577],[57.28855,51.01644],[57.28862,51.01727],[57.28572,51.01751],[57.28526,51.01905],[57.28546,51.01992],[57.28546,51.02124],[57.2875,51.02174],[57.29033,51.02377],[57.2904,51.02522],[57.28778,51.02712],[57.28522,51.02805],[57.28518,51.02871],[57.28388,51.03027],[57.28348,51.0319],[57.28436,51.03256],[57.28568,51.03255],[57.28918,51.03059],[57.29173,51.03069],[57.29279,51.03196],[57.29189,51.03389],[57.29035,51.03467],[57.28986,51.03588],[57.28995,51.03654],[57.28942,51.03784],[57.28792,51.03836],[57.28443,51.03853],[57.2855,51.03796],[57.28623,51.0374],[57.28692,51.03651],[57.2852,51.03581],[57.28482,51.03454],[57.28323,51.03405],[57.28327,51.03335],[57.28228,51.03254],[57.281,51.03219],[57.27962,51.03187],[57.27748,51.03192],[57.27615,51.03133],[57.27413,51.03098],[57.27304,51.03104],[57.27267,51.03169],[57.27235,51.03231],[57.27121,51.03214],[57.2704,51.03172],[57.26926,51.03086],[57.26845,51.03023],[57.26767,51.02987],[57.26739,51.02952],[57.26669,51.02944],[57.266,51.02978],[57.26585,51.03019],[57.26478,51.03006],[57.26372,51.02946],[57.26357,51.02884],[57.26283,51.02864],[57.26162,51.02891],[57.2604,51.02875],[57.25937,51.02863],[57.2584,51.02833],[57.25724,51.02805],[57.25656,51.02801],[57.25506,51.02824],[57.25366,51.02837],[57.25182,51.02834],[57.25109,51.02809],[57.25057,51.02768],[57.24976,51.02783],[57.24879,51.02749],[57.24778,51.02698],[57.24679,51.02654],[57.24617,51.02621],[57.24534,51.02635],[57.24413,51.02613],[57.24336,51.02597],[57.24164,51.02641],[57.24081,51.02681],[57.24051,51.02759],[57.24021,51.02829],[57.23955,51.02893],[57.23903,51.02936],[57.23853,51.02987],[57.23768,51.0306],[57.23727,51.03129],[57.23667,51.032],[57.23607,51.03229],[57.23525,51.03234],[57.23405,51.03216],[57.23338,51.03192],[57.23298,51.03144],[57.23233,51.03137],[57.23104,51.03148],[57.22995,51.03203],[57.22995,51.03287],[57.23014,51.03335],[57.22995,51.03393],[57.22892,51.03417],[57.22768,51.03411],[57.2269,51.0343],[57.22628,51.03471],[57.2257,51.03505],[57.22519,51.03548],[57.22489,51.03618],[57.22461,51.03695],[57.22321,51.03751],[57.22268,51.03784],[57.22141,51.03845],[57.22023,51.03867],[57.21933,51.03886],[57.21871,51.03961],[57.21898,51.04041],[57.21927,51.04105],[57.22985,51.0438],[57.23253,51.04696],[57.22586,51.05542],[57.2055,51.07309],[57.19997,51.08363],[57.19555,51.09231],[57.18762,51.10193],[57.18477,51.11496],[57.16804,51.1085],[57.14409,51.09913],[57.14633,51.08767],[57.12758,51.08386],[57.11929,51.08217],[57.09671,51.07758],[57.08591,51.07534],[57.0803,51.07421],[57.07284,51.07268],[57.07098,51.0723],[57.05772,51.06962],[57.0422,51.0685],[57.02571,51.06736],[57.00369,51.06484],[56.98443,51.06264],[56.97793,51.06652],[56.9702,51.07112],[56.95788,51.0785],[56.94279,51.08754],[56.93215,51.08229],[56.9152,51.07393],[56.89679,51.06485],[56.88747,51.06026],[56.85899,51.0733],[56.83938,51.07929],[56.82451,51.08383],[56.81927,51.08543],[56.8005,51.08914],[56.78549,51.0936],[56.77754,51.10705],[56.81614,51.134],[56.82785,51.12962],[56.83772,51.13888],[56.85211,51.14292],[56.84891,51.17813],[56.85674,51.19349],[56.85242,51.19978],[56.85871,51.21485],[56.8539,51.23549],[56.93755,51.20892],[56.96482,51.20124],[56.97475,51.19459],[56.98142,51.19684],[56.98411,51.21903],[56.99866,51.26368],[56.94389,51.31151],[56.94434,51.32454],[56.95472,51.33646],[56.96332,51.34288],[56.96712,51.34413],[56.96957,51.34652],[56.96611,51.3485],[56.96824,51.35028],[56.96913,51.35153],[56.96924,51.35289],[56.9685,51.35411],[56.96701,51.3544],[56.96289,51.35547],[56.96014,51.35676],[56.95808,51.35815],[56.95602,51.35965],[56.95482,51.36115],[56.95459,51.36191],[56.95425,51.36254],[56.95581,51.36389],[56.94735,51.36708],[56.94663,51.36942],[56.95255,51.37465],[56.95306,51.38337],[56.95981,51.38602],[56.96164,51.39108],[56.9648,51.41908],[56.94916,51.45024],[56.94054,51.44918],[56.92593,51.46127],[56.92285,51.45999],[56.91418,51.46734],[56.89874,51.46542],[56.86308,51.46209],[56.85242,51.46472],[56.84028,51.47529],[56.83309,51.48815],[56.83153,51.4865],[56.82326,51.48404],[56.81005,51.48494],[56.80592,51.48712],[56.7926,51.48603],[56.78922,51.48735],[56.7816,51.51052],[56.76319,51.50845],[56.74391,51.5059],[56.74285,51.50454],[56.74857,51.48408],[56.74316,51.47794],[56.73894,51.46874],[56.72926,51.51425],[56.72239,51.51665],[56.72005,51.51965],[56.72918,51.51984],[56.72568,51.52767],[56.71917,51.52708],[56.71712,51.53103],[56.74112,51.53422],[56.74823,51.54968],[56.73891,51.56552],[56.73118,51.58676],[56.77437,51.58509],[56.81414,51.58749],[56.81791,51.59195],[56.8923,51.60643],[56.89313,51.61327],[56.89402,51.62066],[56.89521,51.64723],[56.8935,51.64946],[56.88544,51.65138],[56.8851,51.66647],[56.88322,51.66955],[56.88407,51.67298],[56.88373,51.67384],[56.88613,51.67714],[56.87979,51.68177],[56.87842,51.68417],[56.87619,51.68399],[56.8743,51.68519],[56.87704,51.68571],[56.87259,51.68999],[56.86882,51.69342],[56.86916,51.69445],[56.86522,51.69891],[56.86539,51.70131],[56.86282,51.70182],[56.86145,51.70426],[56.79713,51.748],[56.8057,51.75491],[56.80905,51.75761],[56.81141,51.75588],[56.83873,51.76315],[56.84248,51.76477],[56.85001,51.75583],[56.86042,51.74681],[56.86402,51.74304],[56.87824,51.73756],[56.8863,51.74064],[56.88973,51.74064],[56.89435,51.74184],[56.8959,51.73807],[56.89881,51.73516],[56.94355,51.73396],[56.94955,51.74047],[56.95846,51.74579],[56.96926,51.73619],[56.96926,51.72385],[56.99686,51.72055],[56.99326,51.71815],[56.99549,51.71678],[56.99429,51.71575],[56.99566,51.71283],[56.99274,51.71056],[56.99686,51.70765],[56.99669,51.70594],[56.99737,51.70474],[56.99686,51.69839],[56.99754,51.69651],[56.99617,51.69445],[56.99741,51.68866],[57.00351,51.68699],[57.00673,51.68245],[57.00997,51.67768],[57.01532,51.67001],[57.03063,51.66596],[57.03971,51.66321],[57.04777,51.66681],[57.05542,51.67571],[57.06227,51.67847],[57.07223,51.68444],[57.07827,51.68607],[57.08511,51.68939],[57.08653,51.68777],[57.09557,51.66702],[57.10141,51.66004],[57.10527,51.65238],[57.11807,51.63217],[57.12642,51.62064],[57.12967,51.61615],[57.14341,51.59732],[57.16051,51.57574],[57.16953,51.57445],[57.17623,51.57333],[57.18198,51.57325],[57.18456,51.5729],[57.19194,51.57076],[57.19821,51.56955],[57.20311,51.56998],[57.20869,51.57273],[57.21093,51.57127],[57.22046,51.57574],[57.2281,51.5815],[57.22536,51.59021],[57.26349,51.59805],[57.30584,51.60709],[57.29355,51.62953],[57.32979,51.64874],[57.33186,51.64984],[57.36055,51.6533],[57.37189,51.66155],[57.37816,51.66696],[57.37833,51.66971],[57.37829,51.67152],[57.38383,51.67402],[57.39276,51.67694],[57.39911,51.68064],[57.40126,51.68452],[57.40607,51.68908],[57.40727,51.6914],[57.40418,51.69623],[57.40049,51.70619],[57.39963,51.7116],[57.39705,51.71873],[57.39594,51.72728],[57.39845,51.72729],[57.41964,51.72736],[57.44069,51.72693],[57.48131,51.7259],[57.48303,51.7235],[57.48664,51.72152],[57.49394,51.72049],[57.49909,51.72109],[57.51498,51.72745],[57.52941,51.73243],[57.53835,51.72986],[57.55063,51.72599],[57.55905,51.72513],[57.57373,51.72565],[57.58318,51.73701],[57.58542,51.73787],[57.58782,51.73993],[57.58988,51.74407],[57.60148,51.74536],[57.61625,51.74699],[57.62871,51.75043],[57.63523,51.75457],[57.63996,51.76067],[57.64082,51.76722],[57.62742,51.77461],[57.61092,51.78511],[57.61204,51.78949],[57.61384,51.79447],[57.62621,51.79904],[57.64159,51.80834],[57.64537,51.81374],[57.64528,51.81977],[57.65293,51.82337],[57.66976,51.83037],[57.66306,51.83888],[57.65868,51.84669],[57.64434,51.85176],[57.63901,51.85386],[57.64073,51.85627],[57.64502,51.86065],[57.65198,51.86615],[57.65533,51.86881],[57.67105,51.86718],[57.67723,51.85986],[57.68436,51.86303],[57.69621,51.86295],[57.69724,51.86192],[57.70059,51.8608],[57.7152,51.86003],[57.72012,51.84731],[57.72516,51.8343],[57.731,51.83224],[57.73865,51.82863],[57.74775,51.82881],[57.75437,51.82537],[57.76098,51.82563],[57.79791,51.8258],[57.82471,51.82614],[57.84378,51.82623],[57.84438,51.83791],[57.86946,51.83808],[57.89042,51.83826],[57.90288,51.8374],[57.90674,51.83714],[57.91241,51.83583],[57.94196,51.82164],[57.9551,51.82155],[57.95518,51.80704],[57.95518,51.79379],[57.96008,51.79422],[57.99916,51.79413],[58.02519,51.79413],[58.04022,51.79447],[58.06566,51.79403],[58.06959,51.79396],[58.07312,51.79593],[58.08454,51.79411],[58.09038,51.79454],[58.09888,51.79377],[58.10953,51.79188],[58.1085,51.78982],[58.10919,51.7887],[58.11117,51.78801],[58.11014,51.78638],[58.11065,51.78475],[58.11477,51.78372],[58.11435,51.78166],[58.11589,51.78043],[58.1195,51.78052],[58.12269,51.77999],[58.12525,51.77957],[58.12603,51.77863],[58.12448,51.77682],[58.11821,51.77373],[58.11855,51.77131],[58.11701,51.76985],[58.11812,51.76693],[58.11555,51.76684],[58.11512,51.76564],[58.11641,51.76461],[58.11443,51.76169],[58.11855,51.76057],[58.12001,51.75911],[58.12165,51.75885],[58.12654,51.75962],[58.1274,51.75859],[58.12852,51.75842],[58.12826,51.75696],[58.12981,51.75696],[58.13024,51.75645],[58.12903,51.75456],[58.13032,51.75232],[58.13118,51.75127],[58.13633,51.75119],[58.13943,51.7491],[58.14278,51.7491],[58.14329,51.74515],[58.14097,51.74601],[58.14252,51.74421],[58.14553,51.74412],[58.14596,51.74309],[58.14398,51.74172],[58.14449,51.74],[58.14793,51.73965],[58.15257,51.73508],[58.14724,51.73268],[58.14802,51.73156],[58.14398,51.73027],[58.14355,51.72855],[58.14338,51.72675],[58.14441,51.72452],[58.14551,51.72411]],[[57.72374,51.4806],[57.71188,51.47304],[57.70945,51.47246],[57.6947,51.46833],[57.6848,51.46751],[57.66341,51.47507],[57.66182,51.48035],[57.6511,51.48095],[57.63597,51.48179],[57.60632,51.51593],[57.60625,51.51727],[57.59452,51.52457],[57.59093,51.52434],[57.58518,51.52992],[57.58331,51.53006],[57.57674,51.53456],[57.57375,51.5347],[57.57028,51.53803],[57.55423,51.5384],[57.52753,51.52751],[57.53278,51.51461],[57.51702,51.51207],[57.50301,51.50426],[57.48619,51.47448],[57.48459,51.45945],[57.48201,51.4415],[57.48522,51.4234],[57.50229,51.40902],[57.49456,51.40393],[57.49135,51.40356],[57.48745,51.39052],[57.48549,51.38525],[57.48448,51.37715],[57.48375,51.37482],[57.48598,51.37327],[57.48512,51.37085],[57.48622,51.36989],[57.48827,51.36909],[57.49173,51.36835],[57.49476,51.36854],[57.49669,51.36823],[57.49715,51.36806],[57.4988,51.36709],[57.50027,51.36663],[57.5025,51.36628],[57.50498,51.36594],[57.50755,51.36584],[57.51018,51.36611],[57.51168,51.3667],[57.51333,51.36804],[57.51535,51.36993],[57.51802,51.37131],[57.51895,51.36983],[57.52056,51.3692],[57.52289,51.37038],[57.53238,51.37047],[57.5442,51.36801],[57.55135,51.36482],[57.54565,51.3518],[57.53296,51.33986],[57.53077,51.31478],[57.52742,51.31123],[57.50553,51.30576],[57.51574,51.29189],[57.49678,51.28112],[57.49678,51.27875],[57.49546,51.27628],[57.49517,51.27455],[57.49269,51.27263],[57.49225,51.27062],[57.49094,51.26825],[57.52143,51.24533],[57.53763,51.25492],[57.54434,51.25382],[57.55514,51.24451],[57.55835,51.24387],[57.55981,51.24487],[57.56302,51.24533],[57.56462,51.24624],[57.56754,51.24752],[57.56798,51.24908],[57.56856,51.25127],[57.57075,51.25255],[57.57294,51.25264],[57.57352,51.25382],[57.57411,51.25611],[57.57644,51.25583],[57.57746,51.25766],[57.57965,51.25885],[57.58184,51.2593],[57.58301,51.26122],[57.58301,51.2625],[57.58476,51.26378],[57.58738,51.26359],[57.58972,51.26478],[57.5938,51.26569],[57.59949,51.26569],[57.60066,51.26734],[57.60212,51.26907],[57.61117,51.27008],[57.61058,51.27181],[57.61219,51.27355],[57.61423,51.27491],[57.64108,51.2792],[57.64575,51.28879],[57.61861,51.30639],[57.60402,51.31889],[57.62211,51.32035],[57.62415,51.32089],[57.62328,51.32837],[57.62765,51.33038],[57.63582,51.33247],[57.63991,51.33293],[57.64764,51.33302],[57.65158,51.33439],[57.64983,51.33566],[57.65027,51.33785],[57.64545,51.3445],[57.6437,51.34815],[57.64254,51.35043],[57.64516,51.35125],[57.65129,51.35407],[57.64502,51.35808],[57.64122,51.35899],[57.64078,51.36072],[57.62867,51.36637],[57.62999,51.36792],[57.6297,51.36938],[57.63101,51.3702],[57.63509,51.37093],[57.63626,51.37202],[57.63801,51.37348],[57.63918,51.37475],[57.64545,51.37985],[57.67945,51.35927],[57.68193,51.35079],[57.68105,51.32682],[57.72906,51.32618],[57.72949,51.35453],[57.73387,51.35407],[57.73694,51.3528],[57.7667,51.35289],[57.76768,51.39735],[57.78141,51.39795],[57.78145,51.41382],[57.76907,51.41406],[57.76663,51.41975],[57.76687,51.42228],[57.76419,51.4207],[57.76202,51.41967],[57.75819,51.41798],[57.75493,51.41717],[57.74979,51.41455],[57.74568,51.4146],[57.74437,51.4128],[57.634,51.41041],[57.62625,51.41915],[57.62494,51.41915],[57.62121,51.42212],[57.61887,51.42415],[57.61813,51.42555],[57.62018,51.42654],[57.6213,51.42794],[57.62214,51.43038],[57.62223,51.43289],[57.62009,51.43306],[57.62279,51.43458],[57.62606,51.43493],[57.6368,51.44005],[57.64753,51.43816],[57.65126,51.44003],[57.67457,51.44034],[57.67798,51.44342],[57.72383,51.44476],[57.72374,51.4806]]]}},{"type":"Feature","properties":{"oktmo":"53625000","name":"Курманаевский муниципальный район","type":"муниципальный район","center":"с Курманаевка"},"geometry":{"type":"Polygon","coordinates":[[[51.72432,52.65325],[51.72307,52.64794],[51.71804,52.63154],[51.73423,52.63117],[51.74018,52.62924],[51.75591,52.62758],[51.75562,52.62833],[51.75675,52.62851],[51.76724,52.62694],[51.77018,52.62696],[51.77758,52.62597],[51.7776,52.62528],[51.78795,52.62429],[51.78381,52.60324],[51.78003,52.59608],[51.78124,52.59411],[51.78078,52.59262],[51.78364,52.59202],[51.78725,52.59187],[51.79232,52.59247],[51.85395,52.58544],[51.87435,52.58557],[51.88214,52.58731],[51.88995,52.59007],[51.87877,52.5965],[51.87176,52.60091],[51.85517,52.61078],[51.8627,52.61579],[51.86939,52.61633],[51.88488,52.62288],[51.89188,52.6225],[51.89457,52.62347],[51.899,52.62375],[51.90888,52.62362],[51.91924,52.62018],[51.92245,52.61732],[51.92691,52.61601],[51.93208,52.61691],[51.93633,52.61649],[51.94005,52.61511],[51.94282,52.61681],[51.95033,52.61685],[51.95709,52.61412],[51.95724,52.6129],[51.9629,52.611],[51.96697,52.61227],[51.96736,52.61403],[51.97338,52.61552],[51.97661,52.61506],[51.97717,52.61345],[51.98082,52.6133],[51.98277,52.61532],[51.98199,52.61673],[51.98504,52.6162],[51.98688,52.61775],[51.98819,52.61739],[51.9895,52.61762],[51.99017,52.61952],[51.99209,52.61898],[51.9952,52.61999],[51.99655,52.6224],[51.99927,52.63009],[51.99813,52.6337],[52.00393,52.64591],[52.00858,52.66312],[52.016,52.67778],[52.01873,52.67983],[52.02199,52.68035],[52.02719,52.67988],[52.04393,52.67785],[52.05841,52.67577],[52.07503,52.67386],[52.08963,52.67229],[52.11813,52.66882],[52.11544,52.65994],[52.11434,52.65641],[52.11353,52.65381],[52.12524,52.65334],[52.1286,52.64984],[52.13126,52.65105],[52.13264,52.65017],[52.13048,52.64883],[52.13207,52.64813],[52.12988,52.64593],[52.13165,52.64469],[52.14178,52.65169],[52.14525,52.65158],[52.1476,52.65231],[52.14932,52.65221],[52.15085,52.65165],[52.1524,52.65169],[52.15357,52.65066],[52.15364,52.64952],[52.15311,52.64815],[52.1551,52.64806],[52.15599,52.64958],[52.17373,52.64733],[52.17543,52.64785],[52.17543,52.64944],[52.17923,52.65088],[52.17493,52.6561],[52.17939,52.6588],[52.18734,52.65887],[52.19276,52.65663],[52.19894,52.65963],[52.2046,52.65838],[52.2475,52.65357],[52.26176,52.65169],[52.25927,52.64211],[52.27281,52.64057],[52.27213,52.63698],[52.26752,52.63736],[52.26446,52.63226],[52.25974,52.61857],[52.25822,52.61149],[52.25221,52.59507],[52.24908,52.58541],[52.25234,52.58202],[52.25813,52.57916],[52.24124,52.52535],[52.24749,52.52553],[52.32578,52.51591],[52.32816,52.51681],[52.32878,52.51681],[52.32998,52.51742],[52.33077,52.51749],[52.33233,52.51827],[52.3334,52.51879],[52.33383,52.51969],[52.33444,52.52009],[52.33427,52.52096],[52.33448,52.52132],[52.33558,52.52184],[52.33675,52.52252],[52.3382,52.52262],[52.33931,52.52298],[52.33992,52.52317],[52.34092,52.5233],[52.34168,52.52307],[52.34108,52.52136],[52.34039,52.51937],[52.33978,52.51739],[52.33957,52.51683],[52.33901,52.51672],[52.33831,52.51485],[52.33541,52.50632],[52.32919,52.48635],[52.32723,52.48016],[52.32518,52.47396],[52.32138,52.46155],[52.27778,52.46676],[52.23447,52.47189],[52.22993,52.45924],[52.22654,52.44611],[52.22432,52.43482],[52.22631,52.43359],[52.22697,52.4323],[52.22795,52.4317],[52.23012,52.43118],[52.2304,52.43035],[52.23304,52.42914],[52.23421,52.42869],[52.23523,52.42853],[52.23809,52.42645],[52.23902,52.42537],[52.24059,52.42466],[52.24454,52.42205],[52.2494,52.41695],[52.24961,52.41593],[52.25164,52.41483],[52.25492,52.41174],[52.26524,52.41271],[52.27495,52.41289],[52.2704,52.39658],[52.27118,52.39352],[52.26988,52.39303],[52.26536,52.39277],[52.26082,52.39046],[52.25714,52.38933],[52.25335,52.38802],[52.25207,52.38794],[52.25366,52.39129],[52.25067,52.39406],[52.24531,52.39793],[52.24622,52.39937],[52.24079,52.39938],[52.23991,52.39617],[52.23825,52.39252],[52.23458,52.3926],[52.22693,52.39327],[52.21817,52.39478],[52.21526,52.39644],[52.1995,52.40267],[52.20026,52.39945],[52.15451,52.40058],[52.15424,52.38926],[52.15397,52.37636],[52.15385,52.36919],[52.12407,52.36915],[52.12169,52.36593],[52.12158,52.35919],[52.11631,52.35892],[52.10677,52.35072],[52.10664,52.3386],[52.10668,52.31809],[52.11352,52.318],[52.11379,52.31081],[52.11939,52.31082],[52.12251,52.31103],[52.12287,52.31758],[52.15567,52.31711],[52.17461,52.31692],[52.1762,52.31693],[52.17855,52.31657],[52.19317,52.31971],[52.20317,52.32146],[52.21735,52.32531],[52.21929,52.32561],[52.21932,52.32454],[52.22012,52.32271],[52.22013,52.31764],[52.21927,52.31614],[52.21857,52.31462],[52.21794,52.31228],[52.21781,52.30967],[52.21708,52.30848],[52.21303,52.30391],[52.2239,52.30399],[52.22383,52.29514],[52.25775,52.29434],[52.25689,52.29039],[52.25683,52.28937],[52.25662,52.28722],[52.25653,52.28547],[52.25963,52.28526],[52.27097,52.28552],[52.27091,52.28351],[52.2709,52.2829],[52.27144,52.28261],[52.27088,52.28114],[52.27078,52.28047],[52.27071,52.27929],[52.27094,52.27321],[52.27105,52.26702],[52.27106,52.26117],[52.27073,52.25959],[52.2703,52.25917],[52.26446,52.25987],[52.26394,52.25902],[52.26359,52.25804],[52.26354,52.25737],[52.26168,52.25562],[52.26126,52.25339],[52.26095,52.25293],[52.26132,52.25233],[52.26089,52.2518],[52.26041,52.25138],[52.25994,52.2506],[52.25945,52.25012],[52.25944,52.24936],[52.25906,52.24896],[52.25894,52.24859],[52.25846,52.24827],[52.25844,52.24712],[52.25784,52.24694],[52.2572,52.24641],[52.25666,52.24594],[52.25654,52.24545],[52.25641,52.2448],[52.25573,52.24421],[52.25563,52.24327],[52.2556,52.24258],[52.25574,52.24208],[52.255,52.24038],[52.25453,52.23944],[52.25343,52.23879],[52.25181,52.23906],[52.24988,52.23906],[52.24937,52.23897],[52.24869,52.23815],[52.24744,52.23764],[52.24571,52.23655],[52.24554,52.23565],[52.2467,52.23536],[52.24774,52.23586],[52.24907,52.23586],[52.24816,52.23537],[52.24564,52.23501],[52.24475,52.23473],[52.24366,52.23495],[52.24154,52.23586],[52.23996,52.23664],[52.23873,52.23698],[52.2382,52.23734],[52.2367,52.2373],[52.23561,52.23773],[52.23463,52.23772],[52.23366,52.23706],[52.233,52.23713],[52.23263,52.2377],[52.23201,52.23812],[52.2311,52.2381],[52.229,52.23725],[52.22816,52.23723],[52.22766,52.23742],[52.22731,52.23783],[52.22678,52.2386],[52.22644,52.23905],[52.22538,52.23918],[52.22399,52.2397],[52.22399,52.23676],[52.22308,52.23626],[52.22233,52.21206],[52.21971,52.18364],[52.21948,52.18262],[52.21822,52.18336],[52.21734,52.18404],[52.2166,52.18437],[52.21548,52.18399],[52.21434,52.18313],[52.21352,52.18311],[52.2124,52.18427],[52.21187,52.18466],[52.21107,52.18489],[52.20935,52.18492],[52.20787,52.18545],[52.20643,52.18569],[52.20464,52.18578],[52.20298,52.18574],[52.20171,52.18549],[52.20122,52.18501],[52.20118,52.18413],[52.20125,52.18377],[52.20175,52.18324],[52.20296,52.1826],[52.20457,52.18246],[52.2053,52.18254],[52.20539,52.18377],[52.20619,52.18419],[52.20692,52.18424],[52.20738,52.18394],[52.20742,52.18283],[52.20656,52.18266],[52.20597,52.18131],[52.20557,52.18102],[52.20464,52.1807],[52.2038,52.1803],[52.20408,52.17993],[52.20537,52.17983],[52.20975,52.17525],[52.20837,52.17192],[52.21057,52.17095],[52.21004,52.16993],[52.20805,52.16853],[52.20575,52.16369],[52.20571,52.16307],[52.20648,52.16255],[52.2064,52.16191],[52.20606,52.16157],[52.20534,52.16116],[52.20599,52.1592],[52.206,52.15553],[52.21235,52.15274],[52.20799,52.14632],[52.2134,52.14157],[52.20972,52.13758],[52.20763,52.13477],[52.20686,52.1347],[52.20607,52.13285],[52.20475,52.13313],[52.20422,52.13276],[52.20326,52.13235],[52.20319,52.13196],[52.20384,52.13165],[52.2036,52.13111],[52.20258,52.13118],[52.20223,52.13037],[52.20132,52.13025],[52.20129,52.12953],[52.20297,52.12833],[52.19048,52.12818],[52.15716,52.12818],[52.10023,52.12811],[52.08968,52.13131],[52.07381,52.12809],[52.06842,52.12809],[52.04849,52.1281],[52.03835,52.12125],[52.03123,52.121],[52.01252,52.1272],[52.00018,52.12724],[52.00033,52.1256],[51.99089,52.11842],[51.98225,52.12352],[51.97111,52.12361],[51.92679,52.1232],[51.90131,52.12311],[51.88515,52.08773],[51.77,52.14368],[51.73989,52.16053],[51.69686,52.18459],[51.64125,52.20342],[51.63902,52.20406],[51.60897,52.21313],[51.55034,52.23082],[51.53942,52.22015],[51.53625,52.21637],[51.53629,52.21114],[51.53529,52.21017],[51.53544,52.20968],[51.53664,52.20549],[51.5371,52.19308],[51.52902,52.19286],[51.51466,52.19252],[51.48948,52.19193],[51.4516,52.19165],[51.45495,52.20612],[51.46171,52.22518],[51.43859,52.22524],[51.42289,52.22531],[51.40782,52.22538],[51.40778,52.23041],[51.40824,52.23999],[51.40687,52.24872],[51.39923,52.27221],[51.39995,52.30255],[51.39979,52.30795],[51.39988,52.32249],[51.39845,52.33247],[51.39727,52.33747],[51.39351,52.34472],[51.38849,52.3527],[51.38701,52.3549],[51.38449,52.35775],[51.38212,52.35821],[51.38079,52.35911],[51.37708,52.36074],[51.37577,52.36181],[51.3731,52.3643],[51.37108,52.36516],[51.43093,52.36568],[51.46103,52.36562],[51.46052,52.37163],[51.46032,52.37302],[51.4607,52.37449],[51.46,52.37753],[51.45935,52.37943],[51.45858,52.38157],[51.45924,52.38396],[51.46062,52.38534],[51.46045,52.39103],[51.46399,52.39298],[51.46542,52.39297],[51.46528,52.39365],[51.46591,52.39408],[51.46594,52.3947],[51.46556,52.39525],[51.46579,52.39636],[51.46534,52.39692],[51.46454,52.39727],[51.46387,52.39796],[51.46346,52.39872],[51.46325,52.3997],[51.46243,52.40019],[51.46204,52.40069],[51.46198,52.40183],[51.46224,52.40368],[51.46268,52.40487],[51.46198,52.40577],[51.46205,52.40672],[51.46272,52.40744],[51.46397,52.40819],[51.46416,52.40888],[51.4644,52.40947],[51.46476,52.40992],[51.46483,52.41077],[51.46549,52.41115],[51.46573,52.41167],[51.46551,52.41214],[51.46551,52.41289],[51.46599,52.41356],[51.46677,52.41393],[51.46684,52.41467],[51.4675,52.41508],[51.46769,52.41582],[51.46802,52.41656],[51.46757,52.41736],[51.46724,52.41791],[51.46776,52.4182],[51.4684,52.41878],[51.46849,52.41945],[51.46837,52.42015],[51.46897,52.42088],[51.46868,52.42163],[51.46889,52.42228],[51.46963,52.4231],[51.47027,52.42364],[51.4701,52.42417],[51.47036,52.42462],[51.47107,52.42522],[51.47126,52.42609],[51.47192,52.42642],[51.47228,52.42682],[51.47239,52.42724],[51.47225,52.42776],[51.47315,52.42866],[51.54806,52.42887],[51.54807,52.43789],[51.54856,52.44568],[51.54818,52.46205],[51.54925,52.46268],[51.54908,52.46379],[51.54754,52.46379],[51.54602,52.4638],[51.54308,52.46255],[51.54165,52.46241],[51.53963,52.46298],[51.53815,52.46267],[51.53689,52.46347],[51.53524,52.46379],[51.53145,52.46303],[51.53152,52.4668],[51.53285,52.46788],[51.53345,52.46938],[51.53265,52.47219],[51.53238,52.47526],[51.51424,52.49542],[51.49325,52.49404],[51.49021,52.51206],[51.46101,52.5103],[51.45167,52.56876],[51.47791,52.57043],[51.47944,52.56735],[51.4831,52.56573],[51.48599,52.56547],[51.48886,52.56675],[51.49164,52.56671],[51.49681,52.56586],[51.49923,52.56508],[51.50064,52.5631],[51.50215,52.56141],[51.50245,52.56022],[51.5063,52.56104],[51.51086,52.56097],[51.51257,52.5606],[51.51375,52.56084],[51.51234,52.5637],[51.51186,52.56568],[51.51124,52.56872],[51.51052,52.57152],[51.5095,52.58183],[51.50707,52.59464],[51.503,52.59493],[51.50017,52.59549],[51.49855,52.59646],[51.49411,52.59767],[51.49141,52.59982],[51.48884,52.6024],[51.48618,52.6037],[51.48357,52.60436],[51.47863,52.60495],[51.47701,52.60482],[51.47536,52.60474],[51.47171,52.62853],[51.53049,52.632],[51.52454,52.66866],[51.52323,52.67676],[51.56097,52.67925],[51.61192,52.68179],[51.61381,52.66607],[51.61556,52.65559],[51.61677,52.64585],[51.71521,52.65189],[51.72432,52.65325]]]}},{"type":"Feature","properties":{"oktmo":"53627000","name":"Матвеевский муниципальный район","type":"муниципальный район","center":"с Матвеевка"},"geometry":{"type":"Polygon","coordinates":[[[53.68533,53.49171],[53.68775,53.49268],[53.69166,53.49384],[53.72223,53.50065],[53.72503,53.49606],[53.73918,53.49923],[53.74935,53.47927],[53.75773,53.46264],[53.80681,53.4339],[53.8268,53.42152],[53.80215,53.41558],[53.79382,53.41411],[53.77096,53.39699],[53.758,53.38786],[53.74292,53.37977],[53.74055,53.37707],[53.73553,53.37472],[53.73096,53.37458],[53.72569,53.37395],[53.71695,53.37185],[53.71181,53.37128],[53.7111,53.36957],[53.71968,53.36281],[53.7272,53.36061],[53.73239,53.3586],[53.74114,53.35485],[53.75031,53.35001],[53.75716,53.34813],[53.77706,53.3464],[53.79487,53.34751],[53.80372,53.34511],[53.83414,53.33336],[53.85612,53.31858],[53.86453,53.31161],[53.86516,53.28188],[53.86803,53.28027],[53.85231,53.25371],[53.84519,53.24194],[53.85272,53.24026],[53.84832,53.22655],[53.84723,53.22643],[53.84604,53.22532],[53.84428,53.22487],[53.84284,53.22523],[53.83495,53.18066],[53.80184,53.18196],[53.78098,53.16437],[53.73745,53.16651],[53.73712,53.16421],[53.73096,53.12198],[53.75174,53.11868],[53.74991,53.11731],[53.73367,53.10575],[53.72637,53.09482],[53.68419,53.09729],[53.66478,53.09763],[53.65283,53.10127],[53.6413,53.10435],[53.64508,53.10994],[53.58774,53.12553],[53.57725,53.11381],[53.56947,53.1161],[53.55664,53.12907],[53.55465,53.13503],[53.54803,53.14366],[53.54498,53.14967],[53.48651,53.15364],[53.46472,53.1057],[53.45835,53.09173],[53.43631,53.09271],[53.40666,53.09389],[53.37485,53.12779],[53.34566,53.14072],[53.27611,53.17221],[53.27767,53.1795],[53.27968,53.1906],[53.31851,53.20912],[53.36884,53.2329],[53.37241,53.23677],[53.37375,53.24025],[53.3752,53.25206],[53.34551,53.25379],[53.32074,53.25594],[53.31784,53.24579],[53.31561,53.24586],[53.31851,53.256],[53.26763,53.25954],[53.26004,53.25614],[53.25837,53.2546],[53.24587,53.26001],[53.28158,53.30364],[53.27332,53.30617],[53.27689,53.31104],[53.29341,53.33057],[53.29533,53.33412],[53.30253,53.34241],[53.30219,53.34294],[53.29996,53.34328],[53.29117,53.34343],[53.28463,53.34847],[53.28362,53.34811],[53.27989,53.34821],[53.27631,53.34737],[53.27537,53.34791],[53.27486,53.34874],[53.27358,53.34944],[53.27101,53.34961],[53.26984,53.34997],[53.26856,53.35094],[53.26862,53.35174],[53.26806,53.35267],[53.26633,53.354],[53.26505,53.35437],[53.26348,53.35383],[53.26209,53.35403],[53.25913,53.35413],[53.25779,53.3538],[53.25617,53.35433],[53.25746,53.35513],[53.25718,53.35587],[53.25467,53.3564],[53.25277,53.35647],[53.25188,53.35733],[53.25277,53.35826],[53.25244,53.35936],[53.25333,53.3598],[53.255,53.35996],[53.25567,53.36139],[53.25684,53.36236],[53.25796,53.36233],[53.25902,53.36189],[53.2699,53.36782],[53.29763,53.37248],[53.30468,53.37411],[53.31019,53.37504],[53.27102,53.39187],[53.27535,53.39419],[53.26307,53.39554],[53.26302,53.39757],[53.26479,53.40367],[53.24191,53.4061],[53.23217,53.40679],[53.23373,53.41267],[53.24042,53.4379],[53.2118,53.44058],[53.2173,53.45914],[53.22254,53.47187],[53.22244,53.47435],[53.22481,53.47656],[53.22461,53.47688],[53.22569,53.47764],[53.22658,53.47755],[53.22734,53.47818],[53.22936,53.47731],[53.23113,53.47733],[53.23357,53.47681],[53.23435,53.4772],[53.23443,53.47776],[53.23311,53.47824],[53.23365,53.47856],[53.23472,53.47851],[53.23613,53.47801],[53.23805,53.47848],[53.2407,53.47804],[53.24146,53.47996],[53.24308,53.48043],[53.24593,53.48034],[53.25056,53.48142],[53.25582,53.47876],[53.25725,53.4789],[53.25944,53.47902],[53.2646,53.48851],[53.2707,53.49007],[53.28051,53.49326],[53.28326,53.49535],[53.28603,53.5031],[53.28607,53.54016],[53.29303,53.54189],[53.29219,53.58364],[53.28148,53.58653],[53.26714,53.58802],[53.26088,53.58802],[53.25584,53.58785],[53.25294,53.59413],[53.24752,53.61552],[53.24278,53.618],[53.25032,53.63314],[53.25332,53.63306],[53.2551,53.63469],[53.25505,53.64216],[53.26509,53.6463],[53.27143,53.65006],[53.2768,53.65354],[53.27872,53.65351],[53.2795,53.65459],[53.28088,53.65438],[53.2832,53.6561],[53.28649,53.65651],[53.28787,53.65765],[53.32217,53.63093],[53.3166,53.62364],[53.32945,53.62238],[53.33029,53.62418],[53.34129,53.62694],[53.3431,53.6331],[53.3394,53.63549],[53.33727,53.63875],[53.34851,53.64961],[53.35023,53.65009],[53.35193,53.64969],[53.35685,53.64987],[53.35894,53.64395],[53.36018,53.64456],[53.36203,53.63968],[53.36364,53.63971],[53.36384,53.63614],[53.36661,53.63364],[53.36259,53.63095],[53.36695,53.62914],[53.3704,53.63119],[53.3728,53.63071],[53.38232,53.63058],[53.38415,53.63296],[53.39052,53.63611],[53.39398,53.63669],[53.4073,53.63833],[53.42818,53.63624],[53.43601,53.63698],[53.4775,53.64725],[53.48001,53.64416],[53.49367,53.62025],[53.49219,53.61062],[53.50192,53.61017],[53.50375,53.61007],[53.50761,53.61059],[53.50958,53.6114],[53.51176,53.61288],[53.52474,53.61891],[53.53935,53.62303],[53.54933,53.62731],[53.55622,53.62987],[53.56109,53.62422],[53.56622,53.61669],[53.56774,53.61705],[53.5953,53.56749],[53.6379,53.57585],[53.6393,53.57433],[53.63925,53.56924],[53.63676,53.56352],[53.63664,53.55752],[53.63823,53.55059],[53.64752,53.53732],[53.58957,53.52576],[53.5756,53.52288],[53.57423,53.51019],[53.57801,53.50569],[53.57706,53.50349],[53.57992,53.50198],[53.58141,53.49675],[53.57977,53.49445],[53.58245,53.49063],[53.5902,53.48806],[53.59191,53.48498],[53.60288,53.48958],[53.63561,53.49573],[53.63629,53.49328],[53.64107,53.49456],[53.6439,53.49474],[53.64368,53.49286],[53.64777,53.4919],[53.65054,53.49045],[53.65191,53.48672],[53.65412,53.4877],[53.65978,53.48534],[53.67799,53.49199],[53.68057,53.49227],[53.68415,53.49143],[53.68533,53.49171]]]}},{"type":"Feature","properties":{"oktmo":"53630000","name":"Новоорский муниципальный район","type":"муниципальный район","center":"п Новоорск"},"geometry":{"type":"Polygon","coordinates":[[[59.30056,51.65285],[59.29113,51.64725],[59.28744,51.64492],[59.28005,51.63793],[59.27693,51.63316],[59.27186,51.63026],[59.27258,51.62611],[59.23992,51.60652],[59.24677,51.60232],[59.2464,51.57814],[59.20436,51.55251],[59.2686,51.516],[59.25337,51.50105],[59.2739,51.48821],[59.30486,51.47133],[59.34699,51.43522],[59.35609,51.4348],[59.38053,51.44524],[59.39749,51.4421],[59.41769,51.44185],[59.46952,51.44334],[59.47392,51.44062],[59.4691,51.37116],[59.47672,51.36547],[59.56872,51.35287],[59.59696,51.34324],[59.59496,51.33213],[59.58214,51.3234],[59.57892,51.31489],[59.54934,51.30009],[59.54993,51.28591],[59.53455,51.26801],[59.49534,51.27261],[59.48768,51.25342],[59.43698,51.26126],[59.43575,51.25225],[59.3921,51.2568],[59.37926,51.25924],[59.36824,51.25933],[59.37364,51.2377],[59.38225,51.24568],[59.39606,51.2351],[59.38859,51.22281],[59.38301,51.22078],[59.38671,51.21298],[59.3783,51.20886],[59.37645,51.18615],[59.35088,51.18023],[59.30466,51.18416],[59.30104,51.16797],[59.27987,51.17026],[59.23463,51.17423],[59.21517,51.11038],[59.09654,51.12333],[59.07918,51.12794],[59.07661,51.12365],[59.06282,51.12068],[59.06111,51.12483],[59.05346,51.12181],[59.04362,51.12149],[59.03895,51.12337],[59.02557,51.1227],[59.02121,51.12594],[59.02753,51.13613],[59.01492,51.14181],[59.0019,51.14369],[58.98808,51.14693],[59.01614,51.23394],[58.91612,51.23103],[58.89995,51.23085],[58.87455,51.14693],[58.86703,51.15235],[58.86219,51.15506],[58.8553,51.15648],[58.84768,51.15809],[58.84215,51.15781],[58.83851,51.16224],[58.82778,51.16206],[58.82244,51.16167],[58.80304,51.15895],[58.79741,51.15467],[58.79092,51.15411],[58.79018,51.15955],[58.79795,51.16686],[58.79583,51.17025],[58.79111,51.17307],[58.79413,51.17623],[58.79467,51.17713],[58.78892,51.18039],[58.78377,51.18315],[58.77865,51.18492],[58.78465,51.19572],[58.81306,51.25251],[58.78561,51.27365],[58.79788,51.28026],[58.79433,51.28273],[58.78964,51.28688],[58.78373,51.28685],[58.78413,51.31036],[58.77929,51.31086],[58.77763,51.3136],[58.78108,51.31794],[58.78157,51.32001],[58.77642,51.31909],[58.77483,51.32078],[58.77602,51.32979],[58.77224,51.33045],[58.77056,51.33215],[58.7644,51.33281],[58.75668,51.32697],[58.74847,51.34097],[58.74975,51.34634],[58.76486,51.34747],[58.76619,51.35418],[58.76044,51.35961],[58.75831,51.37318],[58.78133,51.38361],[58.77836,51.3904],[58.77418,51.39383],[58.77214,51.39656],[58.76465,51.39802],[58.76152,51.40076],[58.76709,51.40539],[58.77042,51.40804],[58.76843,51.41211],[58.75229,51.41303],[58.75137,51.41709],[58.75681,51.41836],[58.76325,51.41758],[58.76648,51.41754],[58.76763,51.41954],[58.76464,51.42565],[58.75722,51.42913],[58.7486,51.42926],[58.74324,51.43002],[58.74234,51.43475],[58.74455,51.43606],[58.74565,51.43672],[58.74255,51.44014],[58.74165,51.44487],[58.74501,51.44819],[58.74611,51.44884],[58.7515,51.44876],[58.75905,51.44865],[58.76236,51.45062],[58.7636,51.45465],[58.76367,51.45667],[58.76267,51.45871],[58.76375,51.45869],[58.77027,51.45994],[58.77787,51.46117],[58.77051,51.466],[58.76838,51.46671],[58.76386,51.47419],[58.75365,51.47391],[58.75202,51.47348],[58.74966,51.47356],[58.74827,51.47409],[58.74701,51.47485],[58.74661,51.47591],[58.74595,51.47693],[58.74372,51.47812],[58.73883,51.47903],[58.73773,51.4806],[58.73765,51.48207],[58.73863,51.48276],[58.74123,51.48294],[58.74343,51.48273],[58.74612,51.48311],[58.74762,51.48453],[58.74832,51.48648],[58.74812,51.48804],[58.74757,51.48933],[58.74686,51.48994],[58.74547,51.49052],[58.74376,51.49098],[58.73685,51.49381],[58.72753,51.49745],[58.70842,51.50804],[58.6976,51.50752],[58.69581,51.51765],[58.68436,51.52928],[58.6887,51.52989],[58.69945,51.52839],[58.71023,51.52755],[58.71475,51.53288],[58.7139,51.53896],[58.70528,51.53976],[58.71533,51.54837],[58.72511,51.54958],[58.74139,51.55136],[58.74373,51.55604],[58.76763,51.55905],[58.77258,51.60279],[58.79596,51.60148],[58.79839,51.62118],[58.78301,51.63326],[58.78353,51.64247],[58.78426,51.65359],[58.78539,51.67215],[58.77844,51.67312],[58.78132,51.67945],[58.78217,51.68222],[58.7817,51.68386],[58.77709,51.68514],[58.78637,51.70344],[58.78053,51.69927],[58.7687,51.69378],[58.75908,51.69235],[58.75476,51.69487],[58.74982,51.69337],[58.74648,51.69978],[58.75204,51.70539],[58.75,51.7076],[58.73913,51.70619],[58.72165,51.71504],[58.71819,51.71808],[58.71414,51.72089],[58.71276,51.7227],[58.71395,51.72455],[58.71599,51.72536],[58.71656,51.72587],[58.71803,51.7264],[58.71856,51.72829],[58.71961,51.72869],[58.72149,51.72825],[58.72254,51.72848],[58.72287,51.72916],[58.72521,51.72832],[58.72684,51.72793],[58.72842,51.7287],[58.72875,51.72895],[58.72894,51.7296],[58.72939,51.73021],[58.73116,51.73094],[58.74359,51.72948],[58.75915,51.73481],[58.76701,51.73903],[58.76757,51.74074],[58.77047,51.74348],[58.77027,51.74525],[58.77238,51.74737],[58.77925,51.7732],[58.78762,51.78479],[58.81079,51.77407],[58.82268,51.77253],[58.8312,51.76836],[58.83726,51.77445],[58.84005,51.77484],[58.84243,51.77634],[58.84611,51.77636],[58.87819,51.76926],[58.89404,51.76634],[58.90717,51.77168],[58.9179,51.77665],[58.93168,51.78316],[58.94106,51.78763],[58.94668,51.78986],[58.9609,51.79066],[58.97069,51.79064],[58.97226,51.7878],[58.99103,51.78443],[58.99538,51.77798],[59.02158,51.76991],[59.02976,51.77371],[59.03628,51.776],[59.07346,51.76796],[59.10957,51.76956],[59.14482,51.76921],[59.1558,51.77061],[59.15874,51.77524],[59.16839,51.77736],[59.16919,51.78383],[59.1763,51.78331],[59.18974,51.78315],[59.20113,51.78942],[59.21085,51.79246],[59.2199,51.79367],[59.22685,51.79669],[59.23457,51.804],[59.24475,51.80958],[59.25254,51.81708],[59.26622,51.81684],[59.28156,51.81806],[59.32195,51.81713],[59.32594,51.81826],[59.36431,51.77996],[59.3675,51.77981],[59.37293,51.77585],[59.39101,51.78089],[59.42326,51.7494],[59.40762,51.72959],[59.39587,51.71653],[59.39025,51.70163],[59.38462,51.6996],[59.37291,51.70026],[59.34804,51.6866],[59.33832,51.67221],[59.32122,51.67512],[59.30566,51.66771],[59.29481,51.67135],[59.29215,51.65982],[59.30056,51.65285]]]}},{"type":"Feature","properties":{"oktmo":"53631000","name":"Новосергиевский муниципальный район","type":"муниципальный район","center":"п Новосергиевка"},"geometry":{"type":"Polygon","coordinates":[[[54.02263,52.68851],[54.01667,52.67734],[54.01891,52.67664],[54.01008,52.65958],[54.02156,52.65661],[54.01837,52.65207],[54.01837,52.65108],[54.01708,52.65046],[54.013,52.64164],[54.04393,52.63586],[54.03374,52.61487],[54.02919,52.60849],[54.06076,52.60235],[54.05032,52.58127],[54.04186,52.56647],[54.04283,52.56669],[54.04376,52.56679],[54.04451,52.56703],[54.04477,52.56745],[54.04497,52.5678],[54.04554,52.56808],[54.04617,52.56832],[54.04683,52.56851],[54.04766,52.56885],[54.04805,52.56918],[54.04827,52.56969],[54.04832,52.57009],[54.04861,52.57043],[54.04909,52.57062],[54.04965,52.57071],[54.05017,52.57065],[54.05063,52.57037],[54.05093,52.57001],[54.05142,52.56956],[54.05222,52.56915],[54.05313,52.56885],[54.05368,52.56852],[54.05449,52.56843],[54.05526,52.56874],[54.05572,52.56889],[54.05596,52.56925],[54.05588,52.56965],[54.05528,52.56982],[54.05467,52.57004],[54.05399,52.57063],[54.05405,52.57111],[54.05474,52.57141],[54.05543,52.57132],[54.05605,52.57113],[54.05675,52.57102],[54.05763,52.57057],[54.05774,52.5701],[54.05788,52.56978],[54.058,52.56943],[54.05835,52.56911],[54.05926,52.56899],[54.06,52.56885],[54.06048,52.56866],[54.06084,52.56834],[54.06179,52.56816],[54.06257,52.56819],[54.06315,52.56808],[54.0637,52.56768],[54.06417,52.56724],[54.06483,52.56721],[54.06559,52.56718],[54.06617,52.56718],[54.06669,52.56697],[54.06738,52.56633],[54.06752,52.5659],[54.06771,52.56546],[54.06809,52.56502],[54.06877,52.56446],[54.06902,52.56393],[54.06939,52.56353],[54.07024,52.56347],[54.0711,52.56344],[54.07174,52.56335],[54.07256,52.56304],[54.07264,52.5626],[54.07252,52.56226],[54.07243,52.56175],[54.07264,52.56137],[54.07319,52.56109],[54.07381,52.56091],[54.07444,52.56086],[54.07503,52.56111],[54.07693,52.56162],[54.07739,52.56144],[54.07739,52.56085],[54.07595,52.56009],[54.07641,52.55783],[54.07484,52.55654],[54.07367,52.55671],[54.07239,52.55583],[54.07228,52.55468],[54.07142,52.55393],[54.06718,52.55372],[54.06653,52.55321],[54.06661,52.55176],[54.08949,52.54639],[54.10116,52.56348],[54.10236,52.56419],[54.10319,52.56436],[54.10401,52.56452],[54.10487,52.56461],[54.10621,52.56407],[54.10703,52.56392],[54.10751,52.56408],[54.10762,52.56486],[54.10802,52.56527],[54.1089,52.56539],[54.10965,52.56515],[54.11013,52.56479],[54.10976,52.56415],[54.10927,52.56349],[54.10927,52.56286],[54.10963,52.56243],[54.11073,52.56232],[54.11179,52.56187],[54.11205,52.5614],[54.11234,52.56108],[54.1128,52.56085],[54.11337,52.56104],[54.11408,52.56176],[54.1146,52.56194],[54.11485,52.56165],[54.11516,52.56112],[54.11569,52.56061],[54.11621,52.5601],[54.11723,52.55999],[54.11851,52.56022],[54.11873,52.56074],[54.11853,52.56148],[54.11901,52.56202],[54.12049,52.56248],[54.12124,52.56226],[54.12166,52.56171],[54.12199,52.56112],[54.12219,52.56031],[54.12194,52.55931],[54.12102,52.55772],[54.12082,52.55697],[54.12091,52.55624],[54.12157,52.55567],[54.12243,52.55541],[54.12322,52.55547],[54.12373,52.55536],[54.12439,52.55496],[54.12536,52.55395],[54.12593,52.55328],[54.12615,52.55268],[54.12648,52.55222],[54.12631,52.55169],[54.12628,52.55114],[54.12653,52.55051],[54.12721,52.54989],[54.12758,52.54945],[54.12847,52.54934],[54.12954,52.54948],[54.13038,52.54944],[54.13071,52.54899],[54.13113,52.54816],[54.13153,52.54567],[54.13169,52.5447],[54.13197,52.54378],[54.13228,52.54313],[54.1332,52.54249],[54.13502,52.54171],[54.1358,52.54144],[54.13709,52.54139],[54.13817,52.54138],[54.13898,52.54142],[54.14,52.5414],[54.14047,52.54161],[54.14088,52.54198],[54.1416,52.54223],[54.14228,52.54196],[54.14275,52.54167],[54.14309,52.54129],[54.14336,52.54065],[54.14365,52.53997],[54.14424,52.53933],[54.14485,52.53907],[54.14621,52.53891],[54.14696,52.53854],[54.147,52.53797],[54.14711,52.53754],[54.14739,52.53706],[54.14792,52.53641],[54.14865,52.53641],[54.1492,52.53652],[54.14976,52.53652],[54.15035,52.53626],[54.15037,52.53594],[54.1502,52.53539],[54.15019,52.53481],[54.15091,52.53451],[54.15151,52.53424],[54.15143,52.53355],[54.15143,52.53302],[54.15189,52.53273],[54.15305,52.5325],[54.15425,52.53232],[54.15526,52.53237],[54.15601,52.53259],[54.15633,52.53292],[54.15651,52.53335],[54.15637,52.5338],[54.15582,52.53407],[54.15551,52.53436],[54.15542,52.53491],[54.15591,52.5354],[54.15644,52.53569],[54.15705,52.53581],[54.158,52.53599],[54.15855,52.53614],[54.15926,52.53606],[54.15984,52.53577],[54.16018,52.53526],[54.16082,52.53413],[54.1611,52.53339],[54.16151,52.53288],[54.16243,52.53238],[54.16291,52.53188],[54.16341,52.5311],[54.16347,52.53076],[54.16331,52.53037],[54.16285,52.52997],[54.16201,52.52996],[54.16149,52.53019],[54.16085,52.5302],[54.16023,52.53004],[54.15962,52.52968],[54.15912,52.52924],[54.15903,52.52865],[54.15887,52.52819],[54.15911,52.52675],[54.1594,52.52562],[54.15933,52.52513],[54.15984,52.52465],[54.15752,52.52136],[54.17894,52.51463],[54.16827,52.495],[54.1652,52.48827],[54.17917,52.48528],[54.15752,52.44309],[54.17887,52.43162],[54.18079,52.43476],[54.1834,52.43518],[54.18455,52.4363],[54.1953,52.44014],[54.20174,52.43232],[54.20328,52.42675],[54.20727,52.42394],[54.20781,52.41861],[54.21157,52.41355],[54.21157,52.40901],[54.20942,52.40554],[54.20567,52.40207],[54.20659,52.3987],[54.2046,52.39242],[54.21995,52.38793],[54.21274,52.38137],[54.22824,52.37733],[54.23454,52.37569],[54.22613,52.36097],[54.19954,52.36617],[54.18351,52.33454],[54.1876,52.33353],[54.19071,52.3306],[54.19025,52.32903],[54.19714,52.32656],[54.19687,52.32437],[54.19864,52.32271],[54.20072,52.32487],[54.20338,52.32566],[54.20586,52.32549],[54.20742,52.32465],[54.20605,52.3228],[54.20641,52.32145],[54.20848,52.32127],[54.20796,52.32254],[54.20935,52.32325],[54.21348,52.32168],[54.21488,52.32223],[54.2164,52.3219],[54.2198,52.31831],[54.21812,52.31693],[54.22131,52.31588],[54.22296,52.31451],[54.22501,52.31568],[54.22712,52.31616],[54.23266,52.31525],[54.22479,52.30393],[54.22047,52.27898],[54.21719,52.27382],[54.2112,52.27624],[54.16996,52.23912],[54.21734,52.21919],[54.20567,52.209],[54.20102,52.20495],[54.20521,52.20285],[54.16276,52.16793],[54.16269,52.16691],[54.1646,52.16517],[54.16916,52.16323],[54.16855,52.15956],[54.15705,52.14801],[54.17303,52.14458],[54.17977,52.14438],[54.18316,52.14246],[54.18461,52.14262],[54.19786,52.15494],[54.22107,52.15325],[54.23238,52.15232],[54.24617,52.15006],[54.22961,52.13262],[54.22764,52.13302],[54.22104,52.1281],[54.20665,52.13235],[54.20084,52.13712],[54.1943,52.13822],[54.16225,52.11011],[54.10317,52.13584],[54.09615,52.12994],[54.09063,52.13067],[54.0716,52.1172],[54.07206,52.07293],[54.07239,52.05523],[54.07163,52.04615],[54.08689,52.03472],[54.0798,52.02903],[54.07618,52.01611],[54.06463,52.00235],[54.06618,51.9993],[54.069,51.99838],[54.06316,51.98245],[54.04311,51.98248],[54.04373,51.95472],[54.05492,51.95479],[54.05019,51.94563],[54.02886,51.93539],[54.02326,51.9372],[54.02358,51.93247],[54.01603,51.92782],[54.01203,51.92116],[54.00047,51.92385],[54.00049,51.90266],[54.00508,51.90134],[53.99919,51.89752],[53.99949,51.88442],[53.995,51.88444],[53.99499,51.87826],[53.99793,51.87874],[54.04411,51.87909],[54.0441,51.85619],[54.03959,51.85694],[54.03158,51.85627],[54.03159,51.85162],[54.03161,51.83065],[54.02643,51.83207],[54.02218,51.8314],[54.01521,51.8348],[54.0095,51.83512],[54.00885,51.82468],[53.99543,51.82661],[53.99633,51.80862],[53.98563,51.80829],[53.98237,51.80262],[53.97803,51.79599],[53.97575,51.79079],[53.98256,51.78795],[53.99292,51.78799],[53.99478,51.78636],[54.00344,51.78494],[53.98791,51.77662],[53.98998,51.77561],[53.94552,51.75439],[53.94507,51.75239],[53.9467,51.75211],[53.9483,51.75084],[53.91423,51.73381],[53.91118,51.7355],[53.9092,51.73534],[53.9007,51.74153],[53.87845,51.73465],[53.84244,51.7632],[53.82884,51.75652],[53.81445,51.7672],[53.80978,51.76444],[53.8104,51.76174],[53.80776,51.75987],[53.80807,51.75048],[53.81167,51.74587],[53.81491,51.74515],[53.81498,51.74296],[53.80759,51.74146],[53.80433,51.73619],[53.72921,51.72002],[53.71656,51.72322],[53.69541,51.73066],[53.69102,51.73349],[53.67915,51.7378],[53.67721,51.74137],[53.67315,51.74362],[53.6684,51.74755],[53.65625,51.75163],[53.64306,51.75223],[53.63962,51.75605],[53.63324,51.75685],[53.62816,51.7616],[53.61426,51.76447],[53.59999,51.76536],[53.59649,51.76983],[53.58902,51.77124],[53.58245,51.77465],[53.57172,51.78023],[53.54701,51.77951],[53.54763,51.75941],[53.49013,51.76355],[53.48569,51.76663],[53.48066,51.77013],[53.36897,51.77033],[53.36967,51.7343],[53.34382,51.73451],[53.31,51.73478],[53.28625,51.73501],[53.27364,51.72602],[53.25309,51.72808],[53.24016,51.72733],[53.23818,51.72897],[53.23486,51.72906],[53.23397,51.73099],[53.22947,51.73293],[53.2181,51.73996],[53.23703,51.75101],[53.24353,51.75105],[53.2433,51.75805],[53.23441,51.76903],[53.24523,51.76867],[53.25137,51.76992],[53.2449,51.78628],[53.22763,51.80264],[53.18656,51.78568],[53.16215,51.81416],[53.15702,51.81588],[53.14534,51.81374],[53.14292,51.81604],[53.14496,51.81736],[53.14523,51.81933],[53.14337,51.82191],[53.14354,51.82437],[53.14694,51.8267],[53.15154,51.84483],[53.20359,51.86032],[53.22494,51.86249],[53.23365,51.86499],[53.23729,51.86206],[53.26947,51.8603],[53.28818,51.86094],[53.29145,51.86233],[53.29162,51.85525],[53.3273,51.855],[53.33591,51.88138],[53.36746,51.88195],[53.36721,51.9183],[53.3429,51.91975],[53.3323,51.92612],[53.32262,51.92062],[53.31638,51.92341],[53.25075,51.91733],[53.24741,51.98827],[53.2273,52.00243],[53.21884,52.02349],[53.2157,52.02255],[53.21127,52.02411],[53.21178,52.03237],[53.21061,52.03594],[53.20843,52.03683],[53.2108,52.03902],[53.14783,52.04639],[53.14231,52.04946],[53.13968,52.04963],[53.13632,52.04965],[53.13264,52.05397],[53.14145,52.07078],[53.14009,52.08104],[53.14597,52.08467],[53.14803,52.08479],[53.15626,52.08877],[53.15789,52.10601],[53.18459,52.10541],[53.20232,52.11938],[53.21491,52.12171],[53.21823,52.12118],[53.22273,52.11621],[53.22838,52.11271],[53.23234,52.11194],[53.25194,52.12324],[53.28147,52.10324],[53.31358,52.12048],[53.31599,52.12009],[53.31805,52.12046],[53.32022,52.12284],[53.32671,52.12784],[53.32899,52.12834],[53.33336,52.13031],[53.33733,52.13457],[53.34517,52.13919],[53.35111,52.14119],[53.3528,52.14234],[53.35437,52.14244],[53.35402,52.14372],[53.35133,52.14503],[53.34824,52.14577],[53.34816,52.14695],[53.34729,52.14785],[53.34482,52.14898],[53.35339,52.15201],[53.34898,52.15554],[53.39955,52.18394],[53.38021,52.19685],[53.40068,52.20854],[53.38086,52.22175],[53.40332,52.23536],[53.42364,52.24636],[53.43347,52.24001],[53.43631,52.2425],[53.44636,52.22609],[53.47919,52.23794],[53.47962,52.23821],[53.48055,52.23816],[53.48087,52.23787],[53.48096,52.23547],[53.48106,52.23434],[53.48126,52.23402],[53.48163,52.23378],[53.4822,52.23356],[53.48291,52.23347],[53.48351,52.23359],[53.48416,52.23399],[53.48429,52.23446],[53.48428,52.23487],[53.48474,52.23526],[53.48531,52.23544],[53.48607,52.23549],[53.4868,52.23536],[53.4875,52.23509],[53.48833,52.23479],[53.48942,52.23423],[53.49091,52.23312],[53.49137,52.23283],[53.49187,52.23233],[53.49194,52.23187],[53.49186,52.23145],[53.49155,52.23105],[53.49162,52.23001],[53.49164,52.2295],[53.4921,52.22911],[53.49313,52.22891],[53.49389,52.2288],[53.49459,52.2283],[53.49497,52.22771],[53.49527,52.22712],[53.4958,52.22649],[53.49683,52.22528],[53.49725,52.22459],[53.49722,52.22417],[53.49686,52.22379],[53.49644,52.22346],[53.49515,52.22275],[53.49357,52.22225],[53.49244,52.22207],[53.49137,52.22167],[53.49098,52.22095],[53.49108,52.22053],[53.49148,52.2203],[53.4921,52.21998],[53.49262,52.21965],[53.49268,52.21917],[53.49228,52.21881],[53.49137,52.21818],[53.49009,52.21783],[53.48918,52.21749],[53.48808,52.21675],[53.48744,52.21621],[53.48706,52.21571],[53.48665,52.21496],[53.48632,52.21331],[53.48627,52.21277],[53.48665,52.21244],[53.48755,52.21183],[53.48843,52.21157],[53.49028,52.21087],[53.49131,52.21034],[53.4925,52.20945],[53.49327,52.20866],[53.49338,52.20795],[53.4932,52.20718],[53.49265,52.20658],[53.4923,52.20575],[53.49182,52.20523],[53.49186,52.20488],[53.49219,52.20452],[53.49303,52.20398],[53.49405,52.20357],[53.49515,52.20323],[53.49625,52.20325],[53.4973,52.2034],[53.49801,52.20354],[53.4989,52.20352],[53.49982,52.20351],[53.50058,52.20344],[53.50103,52.20326],[53.50148,52.20301],[53.50198,52.20256],[53.50203,52.20168],[53.50217,52.20099],[53.50276,52.20054],[53.50332,52.20052],[53.50386,52.20036],[53.5045,52.19988],[53.50549,52.19914],[53.50629,52.19902],[53.50688,52.19846],[53.50722,52.19754],[53.50653,52.19675],[53.50492,52.19649],[53.50112,52.19663],[53.49717,52.19565],[53.49538,52.19392],[53.49548,52.19274],[53.49665,52.19108],[53.49882,52.18953],[53.49976,52.18945],[53.50112,52.18842],[53.50329,52.18789],[53.5049,52.18813],[53.50584,52.18901],[53.50548,52.19019],[53.50268,52.19175],[53.50239,52.19259],[53.50289,52.19339],[53.50469,52.19406],[53.50649,52.19415],[53.50784,52.1936],[53.5083,52.19222],[53.50968,52.19109],[53.51139,52.19109],[53.51233,52.19152],[53.51358,52.19411],[53.51427,52.19456],[53.5155,52.19479],[53.51768,52.19403],[53.5182,52.19308],[53.5177,52.19208],[53.51822,52.19019],[53.51926,52.18951],[53.52149,52.18865],[53.52361,52.18832],[53.52708,52.19011],[53.5273,52.19128],[53.52822,52.19198],[53.53061,52.19218],[53.53213,52.19154],[53.53289,52.19021],[53.53729,52.19081],[53.53973,52.19015],[53.55076,52.19282],[53.5558,52.19871],[53.55673,52.20226],[53.55775,52.2277],[53.55535,52.23274],[53.58605,52.23065],[53.58659,52.2394],[53.61607,52.23902],[53.61642,52.27924],[53.73737,52.27784],[53.73822,52.28601],[53.74504,52.28588],[53.81667,52.28448],[53.8191,52.28587],[53.81984,52.28735],[53.82834,52.29122],[53.82616,52.2943],[53.82468,52.29642],[53.82519,52.29755],[53.82432,52.29911],[53.82398,52.3017],[53.82136,52.30493],[53.79476,52.30538],[53.79607,52.3424],[53.78152,52.34308],[53.78286,52.37201],[53.5888,52.37819],[53.58933,52.40209],[53.54523,52.40326],[53.54614,52.41915],[53.54708,52.48379],[53.54846,52.48383],[53.54943,52.4841],[53.55018,52.48465],[53.55085,52.48538],[53.5513,52.48615],[53.55193,52.48688],[53.55291,52.48761],[53.55399,52.48838],[53.55492,52.48891],[53.55586,52.48932],[53.55739,52.48957],[53.55866,52.48945],[53.55926,52.48902],[53.55967,52.48845],[53.56004,52.48772],[53.56072,52.48729],[53.56128,52.48677],[53.56165,52.48597],[53.56142,52.48517],[53.56162,52.48466],[53.5617,52.48411],[53.56259,52.48358],[53.56385,52.48331],[53.56491,52.48321],[53.56592,52.48342],[53.56643,52.48362],[53.56698,52.48395],[53.56746,52.48426],[53.56841,52.48468],[53.56941,52.48493],[53.5701,52.48476],[53.57026,52.48442],[53.57023,52.48391],[53.5701,52.48342],[53.56997,52.48283],[53.56989,52.48236],[53.57002,52.48185],[53.57063,52.48165],[53.57148,52.48177],[53.5724,52.48202],[53.57298,52.48234],[53.57348,52.48276],[53.57412,52.48313],[53.57488,52.48299],[53.57533,52.4826],[53.57541,52.48209],[53.57507,52.48162],[53.57459,52.4808],[53.57436,52.48043],[53.57441,52.47977],[53.57488,52.47924],[53.57549,52.47887],[53.57639,52.47848],[53.57702,52.47821],[53.57837,52.47792],[53.57911,52.47756],[53.58004,52.47694],[53.58094,52.47657],[53.58205,52.47633],[53.58415,52.47631],[53.5846,52.47653],[53.58452,52.47695],[53.58503,52.47749],[53.586,52.47727],[53.58645,52.47686],[53.58711,52.47657],[53.58801,52.47638],[53.58859,52.47639],[53.58908,52.47657],[53.5896,52.47666],[53.59024,52.47666],[53.5909,52.47685],[53.59165,52.47696],[53.59234,52.47691],[53.59283,52.47677],[53.59322,52.47645],[53.59369,52.47625],[53.59421,52.47612],[53.59499,52.47598],[53.5955,52.47595],[53.59597,52.47618],[53.5967,52.4762],[53.59756,52.47605],[53.59797,52.47577],[53.59836,52.47546],[53.59909,52.47537],[53.59989,52.47555],[53.6005,52.47593],[53.60122,52.47621],[53.60176,52.47626],[53.60241,52.47635],[53.60296,52.47663],[53.60338,52.47691],[53.60391,52.47707],[53.60464,52.47717],[53.60528,52.47749],[53.60633,52.4779],[53.60682,52.47819],[53.60786,52.47878],[53.60932,52.47948],[53.61002,52.47971],[53.61059,52.47994],[53.61131,52.48018],[53.61201,52.4804],[53.61309,52.48052],[53.61475,52.48066],[53.61574,52.48053],[53.61675,52.48042],[53.61868,52.48034],[53.61928,52.48035],[53.61984,52.48053],[53.62045,52.48084],[53.62107,52.4811],[53.62175,52.48125],[53.62236,52.48128],[53.62339,52.48127],[53.62405,52.48123],[53.6247,52.48111],[53.62539,52.48114],[53.62623,52.48102],[53.62687,52.48457],[53.62641,52.48593],[53.62856,52.48789],[53.6287,52.49363],[53.62458,52.49773],[53.62597,52.52617],[53.75865,52.53563],[53.75827,52.5262],[53.81224,52.52522],[53.82675,52.55169],[53.81877,52.55739],[53.77589,52.56931],[53.77608,52.57239],[53.77431,52.57484],[53.77393,52.57689],[53.77301,52.57762],[53.7732,52.57969],[53.77197,52.58186],[53.77232,52.58524],[53.77166,52.58583],[53.77162,52.59128],[53.77297,52.59408],[53.77446,52.5946],[53.77466,52.59578],[53.77101,52.59833],[53.77193,52.60061],[53.7712,52.60166],[53.77208,52.60418],[53.77316,52.60607],[53.77308,52.60782],[53.77519,52.60912],[53.77462,52.61031],[53.77542,52.61259],[53.77443,52.61422],[53.77448,52.61943],[53.77613,52.62194],[53.77506,52.62227],[53.77514,52.62431],[53.77612,52.62549],[53.77435,52.62702],[53.77415,52.62817],[53.77517,52.62823],[53.77602,52.62851],[53.77634,52.6291],[53.77658,52.62942],[53.77807,52.6294],[53.77842,52.62908],[53.77894,52.62878],[53.7797,52.62872],[53.78003,52.62906],[53.7802,52.62963],[53.78032,52.63014],[53.78096,52.63023],[53.78172,52.63014],[53.78219,52.62984],[53.78239,52.62952],[53.7826,52.62924],[53.78257,52.62874],[53.78225,52.62835],[53.78307,52.62814],[53.78406,52.62808],[53.78476,52.62805],[53.78526,52.62768],[53.7859,52.62727],[53.78672,52.62725],[53.78704,52.62752],[53.78763,52.62803],[53.7876,52.62847],[53.78766,52.62911],[53.78783,52.62975],[53.78824,52.63004],[53.78903,52.62995],[53.78935,52.63029],[53.78862,52.63071],[53.78737,52.63092],[53.78678,52.63146],[53.78623,52.63201],[53.7852,52.63243],[53.78549,52.63291],[53.78567,52.63352],[53.78611,52.6341],[53.78699,52.63474],[53.78757,52.63492],[53.78941,52.63543],[53.78982,52.63591],[53.78982,52.63648],[53.79026,52.63701],[53.79143,52.63717],[53.79251,52.63733],[53.79365,52.63788],[53.79424,52.63838],[53.7952,52.63863],[53.79648,52.63834],[53.79658,52.63781],[53.79573,52.63701],[53.79547,52.63634],[53.79515,52.63547],[53.79526,52.63495],[53.79588,52.63467],[53.79693,52.63462],[53.79769,52.63494],[53.79871,52.63541],[53.8,52.63621],[53.80105,52.63687],[53.80219,52.63731],[53.80374,52.63698],[53.8047,52.63646],[53.80573,52.6357],[53.80675,52.6352],[53.80789,52.63504],[53.80918,52.63465],[53.81017,52.63471],[53.81093,52.63497],[53.81149,52.6349],[53.81181,52.63465],[53.81204,52.6338],[53.81213,52.63334],[53.81248,52.63283],[53.8134,52.63269],[53.81438,52.63304],[53.81485,52.63375],[53.815,52.63469],[53.81558,52.63487],[53.81637,52.63473],[53.81678,52.63393],[53.81766,52.63318],[53.81815,52.63254],[53.81924,52.63194],[53.82006,52.63187],[53.82128,52.63167],[53.82237,52.63077],[53.82339,52.63064],[53.82406,52.63077],[53.82473,52.63116],[53.82605,52.6315],[53.82719,52.6318],[53.8283,52.63229],[53.82906,52.63265],[53.83026,52.63274],[53.83164,52.6326],[53.83248,52.63222],[53.83286,52.63185],[53.83275,52.63123],[53.83205,52.63089],[53.83257,52.63015],[53.83307,52.62945],[53.83333,52.62864],[53.83365,52.62807],[53.83447,52.62738],[53.83526,52.62739],[53.83599,52.62759],[53.83643,52.62795],[53.83751,52.62807],[53.83807,52.62755],[53.83886,52.62658],[53.84051,52.62513],[53.8413,52.62497],[53.84185,52.62459],[53.84179,52.62401],[53.842,52.62362],[53.84238,52.62301],[53.84238,52.62232],[53.84285,52.62191],[53.84343,52.62172],[53.84419,52.6217],[53.84469,52.62216],[53.84481,52.62308],[53.8453,52.6241],[53.84589,52.62484],[53.84638,52.62518],[53.84706,52.62529],[53.84796,52.62532],[53.84881,52.6255],[53.84984,52.626],[53.84988,52.62659],[53.84985,52.62747],[53.85047,52.62811],[53.85087,52.6286],[53.85076,52.62922],[53.8507,52.63048],[53.85022,52.63108],[53.85053,52.63165],[53.85104,52.63283],[53.85218,52.6336],[53.85355,52.63459],[53.854,52.63573],[53.85471,52.63685],[53.85503,52.63764],[53.85588,52.63807],[53.85704,52.63847],[53.85798,52.63875],[53.85884,52.63945],[53.86,52.64011],[53.86276,52.64039],[53.86356,52.64083],[53.86447,52.64111],[53.86575,52.64121],[53.86626,52.64092],[53.86666,52.64002],[53.8676,52.63971],[53.86862,52.63959],[53.86933,52.63976],[53.87047,52.64001],[53.87144,52.64018],[53.87198,52.6403],[53.8728,52.64059],[53.882,52.65931],[53.81232,52.67303],[53.81617,52.68139],[53.81911,52.68518],[53.81905,52.68827],[53.81851,52.68972],[53.82068,52.69301],[53.82204,52.69617],[53.82198,52.69798],[53.82323,52.69933],[53.82301,52.70327],[53.82334,52.70462],[53.82459,52.70558],[53.82383,52.70683],[53.82388,52.71288],[53.82578,52.71416],[53.82888,52.7213],[53.82899,52.72551],[53.82839,52.72662],[53.83067,52.73898],[53.83333,52.73776],[53.88028,52.72838],[53.88017,52.72976],[53.88207,52.73219],[53.88343,52.73275],[53.88348,52.73396],[53.8863,52.73469],[53.88679,52.73791],[53.88815,52.74067],[53.89142,52.74279],[53.8923,52.74326],[53.89247,52.74285],[53.89281,52.74233],[53.89325,52.74214],[53.89389,52.74201],[53.89456,52.742],[53.89521,52.74203],[53.89615,52.74183],[53.89689,52.7418],[53.89772,52.7417],[53.89922,52.74148],[53.89972,52.74122],[53.90049,52.74075],[53.90143,52.74061],[53.90213,52.74069],[53.90271,52.74063],[53.90332,52.74037],[53.90479,52.74054],[53.90575,52.74071],[53.90648,52.74084],[53.90714,52.74089],[53.90785,52.7408],[53.9085,52.74067],[53.90927,52.74077],[53.91043,52.74096],[53.91168,52.74096],[53.91322,52.74096],[53.91476,52.74089],[53.91582,52.74076],[53.91665,52.74055],[53.91734,52.74044],[53.91862,52.7402],[53.91909,52.7398],[53.9193,52.73927],[53.91952,52.73883],[53.91931,52.73845],[53.91947,52.73794],[53.92054,52.73751],[53.92159,52.7372],[53.92241,52.73675],[53.92215,52.73624],[53.92234,52.73593],[53.92303,52.73573],[53.9244,52.73546],[53.92482,52.73495],[53.92546,52.73423],[53.92537,52.73379],[53.92588,52.73365],[53.92648,52.73324],[53.92709,52.73285],[53.9276,52.73269],[53.92804,52.7322],[53.92852,52.73192],[53.92912,52.73195],[53.92991,52.73219],[53.93033,52.73251],[53.93091,52.73257],[53.93143,52.73254],[53.93197,52.73209],[53.93236,52.73164],[53.93241,52.73125],[53.93277,52.73087],[53.93276,52.73032],[53.93202,52.72995],[53.93123,52.72973],[53.93085,52.72946],[53.93113,52.72872],[53.93143,52.72839],[53.93191,52.72822],[53.93239,52.72795],[53.93256,52.7275],[53.93268,52.72712],[53.93292,52.72676],[53.93343,52.72639],[53.9341,52.72622],[53.93455,52.72606],[53.93483,52.72566],[53.93486,52.72511],[53.93461,52.7246],[53.93433,52.72423],[53.93394,52.72397],[53.93312,52.72344],[53.93246,52.72308],[53.93209,52.7228],[53.93183,52.7224],[53.93177,52.72206],[53.93194,52.7216],[53.93218,52.72114],[53.9325,52.72087],[53.93334,52.72056],[53.93398,52.72056],[53.93483,52.72045],[53.93551,52.72043],[53.93605,52.72015],[53.936,52.71968],[53.93605,52.71916],[53.93524,52.71894],[53.93472,52.71863],[53.93482,52.71826],[53.9353,52.71784],[53.93569,52.71742],[53.93556,52.71689],[53.93575,52.7165],[53.93635,52.7163],[53.93719,52.71622],[53.93805,52.71635],[53.939,52.71625],[53.93968,52.71619],[53.94034,52.71615],[53.94097,52.71635],[53.94139,52.71609],[53.94117,52.71547],[53.94059,52.71497],[53.9403,52.71446],[53.94089,52.7141],[53.94016,52.71377],[53.94003,52.71322],[53.93986,52.71278],[53.94025,52.7124],[53.94097,52.71259],[53.94137,52.71297],[53.94189,52.71316],[53.94275,52.71325],[53.94291,52.71272],[53.94393,52.71278],[53.94438,52.7131],[53.94424,52.71353],[53.94444,52.71395],[53.94457,52.71451],[53.94523,52.71472],[53.94568,52.71447],[53.94573,52.71374],[53.9464,52.71353],[53.94698,52.71369],[53.94743,52.71389],[53.94817,52.71394],[53.94861,52.71425],[53.94896,52.71467],[53.94967,52.71499],[53.9506,52.71529],[53.95053,52.71589],[53.95051,52.71622],[53.95115,52.71629],[53.95161,52.71609],[53.95198,52.7158],[53.95228,52.71543],[53.95283,52.71519],[53.95338,52.71518],[53.95422,52.71546],[53.95478,52.71532],[53.95499,52.71438],[53.95526,52.71409],[53.95527,52.71343],[53.95489,52.71322],[53.95433,52.71335],[53.95401,52.7138],[53.95353,52.71418],[53.95281,52.71392],[53.95245,52.71365],[53.95269,52.7133],[53.95235,52.713],[53.95163,52.71297],[53.9514,52.71268],[53.95111,52.7122],[53.95168,52.71186],[53.95227,52.71181],[53.95276,52.71166],[53.95319,52.71147],[53.95315,52.71104],[53.95303,52.71051],[53.95358,52.71004],[53.95435,52.70961],[53.95468,52.70934],[53.95484,52.70888],[53.9552,52.70851],[53.9556,52.70832],[53.95613,52.70796],[53.95639,52.70765],[53.95665,52.70723],[53.95633,52.70697],[53.9557,52.70695],[53.95531,52.70672],[53.95502,52.70624],[53.95527,52.70596],[53.95577,52.70576],[53.95655,52.70548],[53.95753,52.7054],[53.95837,52.70547],[53.95917,52.70546],[53.95932,52.70586],[53.96022,52.70614],[53.96095,52.70583],[53.96171,52.70567],[53.96218,52.7061],[53.96286,52.70636],[53.96341,52.70661],[53.96392,52.70683],[53.96424,52.70721],[53.96486,52.7073],[53.9654,52.70722],[53.96599,52.70722],[53.96614,52.70758],[53.96669,52.70783],[53.96723,52.70771],[53.96778,52.70775],[53.96855,52.70799],[53.9692,52.7078],[53.9699,52.70789],[53.96999,52.70842],[53.97005,52.70875],[53.9705,52.70913],[53.97102,52.7094],[53.97169,52.7092],[53.97213,52.70956],[53.97268,52.70983],[53.97271,52.70946],[53.97276,52.70908],[53.97339,52.70896],[53.97435,52.70877],[53.9753,52.70901],[53.97513,52.70945],[53.97544,52.70979],[53.97538,52.71023],[53.97583,52.71066],[53.97621,52.71106],[53.97676,52.71095],[53.97736,52.71093],[53.97771,52.71068],[53.97821,52.71085],[53.97804,52.71127],[53.97789,52.71157],[53.97817,52.71184],[53.97859,52.71205],[53.97881,52.71153],[53.97944,52.71151],[53.98027,52.71158],[53.98086,52.7117],[53.98141,52.71184],[53.98134,52.71231],[53.98061,52.71267],[53.98013,52.71302],[53.98035,52.71342],[53.98087,52.71372],[53.98133,52.71353],[53.9817,52.71384],[53.98221,52.71431],[53.98271,52.71467],[53.9832,52.715],[53.98375,52.71519],[53.9843,52.7151],[53.98431,52.71459],[53.98423,52.7141],[53.98501,52.71395],[53.98573,52.71397],[53.98627,52.71369],[53.98708,52.71359],[53.9876,52.71379],[53.98821,52.71363],[53.98852,52.71333],[53.98881,52.71283],[53.98925,52.71231],[53.98901,52.71169],[53.98947,52.71125],[53.98986,52.71096],[53.99014,52.71058],[53.99063,52.71034],[53.99115,52.71036],[53.99177,52.71054],[53.99232,52.71052],[53.99322,52.71056],[53.99397,52.71043],[53.99445,52.70986],[53.99516,52.7096],[53.99624,52.70946],[53.99708,52.70947],[53.9981,52.70906],[53.99865,52.70888],[53.99992,52.70827],[54.00072,52.70796],[54.00137,52.7079],[54.00213,52.70769],[54.00288,52.70765],[54.00318,52.70717],[54.0032,52.70678],[54.00343,52.70647],[54.00351,52.70594],[54.00389,52.70559],[54.00447,52.70555],[54.00522,52.70572],[54.00579,52.70545],[54.00605,52.70499],[54.00659,52.70475],[54.00704,52.70499],[54.00759,52.70482],[54.00798,52.70456],[54.00888,52.70395],[54.00979,52.70385],[54.01042,52.70349],[54.01083,52.70323],[54.01073,52.70285],[54.01004,52.70274],[54.00973,52.70243],[54.01003,52.70191],[54.0102,52.70132],[54.01079,52.7011],[54.01047,52.70064],[54.00929,52.70084],[54.00872,52.70117],[54.00772,52.70098],[54.00746,52.70062],[54.00693,52.70034],[54.00623,52.70016],[54.00583,52.69964],[54.00541,52.69882],[54.00401,52.69849],[54.00356,52.6983],[54.00323,52.69788],[54.00289,52.69749],[54.00291,52.69703],[54.00334,52.69677],[54.0043,52.69675],[54.0054,52.69653],[54.00553,52.6962],[54.00494,52.69572],[54.00522,52.69532],[54.00569,52.69504],[54.00644,52.69515],[54.0071,52.69504],[54.00737,52.69445],[54.00757,52.69395],[54.00815,52.69361],[54.00879,52.69356],[54.00972,52.69353],[54.01048,52.69316],[54.01103,52.693],[54.01164,52.69306],[54.01222,52.6932],[54.01296,52.69305],[54.01345,52.69295],[54.01398,52.69278],[54.01453,52.69245],[54.01413,52.69188],[54.01477,52.69158],[54.0155,52.69141],[54.01614,52.69133],[54.0168,52.69161],[54.01772,52.69123],[54.01846,52.6917],[54.01896,52.692],[54.01979,52.69188],[54.02043,52.69181],[54.02047,52.69147],[54.02065,52.69113],[54.02095,52.69078],[54.02151,52.69099],[54.02155,52.69146],[54.02219,52.69145],[54.02276,52.69158],[54.02352,52.69156],[54.02447,52.69158],[54.02495,52.69133],[54.0248,52.691],[54.02432,52.69077],[54.02411,52.69035],[54.02332,52.6902],[54.02292,52.68997],[54.02218,52.6898],[54.02246,52.68945],[54.02219,52.68911],[54.02199,52.68879],[54.02263,52.68851]]]}},{"type":"Feature","properties":{"oktmo":"53633000","name":"Октябрьский муниципальный район","type":"муниципальный район","center":"с Октябрьское"},"geometry":{"type":"MultiPolygon","coordinates":[[[[55.41114,52.66363],[55.41471,52.65755],[55.42159,52.65792],[55.42314,52.65624],[55.42777,52.65144],[55.43274,52.64938],[55.43531,52.64904],[55.44011,52.6439],[55.4396,52.64167],[55.4444,52.63978],[55.44466,52.63691],[55.44987,52.63632],[55.4504,52.63408],[55.45068,52.63231],[55.45625,52.63205],[55.4564,52.62877],[55.45879,52.62843],[55.46394,52.62461],[55.46943,52.62699],[55.47076,52.62548],[55.46325,52.62136],[55.45554,52.61619],[55.4463,52.6035],[55.44319,52.59502],[55.43703,52.58536],[55.45198,52.5823],[55.46928,52.58356],[55.48077,52.59057],[55.5241,52.60422],[55.52916,52.58009],[55.53003,52.57591],[55.51123,52.56925],[55.5108,52.56821],[55.50813,52.56767],[55.51006,52.55521],[55.51519,52.55498],[55.5348,52.54578],[55.54592,52.54579],[55.54896,52.54444],[55.54742,52.54118],[55.54528,52.53678],[55.54484,52.53484],[55.47937,52.54148],[55.47907,52.53556],[55.47453,52.52316],[55.49068,52.52194],[55.49634,52.51954],[55.50011,52.52006],[55.51005,52.52023],[55.51553,52.518],[55.52519,52.51394],[55.51965,52.49636],[55.51059,52.49846],[55.50148,52.49876],[55.49577,52.4725],[55.50188,52.4701],[55.50084,52.46607],[55.5,52.46205],[55.53946,52.45728],[55.53362,52.45647],[55.53317,52.45139],[55.53629,52.45081],[55.54006,52.45413],[55.54306,52.45263],[55.54022,52.45051],[55.54252,52.44859],[55.54236,52.44379],[55.53611,52.44074],[55.53545,52.43765],[55.53126,52.43613],[55.52854,52.43107],[55.4962,52.4169],[55.49947,52.41148],[55.52001,52.39105],[55.52281,52.3907],[55.5251,52.38756],[55.53081,52.38957],[55.53292,52.39098],[55.53633,52.39226],[55.5363,52.39469],[55.54002,52.39662],[55.54853,52.39129],[55.55195,52.39197],[55.55427,52.39224],[55.56936,52.40624],[55.57967,52.39975],[55.59243,52.38385],[55.59864,52.38306],[55.60414,52.38354],[55.60889,52.38196],[55.61118,52.38306],[55.61408,52.38235],[55.61483,52.37857],[55.61699,52.3759],[55.61827,52.3719],[55.67498,52.36787],[55.67504,52.37267],[55.66564,52.40133],[55.66879,52.40113],[55.67323,52.39832],[55.67642,52.3995],[55.67543,52.40306],[55.67791,52.4044],[55.68177,52.40382],[55.68321,52.39985],[55.68765,52.39961],[55.69089,52.40226],[55.69939,52.40096],[55.70283,52.39706],[55.71591,52.37398],[55.7286,52.35632],[55.73319,52.3515],[55.74357,52.35375],[55.74962,52.35175],[55.75105,52.34908],[55.76237,52.34937],[55.77048,52.34719],[55.77466,52.34192],[55.77767,52.3402],[55.78236,52.3376],[55.79458,52.33423],[55.82415,52.32666],[55.84237,52.33776],[55.84557,52.34146],[55.84987,52.3444],[55.85282,52.34543],[55.86125,52.3515],[55.89318,52.35567],[55.88534,52.34131],[55.86984,52.33148],[55.8877,52.32386],[55.87446,52.31622],[55.86377,52.31026],[55.84532,52.31278],[55.83479,52.30506],[55.7941,52.31757],[55.76783,52.29701],[55.74885,52.28645],[55.75837,52.28084],[55.73183,52.273],[55.72947,52.27326],[55.72568,52.27269],[55.72248,52.26733],[55.72501,52.24417],[55.63603,52.23979],[55.62382,52.23948],[55.60806,52.23731],[55.60773,52.23499],[55.61295,52.22859],[55.61295,52.22621],[55.61657,52.22167],[55.62474,52.21909],[55.62618,52.21166],[55.62862,52.21001],[55.6314,52.20211],[55.63469,52.19839],[55.63342,52.19622],[55.63705,52.19162],[55.6561,52.18439],[55.65719,52.18152],[55.65744,52.17881],[55.65621,52.17889],[55.65527,52.17842],[55.65507,52.17761],[55.65634,52.17642],[55.6552,52.17617],[55.65232,52.177],[55.65121,52.17809],[55.65084,52.1806],[55.64923,52.18093],[55.64772,52.18004],[55.64594,52.1784],[55.64454,52.17591],[55.64145,52.17603],[55.63975,52.17673],[55.63766,52.17693],[55.63742,52.1762],[55.6387,52.17486],[55.63804,52.17431],[55.63528,52.17454],[55.63452,52.17332],[55.63429,52.17099],[55.63277,52.17056],[55.63134,52.1712],[55.62854,52.17134],[55.62669,52.17053],[55.62522,52.16732],[55.62251,52.16569],[55.6209,52.16566],[55.61886,52.16607],[55.61687,52.16569],[55.61454,52.16645],[55.61364,52.16727],[55.57675,52.16529],[55.56337,52.16502],[55.55985,52.16671],[55.52848,52.14525],[55.49525,52.15512],[55.49008,52.15623],[55.45971,52.15449],[55.4634,52.13502],[55.46212,52.13514],[55.45993,52.13683],[55.45746,52.13738],[55.4558,52.13639],[55.45414,52.13596],[55.45333,52.13517],[55.44797,52.13479],[55.44522,52.13587],[55.4437,52.13715],[55.43852,52.13552],[55.43615,52.13397],[55.43283,52.13383],[55.4325,52.13552],[55.43098,52.1359],[55.42671,52.13507],[55.42477,52.13406],[55.42087,52.13386],[55.41983,52.13468],[55.41829,52.13559],[55.41644,52.13598],[55.41184,52.13547],[55.41056,52.13469],[55.40815,52.13308],[55.40772,52.13215],[55.4058,52.13174],[55.40456,52.13017],[55.40483,52.12943],[55.40184,52.12693],[55.39808,52.12764],[55.39755,52.12716],[55.39828,52.12601],[55.3962,52.12494],[55.39577,52.12191],[55.4006,52.11797],[55.38599,52.11043],[55.3827,52.1077],[55.38014,52.10762],[55.37949,52.10733],[55.37945,52.10669],[55.37835,52.10634],[55.37793,52.10581],[55.3786,52.10515],[55.38357,52.10465],[55.38155,52.10338],[55.3812,52.10282],[55.38133,52.10156],[55.38028,52.10078],[55.37841,52.10086],[55.3768,52.10131],[55.37546,52.10245],[55.37323,52.103],[55.37056,52.10296],[55.36887,52.10338],[55.36746,52.10457],[55.36658,52.10601],[55.36605,52.10775],[55.36705,52.10849],[55.37101,52.10832],[55.37276,52.10915],[55.37645,52.11311],[55.37012,52.11311],[55.369,52.11422],[55.36517,52.11558],[55.36303,52.11686],[55.35658,52.11434],[55.33612,52.10557],[55.28711,52.14583],[55.2844,52.14441],[55.28242,52.14517],[55.24392,52.18186],[55.23325,52.19142],[55.23699,52.19336],[55.22453,52.20431],[55.15026,52.26805],[55.09451,52.2464],[55.07451,52.23892],[55.06794,52.23498],[55.066,52.2356],[55.06318,52.2356],[55.06037,52.23787],[55.06018,52.23877],[55.05873,52.23871],[55.05849,52.23993],[55.05646,52.24135],[55.0284,52.22921],[55.02659,52.23053],[55.02478,52.23246],[54.96013,52.20474],[54.95548,52.21019],[54.94231,52.20748],[54.94838,52.20005],[54.93569,52.19593],[54.92086,52.20894],[54.88508,52.19208],[54.86272,52.1826],[54.84559,52.19869],[54.83918,52.2039],[54.82879,52.21322],[54.81992,52.20961],[54.80857,52.20449],[54.80621,52.20426],[54.80317,52.20554],[54.79889,52.2065],[54.79151,52.20601],[54.77488,52.21073],[54.77288,52.21129],[54.76885,52.20949],[54.73491,52.19421],[54.7062,52.18005],[54.69871,52.18673],[54.68883,52.19433],[54.69984,52.19934],[54.68067,52.21646],[54.66732,52.22687],[54.66167,52.2315],[54.68489,52.24208],[54.65195,52.27017],[54.66202,52.27593],[54.67177,52.27789],[54.67685,52.28061],[54.65268,52.30316],[54.65972,52.30616],[54.68769,52.31921],[54.69786,52.31162],[54.73282,52.32719],[54.72509,52.33346],[54.73289,52.33669],[54.77264,52.35315],[54.77157,52.35391],[54.76948,52.35485],[54.7663,52.35809],[54.76414,52.35994],[54.7623,52.36274],[54.7578,52.36621],[54.74533,52.37706],[54.75584,52.38167],[54.8191,52.40935],[54.81316,52.41433],[54.78746,52.43585],[54.90139,52.48397],[54.90952,52.4874],[54.86664,52.52041],[54.90448,52.52903],[54.89922,52.53416],[54.94164,52.55252],[54.92038,52.57151],[54.92336,52.57752],[54.95682,52.58739],[55.00114,52.55371],[55.00694,52.55735],[55.01102,52.55869],[55.02898,52.56718],[55.04643,52.55225],[55.05706,52.55608],[55.06023,52.55023],[55.06454,52.55145],[55.0657,52.5511],[55.06596,52.54997],[55.0667,52.54887],[55.0686,52.55042],[55.06918,52.55209],[55.07372,52.55279],[55.07604,52.55446],[55.07699,52.55639],[55.08521,52.55966],[55.08648,52.56184],[55.08598,52.56392],[55.08537,52.56623],[55.08569,52.56924],[55.09359,52.57225],[55.09392,52.57505],[55.09548,52.57505],[55.09575,52.57718],[55.09414,52.57759],[55.09474,52.58111],[55.10195,52.58147],[55.10418,52.58266],[55.10705,52.58266],[55.10951,52.58357],[55.11232,52.58398],[55.11593,52.58325],[55.1185,52.58366],[55.13126,52.57225],[55.13533,52.57385],[55.15119,52.58103],[55.15624,52.58474],[55.14654,52.58864],[55.15281,52.59553],[55.15094,52.59988],[55.15601,52.60055],[55.16385,52.60395],[55.16862,52.64152],[55.17292,52.64023],[55.17603,52.64108],[55.18177,52.63972],[55.18657,52.64078],[55.18937,52.64176],[55.19219,52.64262],[55.19325,52.64217],[55.1957,52.64286],[55.19779,52.64457],[55.20069,52.64507],[55.20219,52.64602],[55.20487,52.64647],[55.24508,52.66403],[55.24873,52.66593],[55.25164,52.66715],[55.25716,52.66701],[55.25843,52.66629],[55.26089,52.66645],[55.26249,52.66581],[55.26776,52.66543],[55.26554,52.65237],[55.26404,52.64509],[55.28062,52.63042],[55.30297,52.62962],[55.35287,52.63837],[55.36349,52.64612],[55.36743,52.66618],[55.36815,52.67526],[55.37214,52.67531],[55.37636,52.67376],[55.39246,52.67029],[55.4036,52.66772],[55.40412,52.66669],[55.40561,52.66491],[55.40829,52.66432],[55.41114,52.66363]]],[[[55.3558,52.75352],[55.3678,52.74012],[55.41663,52.74687],[55.42708,52.73311],[55.41277,52.72134],[55.39512,52.69986],[55.37369,52.70786],[55.3685,52.70396],[55.3642,52.69852],[55.36593,52.69584],[55.36154,52.69506],[55.36161,52.69215],[55.36036,52.68961],[55.36411,52.6882],[55.3652,52.68546],[55.36731,52.68309],[55.34834,52.68577],[55.32463,52.69387],[55.3155,52.69398],[55.3059,52.70668],[55.3031,52.73101],[55.32221,52.74048],[55.32429,52.7402],[55.34102,52.74662],[55.3558,52.75352]]]]}},{"type":"Feature","properties":{"oktmo":"53634000","name":"Оренбургский муниципальный район","type":"муниципальный район","center":"г Оренбург"},"geometry":{"type":"Polygon","coordinates":[[[55.12087,51.90556],[55.12355,51.9004],[55.12335,51.89771],[55.11832,51.89552],[55.11271,51.88929],[55.11437,51.8868],[55.11308,51.88459],[55.10996,51.88566],[55.10252,51.8817],[55.09885,51.88158],[55.0983,51.87994],[55.09417,51.87875],[55.08838,51.88028],[55.08864,51.88451],[55.08684,51.88543],[55.0831,51.88405],[55.07231,51.87239],[55.0724,51.86836],[55.0668,51.86219],[55.06763,51.85873],[55.068,51.85323],[55.08596,51.84693],[55.08504,51.84082],[55.08277,51.83909],[55.08005,51.8376],[55.07744,51.8346],[55.05854,51.82839],[55.05627,51.82716],[55.05548,51.82673],[55.04664,51.82336],[55.04448,51.82214],[55.04414,51.82032],[55.04644,51.81553],[55.04646,51.81256],[55.04283,51.80942],[55.03512,51.80809],[55.02807,51.80891],[55.02223,51.80972],[55.01959,51.80791],[55.02233,51.8052],[55.02572,51.80174],[55.02233,51.79747],[55.01921,51.79307],[55.01897,51.78856],[55.02048,51.78563],[55.02622,51.78302],[55.03286,51.78103],[55.03587,51.77848],[55.03533,51.77576],[55.03145,51.77181],[55.02692,51.77091],[55.02495,51.76709],[55.02768,51.76399],[55.03853,51.7606],[55.04059,51.75493],[55.04773,51.75099],[55.05228,51.75037],[55.05809,51.74959],[55.06192,51.74469],[55.06713,51.74084],[55.06447,51.73774],[55.05856,51.73798],[55.05291,51.73997],[55.04532,51.74423],[55.03878,51.74583],[55.03685,51.74827],[55.03547,51.74464],[55.03683,51.74235],[55.03828,51.74177],[55.0427,51.74045],[55.04525,51.73806],[55.04448,51.73508],[55.04246,51.73256],[55.04233,51.73048],[55.04476,51.72849],[55.0509,51.72667],[55.05629,51.72595],[55.05993,51.72616],[55.06086,51.72091],[55.01333,51.71646],[55.00975,51.7177],[55.00856,51.71663],[55.00647,51.71652],[54.99863,51.71949],[54.99705,51.71801],[54.99131,51.72015],[54.98954,51.72089],[54.98833,51.71935],[54.99542,51.71655],[54.99324,51.71457],[55.02224,51.70358],[55.02225,51.69858],[55.01237,51.69797],[55.01287,51.69454],[55.01438,51.68544],[55.00116,51.68549],[55.00186,51.66067],[55.00202,51.63135],[55.00307,51.59964],[54.99464,51.59922],[54.9929,51.59853],[54.99019,51.60059],[54.98585,51.59847],[54.98832,51.59631],[54.98911,51.59275],[54.98985,51.58762],[54.98949,51.58355],[54.98839,51.5817],[54.98654,51.58014],[54.98551,51.57643],[54.98648,51.57614],[54.98776,51.57597],[54.989,51.57583],[54.99035,51.57558],[54.99061,51.57503],[54.99062,51.57444],[54.99091,51.57387],[54.99128,51.57356],[54.99219,51.5734],[54.99302,51.57325],[54.99369,51.57286],[54.99409,51.57246],[54.99423,51.57198],[54.99422,51.57124],[54.99407,51.57041],[54.99378,51.56947],[54.99364,51.56892],[54.99364,51.56831],[54.99337,51.56783],[54.99352,51.56713],[54.99409,51.56674],[54.99501,51.56655],[54.99567,51.56682],[54.99616,51.56727],[54.99652,51.56769],[54.99713,51.56807],[54.99787,51.56827],[54.99868,51.56827],[55.00018,51.56834],[55.00202,51.5683],[55.0029,51.56778],[55.00318,51.56712],[55.00328,51.56667],[55.00346,51.56617],[55.00301,51.56594],[55.00274,51.56567],[55.00317,51.56533],[55.00329,51.56485],[55.00348,51.56392],[55.00358,51.56345],[55.0032,51.56316],[55.00331,51.56279],[55.00389,51.56245],[55.00416,51.56209],[55.00382,51.56184],[55.00298,51.56181],[55.00278,51.56127],[55.00231,51.5608],[55.0013,51.56047],[55.00113,51.5601],[55.00086,51.55957],[55.00039,51.55908],[55.00032,51.55845],[55.00073,51.55779],[55.00152,51.55758],[55.00235,51.55756],[55.00355,51.55754],[55.00467,51.55745],[55.00624,51.55689],[55.0074,51.55665],[55.0084,51.55623],[55.0095,51.55562],[55.01177,51.55509],[55.0128,51.55481],[55.02051,51.55905],[55.02056,51.5605],[55.01974,51.56284],[55.01852,51.56503],[55.01768,51.56652],[55.0173,51.57039],[55.01313,51.575],[55.01421,51.57865],[55.01555,51.58098],[55.01598,51.58351],[55.01735,51.58385],[55.01941,51.58594],[55.02039,51.58792],[55.01831,51.59748],[55.01706,51.60684],[55.01907,51.61116],[55.02221,51.61708],[55.03064,51.63456],[55.03273,51.6528],[55.03313,51.65735],[55.03227,51.65748],[55.03287,51.66144],[55.03115,51.66141],[55.0322,51.66597],[55.03491,51.66583],[55.03759,51.67116],[55.04187,51.67605],[55.04533,51.68029],[55.04547,51.68143],[55.05081,51.68796],[55.05414,51.69096],[55.05603,51.69229],[55.05877,51.69399],[55.05102,51.69823],[55.05576,51.70207],[55.07005,51.70126],[55.07259,51.69964],[55.07303,51.69985],[55.07564,51.69792],[55.0729,51.69593],[55.07218,51.69406],[55.07227,51.69369],[55.0732,51.69258],[55.07303,51.69088],[55.07332,51.68997],[55.07331,51.68906],[55.07178,51.68832],[55.07244,51.68787],[55.07466,51.68854],[55.07861,51.68549],[55.08103,51.68521],[55.09176,51.68479],[55.10494,51.68435],[55.11693,51.68382],[55.12198,51.68372],[55.12632,51.68334],[55.12826,51.68321],[55.12688,51.68521],[55.12603,51.68877],[55.12598,51.68975],[55.12507,51.69177],[55.12474,51.69335],[55.12443,51.69728],[55.12411,51.70033],[55.12361,51.7006],[55.11999,51.70309],[55.12071,51.71113],[55.12131,51.7111],[55.12478,51.71086],[55.12641,51.71073],[55.12694,51.71064],[55.12823,51.71058],[55.1293,51.71055],[55.1303,51.71057],[55.13207,51.71062],[55.13247,51.71233],[55.146,51.71099],[55.14245,51.71522],[55.142,51.71561],[55.14144,51.71777],[55.14049,51.71958],[55.13252,51.72026],[55.13383,51.72616],[55.13359,51.72653],[55.133,51.72975],[55.13168,51.73117],[55.13123,51.73207],[55.13338,51.7328],[55.1352,51.7334],[55.13674,51.73413],[55.13821,51.73503],[55.1398,51.73551],[55.14061,51.73554],[55.14334,51.73467],[55.14884,51.73289],[55.15067,51.72475],[55.15623,51.72389],[55.16155,51.72562],[55.1714,51.73163],[55.17495,51.73263],[55.17798,51.73514],[55.17565,51.73896],[55.17656,51.74122],[55.18304,51.74241],[55.18971,51.74148],[55.19417,51.73771],[55.19346,51.73351],[55.19267,51.73333],[55.18992,51.73269],[55.19053,51.72843],[55.1963,51.72743],[55.19944,51.72605],[55.20257,51.72806],[55.20186,51.73169],[55.20308,51.73439],[55.20217,51.73764],[55.20389,51.74159],[55.20757,51.7432],[55.21134,51.74413],[55.22067,51.7423],[55.22449,51.74544],[55.23465,51.7436],[55.23866,51.74441],[55.24077,51.74472],[55.24055,51.74754],[55.23806,51.74925],[55.23876,51.75137],[55.24038,51.75252],[55.24261,51.75324],[55.24297,51.756],[55.24532,51.75665],[55.24424,51.75826],[55.2504,51.76378],[55.25085,51.76636],[55.25004,51.76767],[55.2509,51.76961],[55.25086,51.77018],[55.25267,51.77024],[55.25258,51.77165],[55.25144,51.77164],[55.25135,51.77446],[55.25265,51.77493],[55.25207,51.78913],[55.24195,51.78918],[55.2367,51.78961],[55.23983,51.79363],[55.24198,51.79789],[55.24304,51.79897],[55.24117,51.80015],[55.24094,51.80095],[55.24548,51.80312],[55.25342,51.80731],[55.25531,51.809],[55.25769,51.81031],[55.25655,51.81131],[55.25799,51.81254],[55.2596,51.81288],[55.26115,51.81316],[55.26185,51.81336],[55.26376,51.81395],[55.26445,51.81481],[55.26602,51.81537],[55.26746,51.81674],[55.26874,51.81828],[55.27067,51.81966],[55.27252,51.82111],[55.27256,51.8224],[55.2731,51.82301],[55.27248,51.82449],[55.2737,51.82525],[55.27269,51.82559],[55.27284,51.82596],[55.27379,51.82649],[55.27402,51.82759],[55.27522,51.82843],[55.27445,51.82946],[55.27595,51.8296],[55.27675,51.83016],[55.34291,51.83008],[55.37082,51.83022],[55.38861,51.82975],[55.38776,51.83061],[55.38686,51.83207],[55.38895,51.83294],[55.39063,51.83304],[55.39209,51.83419],[55.39466,51.83517],[55.39617,51.8369],[55.39329,51.84742],[55.39449,51.85558],[55.39227,51.86131],[55.39089,51.86849],[55.39075,51.88101],[55.38064,51.8811],[55.38027,51.88534],[55.37962,51.88863],[55.37898,51.88958],[55.46327,51.88965],[55.46418,51.89877],[55.47028,51.89882],[55.47495,51.89794],[55.48523,51.90901],[55.48323,51.91095],[55.48352,51.91382],[55.48447,51.9151],[55.48456,51.91874],[55.48352,51.9209],[55.47972,51.92348],[55.47716,51.9243],[55.47604,51.92597],[55.48531,51.92593],[55.55918,51.92564],[55.55918,51.9545],[55.64806,51.94381],[55.69084,51.94159],[55.69154,51.94203],[55.6936,51.94206],[55.696,51.94721],[55.70474,51.94847],[55.70498,51.97773],[55.69992,51.98386],[55.69965,51.98534],[55.69069,51.9984],[55.69064,52.00053],[55.69154,52.00202],[55.69363,52.00336],[55.69529,52.00307],[55.69762,52.00354],[55.69985,52.00497],[55.70013,52.00623],[55.70163,52.00637],[55.7036,52.00655],[55.70949,52.00886],[55.70996,52.00705],[55.71148,52.00588],[55.71357,52.00564],[55.71661,52.00705],[55.71983,52.00833],[55.72126,52.00769],[55.72316,52.00792],[55.72736,52.00652],[55.73231,52.00498],[55.73506,52.00305],[55.73991,52.00259],[55.74275,52.00425],[55.74809,52.00618],[55.75393,52.0044],[55.75726,52.00084],[55.75702,51.99816],[55.75471,51.99529],[55.75129,51.99422],[55.74747,51.99364],[55.74448,51.99431],[55.74056,51.99615],[55.73698,51.99714],[55.73076,51.99708],[55.72816,51.99627],[55.72698,51.99491],[55.72679,51.99325],[55.72786,51.99204],[55.72948,51.99126],[55.73213,51.99062],[55.73497,51.99078],[55.73982,51.99274],[55.74257,51.9931],[55.74468,51.99277],[55.74649,51.99174],[55.74718,51.99014],[55.74517,51.98776],[55.74379,51.98715],[55.74149,51.987],[55.73987,51.98667],[55.7386,51.98589],[55.73777,51.9848],[55.73762,51.9835],[55.73816,51.98226],[55.73997,51.98145],[55.74174,51.98142],[55.74384,51.98199],[55.75059,51.98778],[55.75241,51.98838],[55.75505,51.98829],[55.758,51.98738],[55.76005,51.98578],[55.7603,51.98346],[55.75853,51.98135],[55.7527,51.97917],[55.74917,51.97839],[55.74697,51.97688],[55.74667,51.97525],[55.74785,51.97443],[55.75226,51.97332],[55.75569,51.97377],[55.75996,51.97525],[55.76824,51.97531],[55.77525,51.97788],[55.78211,51.97734],[55.78549,51.9758],[55.78657,51.97372],[55.78603,51.97166],[55.78074,51.96991],[55.77765,51.96852],[55.77598,51.96647],[55.77637,51.96457],[55.77779,51.96318],[55.77822,51.963],[55.78098,51.96227],[55.78485,51.96218],[55.78804,51.96418],[55.79078,51.96508],[55.79235,51.96523],[55.8013,51.96458],[55.80361,51.96257],[55.80452,51.95992],[55.80221,51.95728],[55.79946,51.95686],[55.79714,51.95596],[55.79384,51.954],[55.79187,51.95184],[55.78749,51.94916],[55.78547,51.9461],[55.78466,51.94329],[55.78736,51.94207],[55.78914,51.94125],[55.79204,51.94115],[55.79611,51.94255],[55.80375,51.94808],[55.80641,51.95117],[55.80594,51.95398],[55.80697,51.95591],[55.81006,51.95641],[55.81268,51.95638],[55.81465,51.9572],[55.81457,51.95824],[55.81212,51.95972],[55.81229,51.96207],[55.81418,51.96288],[55.81807,51.96231],[55.82015,51.96201],[55.8218,51.96224],[55.82605,51.9608],[55.8277,51.95775],[55.82817,51.95352],[55.83065,51.9522],[55.83405,51.9512],[55.83819,51.9512],[55.84275,51.95278],[55.84518,51.94773],[55.8477,51.94578],[55.8521,51.94604],[55.85511,51.94663],[55.85818,51.94633],[55.86136,51.94446],[55.86485,51.94469],[55.86274,51.94306],[55.86227,51.94157],[55.86328,51.9395],[55.86683,51.93833],[55.86912,51.93672],[55.86669,51.93286],[55.87168,51.93112],[55.87244,51.93032],[55.8724,51.92961],[55.86953,51.92462],[55.87018,51.92336],[55.87244,51.92278],[55.87183,51.92225],[55.87011,51.92222],[55.87069,51.91987],[55.86992,51.91935],[55.86829,51.92174],[55.86698,51.92148],[55.86479,51.92058],[55.86505,51.91992],[55.86724,51.91899],[55.86655,51.91762],[55.8653,51.91778],[55.86527,51.91859],[55.86011,51.91955],[55.85602,51.92076],[55.85399,51.92172],[55.85106,51.92394],[55.84736,51.92531],[55.83555,51.92723],[55.8347,51.92519],[55.83616,51.92503],[55.8368,51.9163],[55.83699,51.91251],[55.83523,51.89397],[55.80685,51.89387],[55.80644,51.87733],[55.80626,51.82627],[55.82388,51.8262],[55.84225,51.82585],[55.86838,51.82572],[55.86873,51.82905],[55.87103,51.82923],[55.87907,51.82624],[55.88406,51.82648],[55.88918,51.82553],[55.90359,51.82551],[55.90885,51.82382],[55.91803,51.82335],[55.93527,51.81951],[55.94417,51.81687],[55.96301,51.81658],[55.9658,51.76496],[55.96428,51.76111],[55.95984,51.75434],[55.95711,51.74177],[55.87894,51.74216],[55.87801,51.69201],[55.85136,51.69193],[55.85107,51.66037],[55.84891,51.66089],[55.84627,51.6609],[55.84329,51.66016],[55.84101,51.65947],[55.83775,51.65947],[55.83535,51.65989],[55.83063,51.66108],[55.82906,51.6617],[55.82895,51.66263],[55.82969,51.66403],[55.82878,51.66514],[55.82674,51.66646],[55.8254,51.6679],[55.82402,51.66884],[55.82153,51.66936],[55.81879,51.66933],[55.816,51.66876],[55.81424,51.66799],[55.81339,51.66765],[55.81214,51.66724],[55.811,51.6664],[55.81059,51.66524],[55.81038,51.66403],[55.80983,51.66331],[55.80891,51.66256],[55.8072,51.66192],[55.80555,51.66122],[55.80323,51.66105],[55.80142,51.66116],[55.80012,51.66178],[55.79937,51.66264],[55.79958,51.6636],[55.79968,51.66473],[55.79888,51.66561],[55.79775,51.66604],[55.79575,51.666],[55.79424,51.66531],[55.79326,51.66411],[55.79207,51.66318],[55.79103,51.66251],[55.7902,51.66192],[55.78954,51.66138],[55.78891,51.66074],[55.78785,51.66019],[55.78635,51.66023],[55.78547,51.66063],[55.78576,51.66157],[55.78539,51.66262],[55.78351,51.6633],[55.78143,51.66396],[55.77956,51.66282],[55.77836,51.66298],[55.77729,51.66362],[55.77579,51.66418],[55.77386,51.66485],[55.76448,51.65015],[55.75531,51.63639],[55.74088,51.64013],[55.73,51.62406],[55.71322,51.59888],[55.73759,51.59221],[55.78261,51.58042],[55.84603,51.56368],[55.8338,51.54525],[55.82566,51.53319],[55.82421,51.52041],[55.82076,51.51848],[55.81897,51.5152],[55.81887,51.51099],[55.80264,51.49017],[55.79487,51.48683],[55.79393,51.47943],[55.72277,51.49823],[55.68295,51.5086],[55.67658,51.49846],[55.66955,51.48781],[55.64086,51.46114],[55.63294,51.45393],[55.59292,51.46986],[55.5439,51.48905],[55.50507,51.48277],[55.47089,51.47749],[55.43728,51.46986],[55.4336,51.46759],[55.42417,51.46553],[55.42006,51.46462],[55.41143,51.4624],[55.38023,51.45599],[55.37872,51.45638],[55.37831,51.45798],[55.37696,51.46034],[55.37507,51.46173],[55.37337,51.46233],[55.37006,51.46624],[55.37097,51.46769],[55.36766,51.47034],[55.36779,51.47185],[55.36549,51.47288],[55.363,51.47192],[55.36176,51.4726],[55.35938,51.47694],[55.36102,51.47875],[55.35952,51.48207],[55.33919,51.48024],[55.32045,51.47781],[55.31546,51.476],[55.2989,51.469],[55.28212,51.45868],[55.25268,51.47666],[55.26673,51.48545],[55.27869,51.49288],[55.26347,51.50366],[55.24546,51.51507],[55.21822,51.49823],[55.20345,51.48923],[55.19088,51.49623],[55.18214,51.49098],[55.1774,51.48892],[55.17219,51.48702],[55.16276,51.48381],[55.16112,51.48256],[55.15783,51.48035],[55.15436,51.47893],[55.15169,51.47661],[55.15089,51.47563],[55.1492,51.47379],[55.14904,51.47121],[55.14571,51.46913],[55.14081,51.46776],[55.13986,51.46887],[55.13793,51.46996],[55.13437,51.4696],[55.13205,51.47026],[55.13067,51.47186],[55.13145,51.47389],[55.13042,51.47512],[55.1275,51.4767],[55.12696,51.47853],[55.1237,51.47905],[55.12188,51.47975],[55.12072,51.48098],[55.12059,51.48255],[55.12261,51.48372],[55.12299,51.48483],[55.12158,51.48576],[55.11831,51.48702],[55.11568,51.48775],[55.11308,51.48748],[55.11057,51.48638],[55.10898,51.48676],[55.1081,51.48846],[55.10703,51.48886],[55.10461,51.48883],[55.10355,51.49036],[55.10284,51.49148],[55.10093,51.49207],[55.09497,51.49167],[55.09415,51.49469],[55.09261,51.49461],[55.09149,51.49415],[55.09124,51.4907],[55.07031,51.48396],[55.03774,51.47299],[55.03661,51.47251],[55.0054,51.46199],[54.96576,51.46083],[54.93109,51.43346],[54.89451,51.40423],[54.80364,51.32512],[54.46876,51.32059],[54.34616,51.32025],[54.37506,51.33294],[54.41607,51.36136],[54.50292,51.4077],[54.49053,51.41197],[54.48057,51.40993],[54.47415,51.41473],[54.46868,51.42355],[54.44075,51.42258],[54.4449,51.42946],[54.44628,51.43305],[54.44569,51.43362],[54.44512,51.4411],[54.44544,51.44323],[54.44817,51.44632],[54.45026,51.44654],[54.45237,51.44936],[54.48329,51.45163],[54.49484,51.45281],[54.51086,51.45755],[54.5511,51.46745],[54.5501,51.46879],[54.54767,51.47148],[54.54405,51.47769],[54.54208,51.48362],[54.54183,51.48725],[54.54108,51.49043],[54.54133,51.49454],[54.53971,51.49634],[54.53739,51.49813],[54.53571,51.50318],[54.53492,51.50662],[54.53265,51.50896],[54.53116,51.51579],[54.52652,51.51739],[54.52513,51.51898],[54.52128,51.51788],[54.5195,51.51818],[54.51743,51.52132],[54.51258,51.52464],[54.51189,51.5279],[54.51673,51.53356],[54.51308,51.53731],[54.51061,51.53792],[54.51061,51.53921],[54.51209,51.5405],[54.53144,51.54485],[54.52292,51.55952],[54.52089,51.55895],[54.51668,51.55823],[54.49753,51.59195],[54.4691,51.63922],[54.46574,51.63916],[54.46452,51.64123],[54.46422,51.6451],[54.46375,51.64906],[54.46276,51.65069],[54.45892,51.65164],[54.4556,51.65108],[54.45215,51.65086],[54.4477,51.65194],[54.44175,51.65695],[54.44206,51.66081],[54.44759,51.65893],[54.45309,51.65807],[54.45669,51.6597],[54.46171,51.66146],[54.46517,51.66388],[54.46522,51.67073],[54.46405,51.67328],[54.4653,51.67691],[54.4674,51.67722],[54.47025,51.67735],[54.47373,51.67865],[54.47698,51.6817],[54.47737,51.68581],[54.47399,51.68806],[54.46471,51.6902],[54.45523,51.69305],[54.45101,51.69579],[54.45004,51.69784],[54.45146,51.69981],[54.45419,51.70158],[54.46081,51.70263],[54.46925,51.70014],[54.47964,51.69998],[54.48594,51.7015],[54.49412,51.70637],[54.49938,51.71128],[54.50171,51.71361],[54.50801,51.71518],[54.51794,51.71357],[54.52502,51.71337],[54.53787,51.71816],[54.54339,51.71904],[54.54846,51.71912],[54.5554,51.71816],[54.55982,51.71945],[54.56391,51.71924],[54.56819,51.72186],[54.57657,51.72359],[54.5789,51.71953],[54.57858,51.71683],[54.58098,51.71486],[54.58579,51.71389],[54.59072,51.71546],[54.59098,51.72194],[54.59189,51.72572],[54.59065,51.72942],[54.59546,51.73364],[54.60046,51.73501],[54.60866,51.73413],[54.61526,51.73163],[54.6211,51.73067],[54.6303,51.73096],[54.63595,51.72989],[54.64074,51.72917],[54.64765,51.72958],[54.65237,51.73093],[54.657,51.73465],[54.65933,51.73692],[54.6709,51.74912],[54.67483,51.75097],[54.68258,51.75221],[54.68454,51.75266],[54.67252,51.76379],[54.66268,51.77247],[54.68454,51.781],[54.70762,51.79007],[54.70369,51.79037],[54.70214,51.79135],[54.69991,51.79135],[54.6951,51.79346],[54.6907,51.79596],[54.68576,51.79699],[54.68063,51.79679],[54.67494,51.79882],[54.67113,51.79956],[54.67109,51.80161],[54.67154,51.80331],[54.66882,51.8042],[54.66626,51.80546],[54.66386,51.80615],[54.66214,51.80864],[54.6593,51.81144],[54.65659,51.81191],[54.65521,51.81358],[54.65251,51.81467],[54.65174,51.8164],[54.64896,51.81667],[54.6483,51.81876],[54.64679,51.82145],[54.64321,51.82269],[54.64295,51.82438],[54.64181,51.8247],[54.63771,51.82665],[54.63666,51.82975],[54.64057,51.83209],[54.63969,51.83444],[54.64059,51.83751],[54.63939,51.83796],[54.63874,51.8391],[54.63564,51.84271],[54.63688,51.84845],[54.63298,51.85414],[54.62396,51.85811],[54.63662,51.86709],[54.63953,51.86876],[54.6446,51.86896],[54.65581,51.86728],[54.6682,51.86508],[54.66839,51.8658],[54.66872,51.86813],[54.67096,51.86825],[54.67435,51.86892],[54.6785,51.87065],[54.67959,51.8881],[54.65502,51.8941],[54.62847,51.90046],[54.58304,51.91075],[54.58579,51.92794],[54.52841,51.93208],[54.52947,51.93775],[54.53136,51.94965],[54.51734,51.95097],[54.51775,51.95581],[54.5189,51.96789],[54.51453,51.99771],[54.55503,51.99476],[54.55674,52.00701],[54.56104,52.02818],[54.56123,52.03861],[54.56264,52.05015],[54.55847,52.05027],[54.56065,52.06638],[54.5875,52.08173],[54.57862,52.08535],[54.57113,52.09039],[54.58988,52.10312],[54.61762,52.09066],[54.64173,52.09129],[54.64152,52.09602],[54.6323,52.11253],[54.63799,52.11736],[54.66248,52.12834],[54.66886,52.1209],[54.68317,52.12697],[54.68341,52.12759],[54.7043,52.13605],[54.71987,52.1425],[54.73058,52.12963],[54.74675,52.11105],[54.76676,52.11976],[54.77297,52.11978],[54.7785,52.11665],[54.77983,52.11322],[54.78106,52.10913],[54.78385,52.10827],[54.7926,52.10901],[54.81053,52.11679],[54.81812,52.10941],[54.82766,52.09176],[54.83603,52.08392],[54.8483,52.08942],[54.86902,52.09858],[54.8797,52.08935],[54.88787,52.08248],[54.89991,52.07202],[54.91292,52.06053],[54.92624,52.04907],[54.93662,52.04027],[54.93509,52.0396],[54.95274,52.02466],[54.97005,52.00975],[55.00288,51.98165],[54.98999,51.97585],[54.97776,51.97017],[54.99318,51.95732],[55.01278,51.94074],[55.05115,51.9584],[55.05049,51.96023],[55.05586,51.96213],[55.0564,51.96275],[55.06237,51.96473],[55.06493,51.96444],[55.07097,51.96556],[55.075,51.96544],[55.07714,51.96498],[55.07781,51.96353],[55.07681,51.96329],[55.07714,51.96271],[55.07902,51.96267],[55.07953,51.96208],[55.0808,51.9623],[55.08148,51.96183],[55.08127,51.96041],[55.08137,51.95982],[55.08236,51.95933],[55.08198,51.95839],[55.08288,51.95789],[55.08293,51.95713],[55.0835,51.95649],[55.08312,51.95555],[55.0845,51.95488],[55.08369,51.95424],[55.08298,51.95117],[55.08156,51.94973],[55.08146,51.94801],[55.08279,51.94742],[55.08312,51.9466],[55.08535,51.94575],[55.08782,51.94578],[55.08948,51.944],[55.09171,51.943],[55.09095,51.94163],[55.09186,51.94122],[55.09442,51.94122],[55.09523,51.94089],[55.09494,51.93975],[55.09769,51.93847],[55.10121,51.93861],[55.10083,51.93712],[55.10159,51.93668],[55.10434,51.93662],[55.10534,51.93566],[55.10667,51.93566],[55.10857,51.93653],[55.11089,51.93671],[55.11127,51.93563],[55.11796,51.93519],[55.1192,51.9361],[55.12095,51.93589],[55.12228,51.93481],[55.12319,51.93153],[55.12504,51.93074],[55.12717,51.93182],[55.1285,51.93165],[55.13111,51.92904],[55.13111,51.9281],[55.13021,51.92749],[55.13135,51.92676],[55.1316,51.92554],[55.13391,51.92565],[55.13475,51.925],[55.13375,51.92358],[55.12736,51.91841],[55.12582,51.9161],[55.12333,51.91369],[55.12126,51.91014],[55.12099,51.90843],[55.11911,51.90602],[55.12087,51.90556]],[[54.83204,51.91558],[54.83109,51.91485],[54.82548,51.91171],[54.82558,51.90965],[54.82405,51.90727],[54.82372,51.90535],[54.82476,51.90462],[54.82392,51.90335],[54.82229,51.90308],[54.81884,51.90274],[54.81583,51.90439],[54.81161,51.90195],[54.82301,51.89748],[54.84888,51.88876],[54.84882,51.8875],[54.85115,51.88713],[54.85285,51.88701],[54.86083,51.88796],[54.87138,51.88938],[54.87686,51.89022],[54.88499,51.89115],[54.88833,51.89159],[54.89079,51.89278],[54.88659,51.89559],[54.88568,51.89558],[54.88454,51.89581],[54.88254,51.89533],[54.88152,51.89581],[54.88061,51.89602],[54.87965,51.89542],[54.87862,51.89535],[54.87791,51.89606],[54.87831,51.89721],[54.87811,51.89803],[54.87611,51.89846],[54.87324,51.89882],[54.87212,51.89911],[54.87053,51.90068],[54.85839,51.91088],[54.84408,51.92317],[54.84073,51.92209],[54.8344,51.91906],[54.83204,51.91558]],[[54.85979,51.86013],[54.86063,51.86083],[54.85737,51.86475],[54.85716,51.86808],[54.8525,51.87046],[54.85446,51.87223],[54.85958,51.87814],[54.86381,51.88306],[54.85691,51.88501],[54.85553,51.88499],[54.85334,51.8842],[54.85135,51.88419],[54.848,51.88488],[54.84604,51.88325],[54.84241,51.88251],[54.84107,51.88242],[54.84012,51.88196],[54.84031,51.88089],[54.83891,51.88021],[54.83717,51.87913],[54.83451,51.87767],[54.8322,51.87722],[54.83067,51.87645],[54.8303,51.87516],[54.83083,51.87465],[54.83331,51.87414],[54.83625,51.87312],[54.83878,51.8716],[54.84034,51.87045],[54.84098,51.86968],[54.84057,51.86899],[54.83711,51.86663],[54.84864,51.86321],[54.84853,51.86242],[54.85057,51.86223],[54.85392,51.86175],[54.85686,51.86103],[54.85979,51.86013]],[[55.40449,51.61819],[55.39587,51.62141],[55.39225,51.62179],[55.38973,51.62338],[55.36505,51.6316],[55.3615,51.62977],[55.35954,51.62854],[55.35756,51.62741],[55.35445,51.62596],[55.35232,51.62571],[55.35114,51.62706],[55.35058,51.62878],[55.34861,51.63043],[55.34719,51.63208],[55.3444,51.63251],[55.34249,51.63259],[55.32516,51.6342],[55.30081,51.63619],[55.29487,51.63638],[55.28372,51.6374],[55.27665,51.6028],[55.28154,51.60047],[55.30351,51.59923],[55.3075,51.59863],[55.34002,51.59619],[55.34319,51.59543],[55.342,51.59424],[55.34054,51.59371],[55.34174,51.59285],[55.34311,51.5917],[55.34071,51.59072],[55.34097,51.58901],[55.34131,51.58667],[55.3414,51.58571],[55.33735,51.5845],[55.33556,51.58304],[55.33239,51.58144],[55.33239,51.58005],[55.33419,51.57989],[55.33702,51.57979],[55.33839,51.57851],[55.33719,51.57632],[55.3353,51.57431],[55.33693,51.57376],[55.33728,51.57237],[55.33651,51.57115],[55.33651,51.57008],[55.33754,51.56939],[55.33838,51.56951],[55.33941,51.56989],[55.34157,51.57072],[55.34346,51.5704],[55.3444,51.5696],[55.34354,51.56923],[55.34378,51.56806],[55.34629,51.56763],[55.34826,51.56715],[55.34886,51.5664],[55.34911,51.56567],[55.348,51.56466],[55.34809,51.56397],[55.34895,51.56352],[55.35172,51.56267],[55.35287,51.56235],[55.35302,51.56135],[55.35177,51.56065],[55.35009,51.56048],[55.37392,51.55986],[55.39962,51.55957],[55.4608,51.55998],[55.46427,51.55241],[55.47005,51.55379],[55.47138,51.55359],[55.47378,51.55152],[55.47662,51.54896],[55.47992,51.5469],[55.48974,51.54255],[55.50905,51.56076],[55.50734,51.56153],[55.50125,51.5614],[55.50091,51.56827],[55.50188,51.56827],[55.50028,51.59126],[55.49954,51.61032],[55.47058,51.61232],[55.41402,51.61535],[55.40828,51.61539],[55.4073,51.61714],[55.40449,51.61819]],[[55.50521,51.53544],[55.51553,51.53037],[55.53608,51.54762],[55.53147,51.54971],[55.5253,51.55269],[55.50521,51.53544]],[[55.51449,51.74241],[55.51116,51.74415],[55.51036,51.74648],[55.51087,51.74887],[55.51174,51.75177],[55.51021,51.75277],[55.5076,51.75321],[55.50625,51.75246],[55.50497,51.7521],[55.50251,51.75178],[55.50147,51.75135],[55.50008,51.75067],[55.49894,51.7487],[55.49962,51.74678],[55.50197,51.7442],[55.50244,51.74164],[55.50053,51.73987],[55.49727,51.7384],[55.48697,51.73915],[55.48155,51.74167],[55.47952,51.74381],[55.47603,51.74395],[55.47343,51.74252],[55.47049,51.74165],[55.46581,51.74059],[55.46168,51.74005],[55.45938,51.74012],[55.46077,51.73283],[55.46235,51.72604],[55.46265,51.72477],[55.46562,51.72272],[55.46595,51.72111],[55.46341,51.7206],[55.46381,51.71956],[55.47174,51.71759],[55.45635,51.69569],[55.44581,51.67835],[55.47632,51.67893],[55.4765,51.67365],[55.53122,51.67493],[55.53382,51.673],[55.53383,51.67194],[55.53596,51.67136],[55.53821,51.67141],[55.54152,51.67186],[55.54243,51.67133],[55.53731,51.66447],[55.54332,51.66432],[55.55025,51.67181],[55.55321,51.67369],[55.58515,51.66563],[55.59504,51.6808],[55.60095,51.69036],[55.60407,51.69411],[55.60435,51.69941],[55.57979,51.70414],[55.58224,51.71108],[55.58068,51.71234],[55.58027,51.71185],[55.57879,51.71073],[55.57647,51.70962],[55.57411,51.70961],[55.57346,51.71432],[55.57106,51.71751],[55.57261,51.71889],[55.57916,51.72106],[55.58288,51.72368],[55.58668,51.72543],[55.58794,51.72695],[55.58839,51.72927],[55.58782,51.73129],[55.58827,51.73331],[55.59063,51.73551],[55.59791,51.73875],[55.59828,51.74028],[55.59649,51.74186],[55.59358,51.74283],[55.5891,51.74341],[55.58492,51.74203],[55.58079,51.74155],[55.5761,51.74175],[55.57396,51.74138],[55.57212,51.74057],[55.57055,51.739],[55.56942,51.73744],[55.56877,51.73522],[55.56992,51.73417],[55.57093,51.73369],[55.5721,51.73209],[55.57203,51.72959],[55.56254,51.72706],[55.55947,51.72706],[55.55592,51.72805],[55.55264,51.72981],[55.55074,51.73194],[55.55051,51.73361],[55.55091,51.73585],[55.55036,51.73696],[55.549,51.7374],[55.54396,51.73895],[55.53967,51.74036],[55.53752,51.74275],[55.5362,51.74511],[55.53664,51.74776],[55.53644,51.74909],[55.53518,51.7503],[55.53379,51.75085],[55.53191,51.75061],[55.52969,51.74951],[55.52712,51.74885],[55.52459,51.74783],[55.52438,51.74612],[55.52348,51.74332],[55.52055,51.74195],[55.51787,51.7418],[55.51449,51.74241]]]}},{"type":"Feature","properties":{"oktmo":"53636000","name":"Первомайский муниципальный район","type":"муниципальный район","center":"п Первомайский"},"geometry":{"type":"Polygon","coordinates":[[[52.03835,52.12125],[52.04336,52.11344],[52.04479,52.0715],[52.05439,52.07305],[52.0561,52.07313],[52.05788,52.073],[52.05917,52.07277],[52.06043,52.07294],[52.0683,52.07117],[52.07313,52.06956],[52.09959,52.06396],[52.10173,52.06366],[52.12521,52.05964],[52.13208,52.05934],[52.13798,52.05944],[52.15195,52.06056],[52.15188,52.06209],[52.16887,52.06331],[52.18587,52.06455],[52.20224,52.06575],[52.21333,52.06647],[52.22554,52.0675],[52.22709,52.06778],[52.22907,52.06776],[52.2317,52.0681],[52.23361,52.06798],[52.23957,52.06851],[52.25138,52.06989],[52.26356,52.07133],[52.2693,52.07123],[52.27632,52.07081],[52.30684,52.07249],[52.31302,52.06754],[52.31503,52.06631],[52.33571,52.05025],[52.36562,52.02678],[52.39893,52.02992],[52.39449,52.02139],[52.38926,52.01369],[52.38262,52.00645],[52.37745,52.002],[52.37431,51.99701],[52.3576,51.97778],[52.35246,51.97128],[52.32948,51.9433],[52.32132,51.91793],[52.31705,51.90739],[52.3159,51.8656],[52.30628,51.84961],[52.30257,51.82184],[52.34542,51.7863],[52.35867,51.7759],[52.33366,51.76979],[52.32414,51.76746],[52.32098,51.76669],[52.31951,51.76634],[52.31961,51.76522],[52.31858,51.76376],[52.31856,51.76326],[52.31981,51.76173],[52.32093,51.76074],[52.32025,51.76014],[52.32009,51.75961],[52.32056,51.75927],[52.32218,51.75958],[52.32262,51.75934],[52.32249,51.75857],[52.32513,51.75801],[52.32588,51.75737],[52.32584,51.75677],[52.32511,51.75605],[52.32579,51.75516],[52.32635,51.75476],[52.32866,51.75503],[52.33008,51.75459],[52.32924,51.75298],[52.32926,51.75216],[52.33023,51.75176],[52.33313,51.75175],[52.33367,51.75147],[52.33356,51.7502],[52.33236,51.74931],[52.33234,51.74836],[52.333,51.74739],[52.33176,51.74695],[52.33234,51.74618],[52.3349,51.74574],[52.33494,51.74468],[52.33386,51.74404],[52.33536,51.74332],[52.33251,51.74276],[52.30751,51.73792],[52.28037,51.73255],[52.26253,51.72857],[52.24793,51.72562],[52.23868,51.72376],[52.23341,51.73576],[52.2132,51.73483],[52.19186,51.73383],[52.18158,51.73337],[52.17879,51.72695],[52.17669,51.72663],[52.17569,51.70788],[52.17457,51.68745],[52.16953,51.6842],[52.16169,51.68663],[52.14939,51.68174],[52.12555,51.6721],[52.09006,51.65838],[52.07473,51.67404],[52.05899,51.66817],[52.04863,51.66968],[52.04439,51.66713],[51.999,51.66722],[51.99956,51.68345],[51.96458,51.68401],[51.92273,51.68365],[51.89409,51.68341],[51.89412,51.67419],[51.85661,51.67381],[51.85834,51.67141],[51.86014,51.67094],[51.86119,51.66874],[51.86077,51.66812],[51.86121,51.66704],[51.86252,51.6663],[51.86181,51.66445],[51.86111,51.66403],[51.86168,51.66282],[51.86313,51.66251],[51.86464,51.66109],[51.86419,51.66035],[51.86272,51.6601],[51.86431,51.65922],[51.86378,51.65828],[51.86227,51.65814],[51.86231,51.6566],[51.86429,51.65632],[51.86419,51.65554],[51.86231,51.65469],[51.86042,51.65221],[51.86081,51.65098],[51.85956,51.64983],[51.85749,51.64999],[51.85622,51.6495],[51.85567,51.64849],[51.85235,51.64838],[51.85109,51.64745],[51.84964,51.6476],[51.84614,51.64979],[51.84396,51.64943],[51.84086,51.64616],[51.84088,51.64421],[51.83895,51.64455],[51.83862,51.64361],[51.83734,51.64321],[51.83777,51.64214],[51.83663,51.64157],[51.8374,51.6406],[51.8349,51.6405],[51.83431,51.63957],[51.83284,51.63854],[51.83066,51.63897],[51.82846,51.6386],[51.82591,51.6374],[51.82375,51.63764],[51.82337,51.63584],[51.82398,51.63262],[51.82033,51.63046],[51.82113,51.62903],[51.81964,51.62817],[51.81948,51.62696],[51.81819,51.62736],[51.81589,51.6263],[51.81542,51.62534],[51.81636,51.62489],[51.81709,51.62396],[51.81597,51.62309],[51.81424,51.62264],[51.8119,51.62135],[51.80984,51.62138],[51.8076,51.62039],[51.80784,51.61937],[51.80585,51.61949],[51.80471,51.6189],[51.80566,51.61803],[51.80509,51.61726],[51.8043,51.61724],[51.80114,51.61511],[51.80079,51.61437],[51.80101,51.61329],[51.79883,51.61313],[51.79889,51.61194],[51.79753,51.61107],[51.79631,51.61117],[51.79574,51.61087],[51.7958,51.61031],[51.79488,51.60953],[51.79506,51.60916],[51.79576,51.60897],[51.79565,51.60836],[51.79376,51.60813],[51.79303,51.60773],[51.79328,51.60728],[51.79403,51.6068],[51.79376,51.60627],[51.79169,51.60603],[51.79115,51.60519],[51.79032,51.6054],[51.7906,51.60595],[51.78976,51.6061],[51.78902,51.60551],[51.78886,51.60483],[51.7878,51.60459],[51.78609,51.60456],[51.78566,51.6042],[51.78612,51.60397],[51.78658,51.60371],[51.7867,51.60336],[51.7869,51.60304],[51.78692,51.6027],[51.78647,51.60215],[51.78582,51.60195],[51.78519,51.60173],[51.78501,51.60142],[51.78525,51.60097],[51.78618,51.60047],[51.78666,51.60015],[51.78726,51.59924],[51.78798,51.59869],[51.78864,51.59848],[51.79076,51.59765],[51.79146,51.59746],[51.79199,51.59742],[51.79259,51.59752],[51.79305,51.59773],[51.7936,51.59808],[51.79415,51.59819],[51.79475,51.59804],[51.79524,51.59776],[51.79577,51.59767],[51.79736,51.59792],[51.79803,51.59788],[51.79841,51.5975],[51.79841,51.59711],[51.7983,51.59677],[51.79792,51.59651],[51.79722,51.59627],[51.79667,51.59613],[51.7958,51.59595],[51.79522,51.59608],[51.79472,51.59583],[51.79399,51.59537],[51.79354,51.59521],[51.79318,51.59483],[51.79292,51.59437],[51.79309,51.594],[51.79468,51.5934],[51.79578,51.59262],[51.7964,51.59242],[51.79711,51.59267],[51.79753,51.59308],[51.79813,51.59318],[51.79861,51.59297],[51.79882,51.59255],[51.79839,51.5923],[51.79777,51.59222],[51.79731,51.592],[51.79707,51.59168],[51.79705,51.59125],[51.79702,51.59082],[51.79669,51.59053],[51.79595,51.5906],[51.79524,51.59058],[51.79479,51.59032],[51.79467,51.58999],[51.7947,51.58938],[51.79442,51.58907],[51.79344,51.58897],[51.79221,51.58903],[51.7916,51.58878],[51.79173,51.58832],[51.79207,51.58805],[51.79266,51.58776],[51.77047,51.5832],[51.77902,51.56643],[51.77937,51.56543],[51.78664,51.55091],[51.78848,51.54733],[51.79397,51.53603],[51.7945,51.53456],[51.79596,51.53224],[51.80526,51.51375],[51.81243,51.49913],[51.81355,51.49702],[51.73073,51.48075],[51.73873,51.46517],[51.65583,51.44864],[51.6491,51.46117],[51.64079,51.47666],[51.62982,51.47496],[51.63745,51.49031],[51.64072,51.4969],[51.64294,51.50137],[51.64553,51.50205],[51.65711,51.5051],[51.64589,51.52698],[51.64241,51.53377],[51.64,51.53845],[51.63088,51.53677],[51.61284,51.53344],[51.61037,51.53836],[51.60413,51.55078],[51.60131,51.55024],[51.58789,51.54767],[51.57678,51.54552],[51.57969,51.5395],[51.58506,51.52836],[51.55689,51.52311],[51.5617,51.51409],[51.56612,51.5058],[51.54495,51.50144],[51.5279,51.49794],[51.5094,51.49413],[51.49205,51.49056],[51.49077,51.4903],[51.49263,51.48943],[51.49382,51.48778],[51.49415,51.48495],[51.49355,51.4846],[51.49268,51.48466],[51.48975,51.48572],[51.48733,51.48729],[51.48619,51.48701],[51.4856,51.48653],[51.4845,51.48653],[51.47525,51.48656],[51.47242,51.48623],[51.46573,51.48543],[51.4487,51.48046],[51.43857,51.47717],[51.43154,51.47485],[51.40615,51.4755],[51.38018,51.47615],[51.38004,51.48582],[51.34299,51.48701],[51.32458,51.48712],[51.31534,51.48718],[51.28655,51.48778],[51.28645,51.49238],[51.28597,51.51487],[51.28562,51.53147],[51.28561,51.53191],[51.28461,51.53168],[51.2827,51.53172],[51.28124,51.53122],[51.28027,51.53168],[51.27906,51.53177],[51.27633,51.53106],[51.27427,51.5303],[51.26504,51.52852],[51.25826,51.52819],[51.25114,51.52676],[51.25036,51.52584],[51.24773,51.52523],[51.24775,51.52596],[51.2478,51.52804],[51.2479,51.53172],[51.24772,51.53234],[51.24757,51.53292],[51.24687,51.53325],[51.24533,51.53291],[51.24441,51.53352],[51.24421,51.53445],[51.24596,51.53551],[51.24694,51.54265],[51.24555,51.54432],[51.24662,51.54624],[51.24628,51.5504],[51.24363,51.55365],[51.24524,51.55601],[51.24243,51.56018],[51.24045,51.56313],[51.2543,51.56316],[51.25937,51.56317],[51.26419,51.56318],[51.29299,51.56325],[51.30719,51.56329],[51.32926,51.56333],[51.33207,51.56334],[51.35376,51.56338],[51.36852,51.56341],[51.38033,51.56343],[51.3803,51.57598],[51.38027,51.59259],[51.38024,51.61273],[51.38022,51.61895],[51.3802,51.63353],[51.38018,51.64122],[51.35821,51.64117],[51.33752,51.64112],[51.3222,51.64109],[51.30746,51.64105],[51.30371,51.64106],[51.29633,51.65128],[51.28947,51.6608],[51.27861,51.6759],[51.27235,51.68457],[51.27214,51.68486],[51.26829,51.68499],[51.26766,51.68484],[51.26636,51.68422],[51.26576,51.68404],[51.26514,51.68394],[51.26433,51.68408],[51.2637,51.68427],[51.26213,51.68485],[51.26106,51.6851],[51.25905,51.68547],[51.25745,51.68565],[51.25598,51.68573],[51.25498,51.68599],[51.25427,51.68652],[51.25385,51.6868],[51.25311,51.68705],[51.25223,51.68698],[51.25171,51.68669],[51.25163,51.68638],[51.25182,51.686],[51.25234,51.68542],[51.25245,51.68503],[51.25251,51.68433],[51.25089,51.68385],[51.24892,51.68394],[51.24785,51.68406],[51.24706,51.68463],[51.24673,51.68506],[51.2462,51.6855],[51.24504,51.68519],[51.24426,51.68441],[51.24335,51.68415],[51.24206,51.68416],[51.21505,51.68209],[51.2038,51.66744],[51.2033,51.66713],[51.20265,51.66699],[51.2007,51.66685],[51.19845,51.66718],[51.19774,51.66761],[51.19703,51.66816],[51.19624,51.66843],[51.1956,51.66841],[51.19502,51.66802],[51.19435,51.66743],[51.19365,51.66705],[51.19266,51.66686],[51.19168,51.66684],[51.19077,51.66709],[51.19011,51.6675],[51.18893,51.66812],[51.18825,51.66821],[51.18755,51.66811],[51.18659,51.66787],[51.18569,51.6677],[51.18436,51.66747],[51.18365,51.66733],[51.18311,51.66732],[51.1825,51.6676],[51.18211,51.66828],[51.18184,51.66882],[51.18131,51.66916],[51.18052,51.66914],[51.17959,51.66899],[51.17796,51.66876],[51.17709,51.66877],[51.17644,51.66891],[51.17597,51.66913],[51.17553,51.6696],[51.17576,51.67014],[51.17646,51.67055],[51.17668,51.6709],[51.17656,51.67133],[51.1764,51.67183],[51.17627,51.67261],[51.17567,51.67347],[51.17499,51.67397],[51.17431,51.67399],[51.17343,51.67358],[51.17291,51.67313],[51.17236,51.67279],[51.17166,51.67287],[51.16956,51.67305],[51.16862,51.67313],[51.168,51.67349],[51.1679,51.67389],[51.1684,51.67426],[51.16959,51.67399],[51.17034,51.67404],[51.17097,51.67439],[51.1718,51.67472],[51.17221,51.67512],[51.17249,51.67606],[51.17227,51.67655],[51.17091,51.67721],[51.16987,51.67738],[51.16889,51.67745],[51.16818,51.67699],[51.16763,51.67626],[51.16676,51.67577],[51.16607,51.67565],[51.16506,51.67567],[51.16397,51.67601],[51.1624,51.67616],[51.16132,51.6759],[51.16024,51.67564],[51.15953,51.6757],[51.15886,51.67589],[51.15796,51.67654],[51.15766,51.67707],[51.1569,51.6776],[51.15594,51.67785],[51.15472,51.6777],[51.15435,51.67721],[51.1542,51.67624],[51.15519,51.67503],[51.15588,51.67421],[51.15536,51.67244],[51.15433,51.67183],[51.15291,51.6713],[51.1518,51.67091],[51.15097,51.67097],[51.15048,51.6711],[51.14921,51.67216],[51.14866,51.67246],[51.14755,51.67301],[51.14593,51.67327],[51.145,51.67362],[51.14301,51.67392],[51.14154,51.67426],[51.14034,51.67477],[51.13921,51.67517],[51.13792,51.67546],[51.13733,51.67544],[51.13696,51.67513],[51.13666,51.67486],[51.13669,51.67444],[51.13622,51.67397],[51.13495,51.67341],[51.13292,51.67281],[51.13201,51.67258],[51.13079,51.67256],[51.12998,51.67291],[51.12891,51.67339],[51.1281,51.67389],[51.12737,51.67465],[51.12722,51.67501],[51.12707,51.67541],[51.12709,51.6761],[51.12645,51.67654],[51.12579,51.67678],[51.12506,51.67696],[51.12439,51.67689],[51.12401,51.67661],[51.12407,51.67595],[51.12418,51.6753],[51.12405,51.67494],[51.12347,51.67439],[51.12221,51.6738],[51.12117,51.67357],[51.12018,51.67368],[51.11936,51.6741],[51.11898,51.67452],[51.1185,51.67535],[51.11759,51.67599],[51.11705,51.67676],[51.11635,51.67727],[51.11575,51.67744],[51.11469,51.67751],[51.11332,51.67744],[51.11273,51.67729],[51.11218,51.67688],[51.11217,51.67636],[51.11265,51.67594],[51.11361,51.6749],[51.11403,51.67434],[51.11412,51.67378],[51.11395,51.67331],[51.11326,51.67286],[51.11167,51.67225],[51.11058,51.67175],[51.10959,51.67161],[51.10868,51.67183],[51.10747,51.67315],[51.10707,51.67382],[51.10602,51.67464],[51.10438,51.67503],[51.10322,51.67508],[51.10213,51.67503],[51.10019,51.67469],[51.09827,51.67474],[51.09682,51.67447],[51.09601,51.67403],[51.09571,51.67351],[51.09574,51.67295],[51.09623,51.67252],[51.09753,51.67166],[51.09813,51.67093],[51.09826,51.67015],[51.09808,51.66979],[51.09772,51.66941],[51.09677,51.66893],[51.09547,51.6686],[51.09474,51.66859],[51.09327,51.66859],[51.09253,51.66899],[51.09173,51.66923],[51.09054,51.66939],[51.08983,51.66938],[51.08891,51.66922],[51.0881,51.66888],[51.08697,51.66795],[51.08659,51.6675],[51.08601,51.66711],[51.08474,51.66644],[51.08401,51.66637],[51.08322,51.6667],[51.08253,51.66694],[51.08111,51.66775],[51.0801,51.66802],[51.07843,51.66826],[51.07765,51.66857],[51.07724,51.66903],[51.07666,51.6695],[51.07607,51.66969],[51.07496,51.66978],[51.07393,51.66957],[51.07355,51.66933],[51.07294,51.66864],[51.07177,51.66835],[51.07041,51.66812],[51.06976,51.6682],[51.06918,51.66843],[51.06913,51.66887],[51.06933,51.66929],[51.06872,51.66967],[51.06759,51.67018],[51.06769,51.67051],[51.06853,51.67077],[51.06984,51.67136],[51.07031,51.67162],[51.0706,51.67205],[51.07015,51.67255],[51.06919,51.67303],[51.06784,51.67316],[51.0668,51.67289],[51.06486,51.67234],[51.06359,51.67238],[51.06255,51.67217],[51.06171,51.67196],[51.06089,51.67202],[51.06024,51.67225],[51.0602,51.67263],[51.06032,51.67295],[51.06035,51.67345],[51.06007,51.67398],[51.05929,51.67444],[51.05864,51.67489],[51.05868,51.67542],[51.05949,51.67654],[51.05968,51.67734],[51.05914,51.67788],[51.0572,51.67869],[51.05744,51.67967],[51.05721,51.68026],[51.05667,51.68057],[51.054,51.68004],[51.05289,51.67994],[51.05228,51.6795],[51.05119,51.67929],[51.0498,51.67892],[51.04855,51.67824],[51.04755,51.67773],[51.04597,51.67735],[51.04499,51.67708],[51.04421,51.67713],[51.04406,51.67749],[51.04461,51.67792],[51.04511,51.67848],[51.04567,51.67941],[51.04593,51.67995],[51.04584,51.68058],[51.04511,51.68083],[51.04402,51.68088],[51.04292,51.68126],[51.0439,51.68213],[51.04403,51.68259],[51.04322,51.68303],[51.04229,51.68324],[51.04044,51.68366],[51.03984,51.68428],[51.03918,51.68453],[51.03907,51.68484],[51.03906,51.68555],[51.03873,51.68605],[51.03792,51.68675],[51.03717,51.68681],[51.03633,51.68668],[51.03577,51.68638],[51.03526,51.68587],[51.03492,51.68526],[51.03502,51.68471],[51.03582,51.68398],[51.03599,51.68303],[51.03588,51.68246],[51.03545,51.68199],[51.03488,51.68185],[51.03416,51.68176],[51.03361,51.68187],[51.03328,51.68212],[51.0326,51.68243],[51.03208,51.68238],[51.03176,51.68195],[51.03206,51.68144],[51.0322,51.68107],[51.0322,51.68047],[51.03162,51.67999],[51.03095,51.67929],[51.0304,51.67921],[51.02912,51.67985],[51.02848,51.67995],[51.02763,51.67992],[51.02597,51.67931],[51.02457,51.67927],[51.02292,51.6796],[51.02188,51.67971],[51.02107,51.67953],[51.02056,51.67929],[51.0202,51.6787],[51.01967,51.67822],[51.01897,51.67787],[51.01741,51.6771],[51.01504,51.67665],[51.01452,51.67721],[51.01409,51.67767],[51.01423,51.67805],[51.01323,51.67857],[51.0123,51.67807],[51.01194,51.6777],[51.01188,51.67721],[51.01278,51.67641],[51.01323,51.67572],[51.01318,51.6751],[51.01269,51.67457],[51.01164,51.67365],[51.01103,51.67327],[51.01037,51.67306],[51.00969,51.67296],[51.00884,51.67325],[51.00762,51.67322],[51.00657,51.67315],[51.00582,51.6733],[51.00504,51.67331],[51.00362,51.67327],[51.00214,51.67341],[51.00137,51.67315],[51.0009,51.67272],[51.0002,51.67219],[50.99949,51.67174],[50.99854,51.67145],[50.99763,51.67136],[50.9972,51.67153],[50.99685,51.67208],[50.99674,51.67338],[50.99709,51.67396],[50.99744,51.67486],[50.99759,51.67537],[50.99744,51.67572],[50.997,51.67605],[50.99618,51.6762],[50.99552,51.67605],[50.99496,51.67546],[50.99459,51.675],[50.993,51.67445],[50.99219,51.67487],[50.99118,51.67541],[50.98998,51.67569],[50.9888,51.67577],[50.98598,51.67522],[50.98298,51.676],[50.98012,51.67502],[50.97911,51.67537],[50.97914,51.67719],[50.97815,51.6781],[50.97517,51.67779],[50.97023,51.68005],[50.96881,51.68107],[50.96763,51.68098],[50.96717,51.68078],[50.96623,51.68074],[50.96528,51.68024],[50.96399,51.67828],[50.96051,51.67771],[50.95891,51.67802],[50.95829,51.67862],[50.95856,51.67948],[50.95816,51.68001],[50.95537,51.68064],[50.95405,51.68059],[50.95204,51.67946],[50.95119,51.67941],[50.95074,51.68034],[50.9501,51.68053],[50.94929,51.68036],[50.94891,51.67952],[50.9479,51.67906],[50.94705,51.6786],[50.94636,51.67867],[50.94617,51.67902],[50.94603,51.68014],[50.94533,51.6805],[50.94449,51.68051],[50.94285,51.68035],[50.94168,51.68043],[50.93977,51.67985],[50.93781,51.68049],[50.93645,51.68058],[50.93519,51.67998],[50.93423,51.67986],[50.93378,51.68022],[50.93266,51.68033],[50.93136,51.67963],[50.92997,51.67941],[50.92951,51.67976],[50.92947,51.68041],[50.92883,51.68085],[50.92819,51.68098],[50.92712,51.68084],[50.92608,51.68055],[50.92464,51.67956],[50.92223,51.67937],[50.9217,51.68006],[50.92176,51.6811],[50.92041,51.6819],[50.91779,51.68178],[50.91657,51.68143],[50.91556,51.68082],[50.9143,51.68101],[50.91339,51.68099],[50.91116,51.68184],[50.90978,51.68183],[50.90823,51.68265],[50.90516,51.68267],[50.90387,51.68249],[50.90194,51.6828],[50.90092,51.6825],[50.89858,51.68232],[50.89792,51.68172],[50.89724,51.68161],[50.8957,51.68204],[50.895,51.68203],[50.89361,51.68138],[50.88842,51.70409],[50.88483,51.71456],[50.88201,51.72274],[50.8764,51.73904],[50.87144,51.75346],[50.86749,51.75421],[50.76816,51.77304],[50.8133,51.80112],[50.86606,51.83303],[50.88088,51.84217],[50.90996,51.86065],[50.94868,51.87462],[50.99966,51.89122],[51.0049,51.8943],[51.02298,51.91357],[51.03347,51.9235],[51.0807,51.93162],[51.0885,51.93296],[51.12688,51.92612],[51.1306,51.92998],[51.14655,51.94691],[51.1534,51.95634],[51.14376,51.98839],[51.2054,51.98651],[51.21002,51.98794],[51.23141,52.00259],[51.26226,52.019],[51.26803,52.02098],[51.28091,52.02632],[51.29847,52.03179],[51.39142,52.06926],[51.39598,52.0822],[51.40676,52.10655],[51.42146,52.1284],[51.42838,52.13919],[51.43375,52.15018],[51.43453,52.16751],[51.4323,52.17441],[51.44263,52.1796],[51.44702,52.18354],[51.4516,52.19165],[51.48948,52.19193],[51.51466,52.19252],[51.52902,52.19286],[51.5371,52.19308],[51.53664,52.20549],[51.53544,52.20968],[51.53529,52.21017],[51.53629,52.21114],[51.53625,52.21637],[51.53942,52.22015],[51.55034,52.23082],[51.60897,52.21313],[51.63902,52.20406],[51.64125,52.20342],[51.69686,52.18459],[51.73989,52.16053],[51.77,52.14368],[51.88515,52.08773],[51.90131,52.12311],[51.92679,52.1232],[51.97111,52.12361],[51.98225,52.12352],[51.99089,52.11842],[52.00033,52.1256],[52.00018,52.12724],[52.01252,52.1272],[52.03123,52.121],[52.03835,52.12125]]]}},{"type":"Feature","properties":{"oktmo":"53637000","name":"Переволоцкий муниципальный район","type":"муниципальный район","center":"п Переволоцкий"},"geometry":{"type":"Polygon","coordinates":[[[54.65195,52.27017],[54.68489,52.24208],[54.66167,52.2315],[54.64384,52.24583],[54.63511,52.24187],[54.6316,52.23946],[54.61615,52.2326],[54.61598,52.23841],[54.61496,52.24049],[54.61326,52.24122],[54.60907,52.24548],[54.60844,52.24703],[54.60688,52.25056],[54.58649,52.24103],[54.58403,52.24012],[54.58151,52.23919],[54.58574,52.23552],[54.54396,52.21571],[54.56379,52.20985],[54.55079,52.20393],[54.5775,52.18255],[54.57727,52.18203],[54.57632,52.18193],[54.57544,52.18037],[54.57525,52.17863],[54.57469,52.17825],[54.5745,52.1773],[54.57374,52.17694],[54.57357,52.17656],[54.57263,52.17628],[54.57286,52.1757],[54.57269,52.17508],[54.572,52.17496],[54.5712,52.17516],[54.57089,52.17486],[54.57158,52.17369],[54.57079,52.17328],[54.57065,52.17257],[54.57001,52.17238],[54.56965,52.17189],[54.56692,52.17123],[54.56567,52.17171],[54.56495,52.17136],[54.56398,52.17167],[54.56328,52.17155],[54.56758,52.16978],[54.56821,52.16904],[54.56858,52.16787],[54.57043,52.16777],[54.57137,52.16725],[54.57241,52.16709],[54.57322,52.16731],[54.57402,52.16786],[54.57523,52.16746],[54.57614,52.16789],[54.57657,52.16845],[54.57728,52.16878],[54.57991,52.16886],[54.56444,52.1618],[54.57099,52.15666],[54.61159,52.12215],[54.6269,52.11421],[54.6323,52.11253],[54.64152,52.09602],[54.64173,52.09129],[54.61762,52.09066],[54.58988,52.10312],[54.57113,52.09039],[54.57862,52.08535],[54.5875,52.08173],[54.56065,52.06638],[54.55847,52.05027],[54.56264,52.05015],[54.56123,52.03861],[54.56104,52.02818],[54.55674,52.00701],[54.55503,51.99476],[54.51453,51.99771],[54.5189,51.96789],[54.51775,51.95581],[54.51734,51.95097],[54.53136,51.94965],[54.52947,51.93775],[54.52841,51.93208],[54.58579,51.92794],[54.58304,51.91075],[54.62847,51.90046],[54.65502,51.8941],[54.67959,51.8881],[54.6785,51.87065],[54.67435,51.86892],[54.67096,51.86825],[54.66872,51.86813],[54.66839,51.8658],[54.6682,51.86508],[54.65581,51.86728],[54.6446,51.86896],[54.63953,51.86876],[54.63662,51.86709],[54.62396,51.85811],[54.63298,51.85414],[54.63688,51.84845],[54.63564,51.84271],[54.63874,51.8391],[54.63939,51.83796],[54.64059,51.83751],[54.63969,51.83444],[54.64057,51.83209],[54.63666,51.82975],[54.63771,51.82665],[54.64181,51.8247],[54.64295,51.82438],[54.64321,51.82269],[54.64679,51.82145],[54.6483,51.81876],[54.64896,51.81667],[54.65174,51.8164],[54.65251,51.81467],[54.65521,51.81358],[54.65659,51.81191],[54.6593,51.81144],[54.66214,51.80864],[54.66386,51.80615],[54.66626,51.80546],[54.66882,51.8042],[54.67154,51.80331],[54.67109,51.80161],[54.67113,51.79956],[54.67494,51.79882],[54.68063,51.79679],[54.68576,51.79699],[54.6907,51.79596],[54.6951,51.79346],[54.69991,51.79135],[54.70214,51.79135],[54.70369,51.79037],[54.70762,51.79007],[54.68454,51.781],[54.66268,51.77247],[54.67252,51.76379],[54.68454,51.75266],[54.68258,51.75221],[54.67483,51.75097],[54.6709,51.74912],[54.65933,51.73692],[54.657,51.73465],[54.65237,51.73093],[54.64765,51.72958],[54.64074,51.72917],[54.63595,51.72989],[54.6303,51.73096],[54.6211,51.73067],[54.61526,51.73163],[54.60866,51.73413],[54.60046,51.73501],[54.59546,51.73364],[54.59065,51.72942],[54.59189,51.72572],[54.59098,51.72194],[54.59072,51.71546],[54.58579,51.71389],[54.58098,51.71486],[54.57858,51.71683],[54.5789,51.71953],[54.57657,51.72359],[54.56819,51.72186],[54.56391,51.71924],[54.55982,51.71945],[54.5554,51.71816],[54.54846,51.71912],[54.54339,51.71904],[54.53787,51.71816],[54.52502,51.71337],[54.51794,51.71357],[54.50801,51.71518],[54.50171,51.71361],[54.49938,51.71128],[54.49412,51.70637],[54.48594,51.7015],[54.47964,51.69998],[54.46925,51.70014],[54.46081,51.70263],[54.45419,51.70158],[54.45146,51.69981],[54.45004,51.69784],[54.45101,51.69579],[54.45523,51.69305],[54.46471,51.6902],[54.47399,51.68806],[54.47737,51.68581],[54.47698,51.6817],[54.47373,51.67865],[54.47025,51.67735],[54.4674,51.67722],[54.4653,51.67691],[54.44199,51.67816],[54.43517,51.68078],[54.43153,51.68674],[54.42751,51.68851],[54.42407,51.68822],[54.42041,51.68672],[54.41885,51.68318],[54.41548,51.68037],[54.41418,51.67666],[54.41483,51.67199],[54.40795,51.66732],[54.40587,51.66515],[54.40301,51.65749],[54.3999,51.65548],[54.39652,51.65492],[54.39301,51.65532],[54.38912,51.65766],[54.3847,51.65951],[54.37795,51.65766],[54.37159,51.65516],[54.36508,51.64777],[54.36211,51.64452],[54.35484,51.64187],[54.34978,51.64138],[54.34382,51.64282],[54.34034,51.64771],[54.34073,51.65467],[54.34351,51.66168],[54.34458,51.66563],[54.34186,51.66877],[54.33679,51.6728],[54.32706,51.67755],[54.31018,51.68399],[54.29901,51.68761],[54.29304,51.68777],[54.2863,51.6869],[54.28303,51.68513],[54.28161,51.67827],[54.28278,51.67634],[54.28564,51.67505],[54.28499,51.67167],[54.28239,51.67],[54.27781,51.66899],[54.27198,51.66948],[54.26551,51.67082],[54.26256,51.67222],[54.25757,51.6723],[54.25509,51.67208],[54.25349,51.67056],[54.25278,51.66815],[54.25366,51.66536],[54.25707,51.65943],[54.25714,51.65659],[54.25476,51.65465],[54.25314,51.65393],[54.25123,51.65381],[54.24613,51.65414],[54.24254,51.65575],[54.23872,51.65866],[54.23764,51.66152],[54.23782,51.66596],[54.24104,51.6704],[54.23817,51.67356],[54.2339,51.67624],[54.22398,51.67896],[54.22074,51.67923],[54.21918,51.67815],[54.21946,51.67763],[54.21761,51.67603],[54.21773,51.67482],[54.21757,51.67329],[54.21712,51.6715],[54.21671,51.66896],[54.22212,51.66685],[54.2235,51.66435],[54.22405,51.66161],[54.21937,51.65888],[54.2123,51.6582],[54.20606,51.65922],[54.1988,51.6615],[54.19265,51.66133],[54.17548,51.6562],[54.16988,51.65421],[54.16456,51.65449],[54.15945,51.65651],[54.15348,51.65514],[54.1357,51.65449],[54.12307,51.65325],[54.11868,51.65051],[54.11599,51.6476],[54.11545,51.64391],[54.11773,51.64088],[54.1179,51.63774],[54.11116,51.63195],[54.10404,51.63178],[54.09976,51.63458],[54.10088,51.63761],[54.10725,51.64381],[54.10729,51.64764],[54.10327,51.65081],[54.09459,51.65122],[54.07465,51.6456],[54.06635,51.6472],[54.04629,51.64422],[54.03799,51.64493],[54.02441,51.64091],[54.01911,51.64031],[54.01479,51.64081],[53.99438,51.65388],[53.98801,51.65926],[53.98662,51.66181],[53.98987,51.67112],[53.98909,51.67871],[53.96676,51.69454],[53.96798,51.69784],[53.97377,51.70054],[53.96612,51.70771],[53.95406,51.70603],[53.9401,51.71947],[53.93145,51.72177],[53.91423,51.73381],[53.9483,51.75084],[53.9467,51.75211],[53.94507,51.75239],[53.94552,51.75439],[53.98998,51.77561],[53.98791,51.77662],[54.00344,51.78494],[53.99478,51.78636],[53.99292,51.78799],[53.98256,51.78795],[53.97575,51.79079],[53.97803,51.79599],[53.98237,51.80262],[53.98563,51.80829],[53.99633,51.80862],[53.99543,51.82661],[54.00885,51.82468],[54.0095,51.83512],[54.01521,51.8348],[54.02218,51.8314],[54.02643,51.83207],[54.03161,51.83065],[54.03159,51.85162],[54.03158,51.85627],[54.03959,51.85694],[54.0441,51.85619],[54.04411,51.87909],[53.99793,51.87874],[53.99499,51.87826],[53.995,51.88444],[53.99949,51.88442],[53.99919,51.89752],[54.00508,51.90134],[54.00049,51.90266],[54.00047,51.92385],[54.01203,51.92116],[54.01603,51.92782],[54.02358,51.93247],[54.02326,51.9372],[54.02886,51.93539],[54.05019,51.94563],[54.05492,51.95479],[54.04373,51.95472],[54.04311,51.98248],[54.06316,51.98245],[54.069,51.99838],[54.06618,51.9993],[54.06463,52.00235],[54.07618,52.01611],[54.0798,52.02903],[54.08689,52.03472],[54.07163,52.04615],[54.07239,52.05523],[54.07206,52.07293],[54.0716,52.1172],[54.09063,52.13067],[54.09615,52.12994],[54.10317,52.13584],[54.16225,52.11011],[54.1943,52.13822],[54.20084,52.13712],[54.20665,52.13235],[54.22104,52.1281],[54.22764,52.13302],[54.22961,52.13262],[54.24617,52.15006],[54.23238,52.15232],[54.22107,52.15325],[54.19786,52.15494],[54.18461,52.14262],[54.18316,52.14246],[54.17977,52.14438],[54.17303,52.14458],[54.15705,52.14801],[54.16855,52.15956],[54.16916,52.16323],[54.1646,52.16517],[54.16269,52.16691],[54.16276,52.16793],[54.20521,52.20285],[54.20102,52.20495],[54.20567,52.209],[54.21734,52.21919],[54.16996,52.23912],[54.2112,52.27624],[54.21719,52.27382],[54.22047,52.27898],[54.22479,52.30393],[54.23266,52.31525],[54.22712,52.31616],[54.22501,52.31568],[54.22296,52.31451],[54.22131,52.31588],[54.21812,52.31693],[54.2198,52.31831],[54.2164,52.3219],[54.21488,52.32223],[54.21348,52.32168],[54.20935,52.32325],[54.20796,52.32254],[54.20848,52.32127],[54.20641,52.32145],[54.20605,52.3228],[54.20742,52.32465],[54.20586,52.32549],[54.20338,52.32566],[54.20072,52.32487],[54.19864,52.32271],[54.19687,52.32437],[54.19714,52.32656],[54.19025,52.32903],[54.19071,52.3306],[54.1876,52.33353],[54.18351,52.33454],[54.19954,52.36617],[54.22613,52.36097],[54.23454,52.37569],[54.27624,52.36717],[54.27676,52.36841],[54.28352,52.36625],[54.30507,52.36148],[54.37281,52.34833],[54.41411,52.33958],[54.41623,52.34494],[54.41531,52.35027],[54.41935,52.3547],[54.41953,52.35762],[54.42385,52.35846],[54.42788,52.36768],[54.43658,52.38219],[54.49315,52.3711],[54.5216,52.36583],[54.5171,52.36064],[54.51564,52.35739],[54.52985,52.35436],[54.55139,52.3499],[54.55312,52.34758],[54.55312,52.34332],[54.55182,52.34071],[54.56625,52.33744],[54.56065,52.3283],[54.56089,52.32383],[54.56603,52.31666],[54.57522,52.3137],[54.58266,52.30662],[54.59856,52.3143],[54.64089,52.27849],[54.64244,52.27849],[54.65195,52.27017]]]}},{"type":"Feature","properties":{"oktmo":"53638000","name":"Пономарёвский муниципальный район","type":"муниципальный район","center":"с Пономарёвка"},"geometry":{"type":"Polygon","coordinates":[[[54.06045,53.45701],[54.06076,53.45487],[54.07481,53.44166],[54.08869,53.43405],[54.09828,53.4277],[54.10729,53.42173],[54.11329,53.41602],[54.13841,53.40002],[54.13932,53.39933],[54.15167,53.38798],[54.1605,53.38716],[54.16626,53.38621],[54.16971,53.38564],[54.18818,53.37975],[54.20813,53.37309],[54.21698,53.36962],[54.23887,53.36353],[54.24588,53.36313],[54.25371,53.36185],[54.2654,53.37051],[54.27517,53.37942],[54.27893,53.38327],[54.27926,53.38355],[54.27954,53.38389],[54.27954,53.38434],[54.27912,53.38471],[54.27865,53.38514],[54.2789,53.38558],[54.27877,53.38592],[54.27838,53.38617],[54.27841,53.38676],[54.27842,53.38722],[54.27913,53.38739],[54.27973,53.3875],[54.2798,53.38795],[54.27981,53.38834],[54.28075,53.38901],[54.28121,53.38945],[54.28172,53.38956],[54.28187,53.38995],[54.28179,53.39056],[54.28204,53.39097],[54.28221,53.39155],[54.2822,53.39192],[54.28241,53.39223],[54.28298,53.39254],[54.28289,53.39293],[54.28286,53.39331],[54.28328,53.39392],[54.28365,53.39414],[54.2843,53.39449],[54.28493,53.39492],[54.28494,53.39523],[54.28521,53.39564],[54.28524,53.39598],[54.2854,53.39635],[54.28547,53.39672],[54.28554,53.3971],[54.28592,53.39752],[54.28629,53.39782],[54.28647,53.39825],[54.28665,53.39868],[54.28704,53.39905],[54.28725,53.39951],[54.28751,53.4],[54.28742,53.40034],[54.2874,53.40066],[54.28738,53.40098],[54.28748,53.40134],[54.28772,53.40182],[54.28767,53.4022],[54.2876,53.40261],[54.28774,53.403],[54.28857,53.40302],[54.2893,53.40332],[54.28988,53.40334],[54.29064,53.4037],[54.29137,53.40379],[54.29165,53.40429],[54.29249,53.40437],[54.29246,53.40508],[54.29297,53.40536],[54.29359,53.40535],[54.29393,53.4051],[54.29466,53.40483],[54.29527,53.40564],[54.29619,53.4059],[54.29613,53.40528],[54.29611,53.40448],[54.29652,53.40366],[54.2973,53.40321],[54.29814,53.40311],[54.29829,53.40269],[54.29883,53.4027],[54.29911,53.40309],[54.29928,53.40248],[54.29977,53.40223],[54.30065,53.40177],[54.30139,53.40179],[54.30192,53.40161],[54.30236,53.40205],[54.3028,53.40175],[54.30325,53.40158],[54.30362,53.40205],[54.30405,53.40237],[54.30464,53.40268],[54.30454,53.40315],[54.30548,53.40303],[54.30658,53.40318],[54.30723,53.40338],[54.30773,53.40283],[54.30777,53.40232],[54.3087,53.40235],[54.3091,53.40196],[54.31055,53.40234],[54.31106,53.40284],[54.31182,53.40236],[54.31292,53.40255],[54.31366,53.4027],[54.31292,53.40289],[54.31275,53.40343],[54.31404,53.40338],[54.31437,53.40371],[54.31502,53.4037],[54.31548,53.40391],[54.31683,53.40367],[54.31745,53.40315],[54.31816,53.40301],[54.31856,53.40257],[54.31875,53.40217],[54.31957,53.40199],[54.32041,53.4016],[54.32093,53.40106],[54.32097,53.40068],[54.32043,53.40047],[54.32057,53.40004],[54.32124,53.39975],[54.32155,53.39948],[54.32157,53.39896],[54.32243,53.39881],[54.32274,53.39843],[54.32341,53.39803],[54.32486,53.39763],[54.32628,53.3971],[54.32647,53.39658],[54.32865,53.39672],[54.32908,53.39641],[54.32949,53.39597],[54.33019,53.39611],[54.33071,53.39588],[54.33131,53.39573],[54.33139,53.39523],[54.33188,53.39506],[54.33267,53.39508],[54.33308,53.39557],[54.33365,53.39569],[54.33411,53.39525],[54.33472,53.39512],[54.33531,53.39481],[54.33568,53.39436],[54.33574,53.39403],[54.3367,53.39376],[54.33651,53.39338],[54.3373,53.39309],[54.33791,53.39266],[54.33808,53.39219],[54.33881,53.39219],[54.33902,53.39186],[54.33863,53.39137],[54.33917,53.3913],[54.34009,53.39129],[54.34058,53.39108],[54.3406,53.39062],[54.34111,53.39038],[54.34117,53.38999],[54.34191,53.38962],[54.34256,53.38956],[54.34352,53.38952],[54.3439,53.38853],[54.34448,53.38842],[54.36025,53.38321],[54.38582,53.37474],[54.40196,53.36931],[54.42806,53.37045],[54.44439,53.36413],[54.46385,53.3621],[54.47431,53.36237],[54.4901,53.363],[54.498,53.36347],[54.50466,53.3636],[54.51192,53.36218],[54.54757,53.35518],[54.551,53.34592],[54.55758,53.34471],[54.55953,53.34452],[54.5654,53.33302],[54.56797,53.32771],[54.57132,53.31927],[54.56882,53.31171],[54.5678,53.3095],[54.56692,53.30484],[54.56523,53.30521],[54.56326,53.30032],[54.56694,53.29921],[54.5654,53.29287],[54.56574,53.2903],[54.56317,53.28773],[54.56352,53.28516],[54.55966,53.2784],[54.55168,53.26316],[54.57002,53.26237],[54.58944,53.26118],[54.58922,53.25776],[54.5873,53.25145],[54.58727,53.24414],[54.58798,53.23974],[54.5846,53.22989],[54.58493,53.22725],[54.582,53.22697],[54.58096,53.22592],[54.5807,53.22246],[54.59265,53.20051],[54.59242,53.19783],[54.59045,53.19686],[54.58626,53.19673],[54.54672,53.19679],[54.54012,53.15765],[54.54169,53.13384],[54.54411,53.13285],[54.54005,53.13216],[54.50212,53.12854],[54.5019,53.12506],[54.50245,53.12142],[54.5055,53.11943],[54.50579,53.11815],[54.50091,53.11738],[54.47335,53.11367],[54.46561,53.10504],[54.47118,53.10288],[54.47568,53.0981],[54.46274,53.09625],[54.4424,53.09214],[54.39869,53.09707],[54.39592,53.10354],[54.37027,53.08912],[54.38882,53.06355],[54.3908,53.05355],[54.38709,53.0279],[54.38303,53.01635],[54.37863,53.00036],[54.34113,53.00577],[54.32636,53.0079],[54.29297,53.01115],[54.26398,52.9958],[54.17534,53.00313],[54.1634,52.9805],[54.12677,52.98158],[54.10315,52.98184],[54.07344,52.99005],[54.05819,52.98967],[54.05379,52.9999],[54.04815,53.00116],[54.03505,52.99636],[54.0263,52.96877],[54.00541,52.97167],[54.00248,52.97208],[53.98923,52.97621],[53.96543,52.97254],[53.95242,52.97332],[53.94646,52.99216],[53.94013,53.00317],[53.94334,53.01666],[53.96044,53.03693],[53.95269,53.04176],[53.91641,53.05004],[53.91569,53.05366],[53.95097,53.09227],[53.94965,53.09783],[53.93057,53.09203],[53.88281,53.09162],[53.84265,53.08246],[53.8262,53.08538],[53.82172,53.08795],[53.78064,53.11153],[53.74991,53.11731],[53.75174,53.11868],[53.73096,53.12198],[53.73712,53.16421],[53.73745,53.16651],[53.78098,53.16437],[53.80184,53.18196],[53.83495,53.18066],[53.84284,53.22523],[53.84428,53.22487],[53.84604,53.22532],[53.84723,53.22643],[53.84832,53.22655],[53.85272,53.24026],[53.84519,53.24194],[53.85231,53.25371],[53.86803,53.28027],[53.86516,53.28188],[53.86453,53.31161],[53.85612,53.31858],[53.83414,53.33336],[53.80372,53.34511],[53.79487,53.34751],[53.77706,53.3464],[53.75716,53.34813],[53.75031,53.35001],[53.74114,53.35485],[53.73239,53.3586],[53.7272,53.36061],[53.71968,53.36281],[53.7111,53.36957],[53.71181,53.37128],[53.71695,53.37185],[53.72569,53.37395],[53.73096,53.37458],[53.73553,53.37472],[53.74055,53.37707],[53.74292,53.37977],[53.758,53.38786],[53.77096,53.39699],[53.79382,53.41411],[53.80215,53.41558],[53.8268,53.42152],[53.85444,53.42974],[53.87282,53.42888],[53.8942,53.43192],[53.93045,53.43389],[53.98384,53.43959],[53.98646,53.44357],[53.98058,53.4547],[53.98491,53.45525],[54.00509,53.44751],[54.0095,53.45717],[54.06045,53.45701]]]}},{"type":"Feature","properties":{"oktmo":"53640000","name":"Сакмарский муниципальный район","type":"муниципальный район","center":"с Сакмара"},"geometry":{"type":"Polygon","coordinates":[[[55.65744,52.17881],[55.66204,52.17692],[55.66465,52.17434],[55.66516,52.17242],[55.6638,52.16968],[55.66388,52.16557],[55.66808,52.15597],[55.6713,52.15123],[55.69819,52.16004],[55.72373,52.16112],[55.72425,52.15702],[55.73337,52.1568],[55.74349,52.15668],[55.75587,52.15847],[55.7563,52.15958],[55.75762,52.16051],[55.76137,52.16004],[55.76612,52.16004],[55.77157,52.1609],[55.77394,52.16175],[55.77542,52.16278],[55.77796,52.1658],[55.78126,52.16689],[55.78172,52.16578],[55.78025,52.16446],[55.78159,52.16296],[55.77987,52.16242],[55.77966,52.16066],[55.78075,52.15979],[55.78012,52.15875],[55.78172,52.15767],[55.78277,52.15676],[55.78214,52.15472],[55.78332,52.15477],[55.784,52.15418],[55.78593,52.15482],[55.84711,52.1579],[55.84926,52.13929],[55.8516,52.13904],[55.85639,52.13936],[55.85798,52.13585],[55.86113,52.1308],[55.8717,52.13144],[55.88106,52.12787],[55.88231,52.12237],[55.88447,52.105],[55.9137,52.1067],[55.92249,52.10701],[55.92336,52.10337],[55.93636,52.10379],[55.93649,52.09857],[55.93837,52.09028],[55.94018,52.07582],[55.94715,52.02347],[55.91724,52.02207],[55.91598,52.02075],[55.91592,52.01776],[55.91876,52.01642],[55.91717,52.01251],[55.92062,52.01109],[55.92068,52.00962],[55.91976,52.0084],[55.91823,52.00823],[55.91784,52.00652],[55.92148,52.00563],[55.914,52.00176],[55.9093,51.9963],[55.90566,51.99471],[55.90381,51.99512],[55.90182,51.99402],[55.89845,51.99296],[55.89647,51.9928],[55.89431,51.98982],[55.90039,51.98662],[55.89593,51.98471],[55.89338,51.98468],[55.89186,51.98746],[55.88809,51.98828],[55.88495,51.98737],[55.88461,51.98613],[55.88755,51.98302],[55.88848,51.98118],[55.89185,51.98024],[55.89068,51.97928],[55.88745,51.97952],[55.88133,51.97137],[55.87829,51.97029],[55.87773,51.97076],[55.87812,51.97171],[55.87579,51.97118],[55.87449,51.9711],[55.87187,51.97219],[55.87127,51.97216],[55.87131,51.97127],[55.86908,51.97066],[55.86732,51.97108],[55.86602,51.96961],[55.86586,51.9708],[55.86177,51.97164],[55.86028,51.97142],[55.85904,51.96997],[55.85713,51.97096],[55.85455,51.97276],[55.85271,51.97364],[55.85138,51.97328],[55.85059,51.9725],[55.85162,51.97123],[55.85265,51.96941],[55.85187,51.96735],[55.85003,51.96622],[55.8478,51.96571],[55.84446,51.96562],[55.84176,51.96467],[55.83611,51.96394],[55.83327,51.96132],[55.83503,51.95997],[55.83747,51.95921],[55.83996,51.95699],[55.84241,51.95469],[55.84275,51.95278],[55.83819,51.9512],[55.83405,51.9512],[55.83065,51.9522],[55.82817,51.95352],[55.8277,51.95775],[55.82605,51.9608],[55.8218,51.96224],[55.82015,51.96201],[55.81807,51.96231],[55.81418,51.96288],[55.81229,51.96207],[55.81212,51.95972],[55.81457,51.95824],[55.81465,51.9572],[55.81268,51.95638],[55.81006,51.95641],[55.80697,51.95591],[55.80594,51.95398],[55.80641,51.95117],[55.80375,51.94808],[55.79611,51.94255],[55.79204,51.94115],[55.78914,51.94125],[55.78736,51.94207],[55.78466,51.94329],[55.78547,51.9461],[55.78749,51.94916],[55.79187,51.95184],[55.79384,51.954],[55.79714,51.95596],[55.79946,51.95686],[55.80221,51.95728],[55.80452,51.95992],[55.80361,51.96257],[55.8013,51.96458],[55.79235,51.96523],[55.79078,51.96508],[55.78804,51.96418],[55.78485,51.96218],[55.78098,51.96227],[55.77822,51.963],[55.77779,51.96318],[55.77637,51.96457],[55.77598,51.96647],[55.77765,51.96852],[55.78074,51.96991],[55.78603,51.97166],[55.78657,51.97372],[55.78549,51.9758],[55.78211,51.97734],[55.77525,51.97788],[55.76824,51.97531],[55.75996,51.97525],[55.75569,51.97377],[55.75226,51.97332],[55.74785,51.97443],[55.74667,51.97525],[55.74697,51.97688],[55.74917,51.97839],[55.7527,51.97917],[55.75853,51.98135],[55.7603,51.98346],[55.76005,51.98578],[55.758,51.98738],[55.75505,51.98829],[55.75241,51.98838],[55.75059,51.98778],[55.74384,51.98199],[55.74174,51.98142],[55.73997,51.98145],[55.73816,51.98226],[55.73762,51.9835],[55.73777,51.9848],[55.7386,51.98589],[55.73987,51.98667],[55.74149,51.987],[55.74379,51.98715],[55.74517,51.98776],[55.74718,51.99014],[55.74649,51.99174],[55.74468,51.99277],[55.74257,51.9931],[55.73982,51.99274],[55.73497,51.99078],[55.73213,51.99062],[55.72948,51.99126],[55.72786,51.99204],[55.72679,51.99325],[55.72698,51.99491],[55.72816,51.99627],[55.73076,51.99708],[55.73698,51.99714],[55.74056,51.99615],[55.74448,51.99431],[55.74747,51.99364],[55.75129,51.99422],[55.75471,51.99529],[55.75702,51.99816],[55.75726,52.00084],[55.75393,52.0044],[55.74809,52.00618],[55.74275,52.00425],[55.73991,52.00259],[55.73506,52.00305],[55.73231,52.00498],[55.72736,52.00652],[55.72316,52.00792],[55.72126,52.00769],[55.71983,52.00833],[55.71661,52.00705],[55.71357,52.00564],[55.71148,52.00588],[55.70996,52.00705],[55.70949,52.00886],[55.7036,52.00655],[55.70163,52.00637],[55.70013,52.00623],[55.69985,52.00497],[55.69762,52.00354],[55.69529,52.00307],[55.69363,52.00336],[55.69154,52.00202],[55.69064,52.00053],[55.69069,51.9984],[55.69965,51.98534],[55.69992,51.98386],[55.70498,51.97773],[55.70474,51.94847],[55.696,51.94721],[55.6936,51.94206],[55.69154,51.94203],[55.69084,51.94159],[55.64806,51.94381],[55.55918,51.9545],[55.55918,51.92564],[55.48531,51.92593],[55.47604,51.92597],[55.47716,51.9243],[55.47972,51.92348],[55.48352,51.9209],[55.48456,51.91874],[55.48447,51.9151],[55.48352,51.91382],[55.48323,51.91095],[55.48523,51.90901],[55.47495,51.89794],[55.47028,51.89882],[55.46418,51.89877],[55.46327,51.88965],[55.37898,51.88958],[55.37682,51.89871],[55.26567,51.89832],[55.26477,51.93441],[55.25977,51.93431],[55.25987,51.93607],[55.25861,51.9385],[55.25524,51.94374],[55.25395,51.94501],[55.2521,51.9454],[55.24936,51.94755],[55.24742,51.94783],[55.22725,51.93676],[55.22517,51.93614],[55.22275,51.93697],[55.2194,51.93357],[55.21456,51.93229],[55.20476,51.93121],[55.20067,51.92885],[55.19697,51.92885],[55.19442,51.92989],[55.18576,51.92467],[55.18644,51.9242],[55.18281,51.92221],[55.18496,51.9207],[55.18462,51.91991],[55.19409,51.91973],[55.19701,51.91917],[55.20537,51.91279],[55.20513,51.912],[55.2106,51.90892],[55.18952,51.90225],[55.18536,51.90223],[55.17992,51.9044],[55.17164,51.91274],[55.16788,51.90405],[55.17029,51.90359],[55.19165,51.89949],[55.19581,51.89701],[55.18856,51.89194],[55.16066,51.89866],[55.15754,51.89773],[55.15562,51.89906],[55.15509,51.89993],[55.1507,51.89949],[55.14774,51.89485],[55.13943,51.89685],[55.1376,51.8979],[55.13886,51.89885],[55.138,51.89959],[55.12087,51.90556],[55.11911,51.90602],[55.12099,51.90843],[55.12126,51.91014],[55.12333,51.91369],[55.12582,51.9161],[55.12736,51.91841],[55.13375,51.92358],[55.13475,51.925],[55.13391,51.92565],[55.1316,51.92554],[55.13135,51.92676],[55.13021,51.92749],[55.13111,51.9281],[55.13111,51.92904],[55.1285,51.93165],[55.12717,51.93182],[55.12504,51.93074],[55.12319,51.93153],[55.12228,51.93481],[55.12095,51.93589],[55.1192,51.9361],[55.11796,51.93519],[55.11127,51.93563],[55.11089,51.93671],[55.10857,51.93653],[55.10667,51.93566],[55.10534,51.93566],[55.10434,51.93662],[55.10159,51.93668],[55.10083,51.93712],[55.10121,51.93861],[55.09769,51.93847],[55.09494,51.93975],[55.09523,51.94089],[55.09442,51.94122],[55.09186,51.94122],[55.09095,51.94163],[55.09171,51.943],[55.08948,51.944],[55.08782,51.94578],[55.08535,51.94575],[55.08312,51.9466],[55.08279,51.94742],[55.08146,51.94801],[55.08156,51.94973],[55.08298,51.95117],[55.08369,51.95424],[55.0845,51.95488],[55.08312,51.95555],[55.0835,51.95649],[55.08293,51.95713],[55.08288,51.95789],[55.08198,51.95839],[55.08236,51.95933],[55.08137,51.95982],[55.08127,51.96041],[55.08148,51.96183],[55.0808,51.9623],[55.07953,51.96208],[55.07902,51.96267],[55.07714,51.96271],[55.07681,51.96329],[55.07781,51.96353],[55.07714,51.96498],[55.075,51.96544],[55.07097,51.96556],[55.06493,51.96444],[55.06237,51.96473],[55.0564,51.96275],[55.05586,51.96213],[55.05049,51.96023],[55.05115,51.9584],[55.01278,51.94074],[54.99318,51.95732],[54.97776,51.97017],[54.98999,51.97585],[55.00288,51.98165],[54.97005,52.00975],[54.95274,52.02466],[54.93509,52.0396],[54.93662,52.04027],[54.92624,52.04907],[54.91292,52.06053],[54.89991,52.07202],[54.88787,52.08248],[54.8797,52.08935],[54.86902,52.09858],[54.8483,52.08942],[54.83603,52.08392],[54.82766,52.09176],[54.81812,52.10941],[54.81053,52.11679],[54.7926,52.10901],[54.78385,52.10827],[54.78106,52.10913],[54.77983,52.11322],[54.7785,52.11665],[54.77297,52.11978],[54.76676,52.11976],[54.74675,52.11105],[54.73058,52.12963],[54.71987,52.1425],[54.7043,52.13605],[54.68341,52.12759],[54.68317,52.12697],[54.66886,52.1209],[54.66248,52.12834],[54.63799,52.11736],[54.6323,52.11253],[54.6269,52.11421],[54.61159,52.12215],[54.57099,52.15666],[54.56444,52.1618],[54.57991,52.16886],[54.57728,52.16878],[54.57657,52.16845],[54.57614,52.16789],[54.57523,52.16746],[54.57402,52.16786],[54.57322,52.16731],[54.57241,52.16709],[54.57137,52.16725],[54.57043,52.16777],[54.56858,52.16787],[54.56821,52.16904],[54.56758,52.16978],[54.56328,52.17155],[54.56398,52.17167],[54.56495,52.17136],[54.56567,52.17171],[54.56692,52.17123],[54.56965,52.17189],[54.57001,52.17238],[54.57065,52.17257],[54.57079,52.17328],[54.57158,52.17369],[54.57089,52.17486],[54.5712,52.17516],[54.572,52.17496],[54.57269,52.17508],[54.57286,52.1757],[54.57263,52.17628],[54.57357,52.17656],[54.57374,52.17694],[54.5745,52.1773],[54.57469,52.17825],[54.57525,52.17863],[54.57544,52.18037],[54.57632,52.18193],[54.57727,52.18203],[54.5775,52.18255],[54.55079,52.20393],[54.56379,52.20985],[54.54396,52.21571],[54.58574,52.23552],[54.58151,52.23919],[54.58403,52.24012],[54.58649,52.24103],[54.60688,52.25056],[54.60844,52.24703],[54.60907,52.24548],[54.61326,52.24122],[54.61496,52.24049],[54.61598,52.23841],[54.61615,52.2326],[54.6316,52.23946],[54.63511,52.24187],[54.64384,52.24583],[54.66167,52.2315],[54.66732,52.22687],[54.68067,52.21646],[54.69984,52.19934],[54.68883,52.19433],[54.69871,52.18673],[54.7062,52.18005],[54.73491,52.19421],[54.76885,52.20949],[54.77288,52.21129],[54.77488,52.21073],[54.79151,52.20601],[54.79889,52.2065],[54.80317,52.20554],[54.80621,52.20426],[54.80857,52.20449],[54.81992,52.20961],[54.82879,52.21322],[54.83918,52.2039],[54.84559,52.19869],[54.86272,52.1826],[54.88508,52.19208],[54.92086,52.20894],[54.93569,52.19593],[54.94838,52.20005],[54.94231,52.20748],[54.95548,52.21019],[54.96013,52.20474],[55.02478,52.23246],[55.02659,52.23053],[55.0284,52.22921],[55.05646,52.24135],[55.05849,52.23993],[55.05873,52.23871],[55.06018,52.23877],[55.06037,52.23787],[55.06318,52.2356],[55.066,52.2356],[55.06794,52.23498],[55.07451,52.23892],[55.09451,52.2464],[55.15026,52.26805],[55.22453,52.20431],[55.23699,52.19336],[55.23325,52.19142],[55.24392,52.18186],[55.28242,52.14517],[55.2844,52.14441],[55.28711,52.14583],[55.33612,52.10557],[55.35658,52.11434],[55.36303,52.11686],[55.36517,52.11558],[55.369,52.11422],[55.37012,52.11311],[55.37645,52.11311],[55.37276,52.10915],[55.37101,52.10832],[55.36705,52.10849],[55.36605,52.10775],[55.36658,52.10601],[55.36746,52.10457],[55.36887,52.10338],[55.37056,52.10296],[55.37323,52.103],[55.37546,52.10245],[55.3768,52.10131],[55.37841,52.10086],[55.38028,52.10078],[55.38133,52.10156],[55.3812,52.10282],[55.38155,52.10338],[55.38357,52.10465],[55.3786,52.10515],[55.37793,52.10581],[55.37835,52.10634],[55.37945,52.10669],[55.37949,52.10733],[55.38014,52.10762],[55.3827,52.1077],[55.38599,52.11043],[55.4006,52.11797],[55.39577,52.12191],[55.3962,52.12494],[55.39828,52.12601],[55.39755,52.12716],[55.39808,52.12764],[55.40184,52.12693],[55.40483,52.12943],[55.40456,52.13017],[55.4058,52.13174],[55.40772,52.13215],[55.40815,52.13308],[55.41056,52.13469],[55.41184,52.13547],[55.41644,52.13598],[55.41829,52.13559],[55.41983,52.13468],[55.42087,52.13386],[55.42477,52.13406],[55.42671,52.13507],[55.43098,52.1359],[55.4325,52.13552],[55.43283,52.13383],[55.43615,52.13397],[55.43852,52.13552],[55.4437,52.13715],[55.44522,52.13587],[55.44797,52.13479],[55.45333,52.13517],[55.45414,52.13596],[55.4558,52.13639],[55.45746,52.13738],[55.45993,52.13683],[55.46212,52.13514],[55.4634,52.13502],[55.45971,52.15449],[55.49008,52.15623],[55.49525,52.15512],[55.52848,52.14525],[55.55985,52.16671],[55.56337,52.16502],[55.57675,52.16529],[55.61364,52.16727],[55.61454,52.16645],[55.61687,52.16569],[55.61886,52.16607],[55.6209,52.16566],[55.62251,52.16569],[55.62522,52.16732],[55.62669,52.17053],[55.62854,52.17134],[55.63134,52.1712],[55.63277,52.17056],[55.63429,52.17099],[55.63452,52.17332],[55.63528,52.17454],[55.63804,52.17431],[55.6387,52.17486],[55.63742,52.1762],[55.63766,52.17693],[55.63975,52.17673],[55.64145,52.17603],[55.64454,52.17591],[55.64594,52.1784],[55.64772,52.18004],[55.64923,52.18093],[55.65084,52.1806],[55.65121,52.17809],[55.65232,52.177],[55.6552,52.17617],[55.65634,52.17642],[55.65507,52.17761],[55.65527,52.17842],[55.65621,52.17889],[55.65744,52.17881]]]}},{"type":"Feature","properties":{"oktmo":"53641000","name":"Саракташский муниципальный район","type":"муниципальный район","center":"п Саракташ"},"geometry":{"type":"Polygon","coordinates":[[[56.67108,51.48722],[56.66792,51.49056],[56.66074,51.49355],[56.63352,51.49527],[56.6264,51.49574],[56.62661,51.50425],[56.62769,51.51151],[56.62812,51.51621],[56.62825,51.5224],[56.61252,51.52186],[56.60349,51.52484],[56.60994,51.53688],[56.6147,51.54816],[56.61304,51.55923],[56.55797,51.59177],[56.5053,51.61691],[56.47257,51.58973],[56.46537,51.59418],[56.4489,51.60934],[56.44057,51.61344],[56.43549,51.61217],[56.40742,51.58436],[56.4015,51.58505],[56.39549,51.5874],[56.38657,51.58873],[56.37803,51.58627],[56.37195,51.58657],[56.36697,51.58426],[56.35831,51.58777],[56.35007,51.58485],[56.34698,51.58544],[56.34185,51.58372],[56.3349,51.57955],[56.33515,51.56852],[56.33096,51.56721],[56.33109,51.56588],[56.30226,51.55218],[56.29966,51.54716],[56.29547,51.54517],[56.29559,51.54232],[56.28852,51.53696],[56.28646,51.53423],[56.28816,51.53155],[56.28246,51.52526],[56.27766,51.52458],[56.27161,51.52043],[56.26754,51.51941],[56.27241,51.51739],[56.23937,51.48727],[56.23824,51.48727],[56.23755,51.48855],[56.23635,51.48973],[56.23446,51.49058],[56.23206,51.49197],[56.23086,51.49294],[56.22983,51.49422],[56.22931,51.49529],[56.22845,51.49604],[56.22657,51.49678],[56.22468,51.49668],[56.2233,51.49625],[56.22193,51.49582],[56.22021,51.49561],[56.2185,51.49625],[56.2173,51.49721],[56.21712,51.49828],[56.21764,51.49913],[56.21901,51.5002],[56.22039,51.50095],[56.22159,51.50213],[56.22313,51.50287],[56.22433,51.5033],[56.22554,51.50448],[56.22571,51.50587],[56.22433,51.50651],[56.22296,51.50704],[56.2209,51.50768],[56.21918,51.5079],[56.21764,51.50747],[56.21644,51.50683],[56.21558,51.50608],[56.21403,51.50491],[56.21249,51.50458],[56.21043,51.50469],[56.2082,51.50458],[56.20665,51.50373],[56.20511,51.50298],[56.20356,51.50245],[56.20133,51.50234],[56.1979,51.50234],[56.19515,51.50266],[56.19378,51.5033],[56.19258,51.50426],[56.19172,51.50565],[56.19172,51.50736],[56.19241,51.50886],[56.19344,51.51014],[56.19567,51.51228],[56.19704,51.51367],[56.19893,51.51527],[56.2003,51.51644],[56.20013,51.51773],[56.19944,51.51911],[56.1979,51.51997],[56.19601,51.5205],[56.19326,51.52114],[56.19189,51.522],[56.19017,51.52339],[56.18914,51.52456],[56.18777,51.5252],[56.18657,51.52542],[56.1852,51.52552],[56.18382,51.5251],[56.18228,51.52467],[56.1809,51.52488],[56.18022,51.52574],[56.17987,51.52712],[56.18022,51.52809],[56.18142,51.52905],[56.18262,51.53001],[56.18296,51.53108],[56.18228,51.53193],[56.18022,51.53278],[56.17816,51.533],[56.17627,51.53278],[56.17438,51.53246],[56.17249,51.53193],[56.17181,51.53108],[56.17129,51.52947],[56.17078,51.5283],[56.16975,51.52744],[56.16872,51.52648],[56.16854,51.52542],[56.16906,51.52413],[56.16975,51.52275],[56.16975,51.52157],[56.16975,51.5205],[56.16906,51.51965],[56.16803,51.51901],[56.16614,51.51879],[56.16391,51.51869],[56.16168,51.51858],[56.15996,51.51847],[56.15824,51.51933],[56.15756,51.52072],[56.15687,51.52178],[56.15567,51.52232],[56.15412,51.52243],[56.15292,51.5221],[56.15224,51.52146],[56.15121,51.5204],[56.15103,51.51943],[56.15138,51.51847],[56.15241,51.51773],[56.15464,51.5174],[56.15721,51.5173],[56.15996,51.51676],[56.16254,51.51602],[56.16339,51.51538],[56.16339,51.51463],[56.16305,51.51377],[56.16202,51.51313],[56.16065,51.51281],[56.15876,51.51281],[56.15704,51.51324],[56.1555,51.51431],[56.15412,51.51516],[56.15224,51.51591],[56.15,51.51591],[56.14795,51.5157],[56.14606,51.5158],[56.14468,51.51655],[56.14434,51.51773],[56.14451,51.51879],[56.14468,51.51965],[56.144,51.5205],[56.14262,51.52093],[56.14125,51.52093],[56.13971,51.52029],[56.13833,51.51933],[56.13713,51.51858],[56.13644,51.5174],[56.1361,51.51634],[56.13627,51.51559],[56.13644,51.51505],[56.13576,51.51431],[56.1349,51.51367],[56.1337,51.51335],[56.13215,51.51313],[56.13009,51.51345],[56.12872,51.51399],[56.1282,51.51495],[56.12889,51.51602],[56.13061,51.51708],[56.13232,51.51858],[56.13593,51.52093],[56.13833,51.5221],[56.14039,51.5236],[56.14228,51.52499],[56.14348,51.52606],[56.14314,51.52734],[56.14245,51.52809],[56.14177,51.52873],[56.14074,51.52915],[56.13885,51.52915],[56.13696,51.52905],[56.1349,51.52915],[56.13318,51.52979],[56.13147,51.53044],[56.13009,51.53108],[56.12923,51.53204],[56.1282,51.53364],[56.12649,51.53567],[56.12494,51.53748],[56.12323,51.53812],[56.12134,51.53844],[56.11945,51.53834],[56.11773,51.53898],[56.1167,51.54015],[56.11636,51.54133],[56.11687,51.54218],[56.11808,51.54325],[56.11996,51.54389],[56.12168,51.54464],[56.12271,51.5457],[56.12288,51.54688],[56.1222,51.54784],[56.12142,51.54825],[56.12099,51.54848],[56.11962,51.54901],[56.1179,51.54923],[56.11653,51.54944],[56.11533,51.54912],[56.11413,51.54859],[56.1131,51.54805],[56.11327,51.5472],[56.1131,51.54624],[56.11241,51.5456],[56.11121,51.54506],[56.10932,51.54485],[56.10692,51.54506],[56.1052,51.5457],[56.10297,51.54666],[56.1016,51.54763],[56.10108,51.54848],[56.10005,51.54944],[56.09902,51.5504],[56.09902,51.55147],[56.09919,51.55286],[56.10005,51.55382],[56.10263,51.5551],[56.10434,51.55616],[56.10589,51.55648],[56.10778,51.5568],[56.10949,51.55659],[56.11121,51.55616],[56.11275,51.55542],[56.11378,51.55467],[56.11533,51.55371],[56.11705,51.55318],[56.11825,51.55328],[56.11979,51.55403],[56.12117,51.5552],[56.12168,51.5567],[56.12117,51.55873],[56.11996,51.55979],[56.11739,51.56065],[56.11533,51.56065],[56.11275,51.56033],[56.11087,51.56022],[56.10881,51.55958],[56.10743,51.55937],[56.10572,51.55937],[56.10383,51.5599],[56.10245,51.56086],[56.10057,51.56161],[56.09902,51.56193],[56.09765,51.56193],[56.09679,51.56139],[56.0961,51.56043],[56.09507,51.55958],[56.09404,51.55883],[56.09319,51.55809],[56.09164,51.55745],[56.08975,51.55702],[56.08804,51.5568],[56.08615,51.55638],[56.08546,51.55606],[56.08512,51.55542],[56.08512,51.55414],[56.08495,51.55243],[56.08443,51.55147],[56.08323,51.55093],[56.08203,51.55051],[56.08014,51.54997],[56.07859,51.55008],[56.07705,51.5504],[56.07585,51.55051],[56.07447,51.55061],[56.07327,51.55115],[56.0719,51.55179],[56.07104,51.55254],[56.06915,51.55296],[56.06709,51.55296],[56.06572,51.55243],[56.06469,51.55157],[56.06366,51.55072],[56.06263,51.55019],[56.06108,51.54976],[56.0592,51.55008],[56.05782,51.55104],[56.05593,51.552],[56.05353,51.55243],[56.04769,51.55371],[56.0434,51.5551],[56.0422,51.55584],[56.04023,51.55716],[56.03944,51.55837],[56.03945,51.55947],[56.03818,51.56256],[56.03832,51.56461],[56.0386,51.56609],[56.03817,51.56727],[56.03821,51.56795],[56.03933,51.56864],[56.04084,51.56899],[56.04276,51.56933],[56.04495,51.5694],[56.04649,51.57046],[56.04667,51.57142],[56.0462,51.57201],[56.04576,51.57257],[56.04529,51.57281],[56.04392,51.57313],[56.04224,51.57412],[56.0412,51.57525],[56.0398,51.57612],[56.03877,51.57665],[56.03774,51.5774],[56.03654,51.57825],[56.03516,51.57889],[56.03293,51.57911],[56.03156,51.579],[56.03036,51.57857],[56.02984,51.57772],[56.03019,51.57655],[56.03001,51.57569],[56.02933,51.57462],[56.02744,51.57356],[56.02555,51.5726],[56.02383,51.57217],[56.02195,51.57228],[56.0204,51.57281],[56.01937,51.57356],[56.018,51.57484],[56.01628,51.57655],[56.01645,51.57761],[56.01731,51.57857],[56.01834,51.57921],[56.01989,51.57975],[56.02092,51.58071],[56.02195,51.58263],[56.02263,51.58487],[56.02263,51.58636],[56.02212,51.58753],[56.02126,51.5886],[56.02023,51.58892],[56.01868,51.58849],[56.01731,51.58775],[56.01559,51.58711],[56.01336,51.58668],[56.01062,51.58625],[56.00735,51.58593],[56.00375,51.58593],[56.00169,51.58615],[55.99997,51.58604],[55.99791,51.58551],[55.99602,51.58519],[55.99379,51.58561],[55.99225,51.58647],[55.99173,51.58775],[55.99087,51.58892],[55.98916,51.59009],[55.98796,51.59148],[55.98693,51.59361],[55.98693,51.595],[55.98744,51.59713],[55.98813,51.59862],[55.98796,51.60012],[55.9871,51.60108],[55.98641,51.60225],[55.98573,51.60417],[55.98538,51.6063],[55.98384,51.60907],[55.98246,51.6112],[55.98126,51.61312],[55.97972,51.61472],[55.97834,51.61557],[55.97611,51.61632],[55.97388,51.61696],[55.96976,51.61845],[55.96787,51.61909],[55.96598,51.62016],[55.96495,51.6209],[55.96324,51.62271],[55.96221,51.62399],[55.96152,51.6257],[55.96049,51.62676],[55.95912,51.62836],[55.95792,51.62975],[55.95586,51.63081],[55.95397,51.63124],[55.95191,51.63092],[55.95036,51.63007],[55.94968,51.62836],[55.94933,51.6273],[55.95002,51.62666],[55.95174,51.62581],[55.95362,51.62527],[55.95431,51.62463],[55.95448,51.62367],[55.95362,51.62261],[55.95242,51.62165],[55.95053,51.6209],[55.94847,51.62005],[55.94617,51.61948],[55.94401,51.6193],[55.94032,51.62015],[55.93791,51.62162],[55.9376,51.6234],[55.93694,51.62473],[55.9364,51.62627],[55.93709,51.62821],[55.93852,51.62876],[55.9405,51.63003],[55.94178,51.6315],[55.94178,51.63326],[55.94075,51.63422],[55.93938,51.6355],[55.93739,51.63671],[55.93436,51.63683],[55.93166,51.63661],[55.92926,51.63609],[55.92713,51.63608],[55.92596,51.63615],[55.92461,51.63681],[55.9236,51.63795],[55.92275,51.63862],[55.92196,51.63919],[55.92047,51.63925],[55.91937,51.63886],[55.91842,51.6381],[55.91826,51.63658],[55.91931,51.63491],[55.92013,51.6336],[55.92043,51.63245],[55.91962,51.63135],[55.91949,51.63024],[55.91978,51.62891],[55.92071,51.62766],[55.92155,51.62657],[55.92194,51.62543],[55.92192,51.62423],[55.92119,51.62268],[55.92049,51.62176],[55.91912,51.6209],[55.9174,51.62016],[55.91534,51.61984],[55.91311,51.61994],[55.9115,51.62042],[55.91041,51.62109],[55.90895,51.62238],[55.90822,51.6232],[55.90779,51.62485],[55.90813,51.62644],[55.90848,51.62794],[55.90796,51.62964],[55.90622,51.63135],[55.90504,51.63273],[55.90287,51.634],[55.90051,51.63531],[55.8982,51.63609],[55.89637,51.63604],[55.89449,51.63521],[55.8932,51.63401],[55.89165,51.63348],[55.89011,51.63326],[55.88838,51.63343],[55.88709,51.63411],[55.88596,51.63541],[55.88668,51.63693],[55.88729,51.63855],[55.88765,51.64005],[55.88748,51.64126],[55.88685,51.64221],[55.88565,51.64328],[55.88427,51.64413],[55.88245,51.64471],[55.88016,51.64486],[55.87819,51.64456],[55.87635,51.64338],[55.87523,51.64185],[55.87432,51.64041],[55.87346,51.63944],[55.87191,51.6388],[55.86969,51.63843],[55.86766,51.63813],[55.86573,51.63838],[55.86436,51.6388],[55.86334,51.63928],[55.8623,51.63998],[55.85995,51.64037],[55.85698,51.6404],[55.85437,51.64051],[55.85286,51.64072],[55.85097,51.64147],[55.84911,51.64218],[55.84783,51.64311],[55.84681,51.64457],[55.84648,51.64702],[55.84628,51.64886],[55.84647,51.65037],[55.84782,51.65148],[55.85011,51.65278],[55.85221,51.65328],[55.85396,51.65507],[55.8546,51.65674],[55.85463,51.65822],[55.85304,51.65979],[55.85107,51.66037],[55.85136,51.69193],[55.87801,51.69201],[55.87894,51.74216],[55.95711,51.74177],[55.95984,51.75434],[55.96428,51.76111],[55.9658,51.76496],[55.96301,51.81658],[55.94417,51.81687],[55.93527,51.81951],[55.91803,51.82335],[55.90885,51.82382],[55.90359,51.82551],[55.88918,51.82553],[55.88406,51.82648],[55.87907,51.82624],[55.87103,51.82923],[55.86873,51.82905],[55.86838,51.82572],[55.84225,51.82585],[55.82388,51.8262],[55.80626,51.82627],[55.80644,51.87733],[55.80685,51.89387],[55.83523,51.89397],[55.83699,51.91251],[55.8368,51.9163],[55.83616,51.92503],[55.8347,51.92519],[55.83555,51.92723],[55.84736,51.92531],[55.85106,51.92394],[55.85399,51.92172],[55.85602,51.92076],[55.86011,51.91955],[55.86527,51.91859],[55.8653,51.91778],[55.86655,51.91762],[55.86724,51.91899],[55.86505,51.91992],[55.86479,51.92058],[55.86698,51.92148],[55.86829,51.92174],[55.86992,51.91935],[55.87069,51.91987],[55.87011,51.92222],[55.87183,51.92225],[55.87244,51.92278],[55.87018,51.92336],[55.86953,51.92462],[55.8724,51.92961],[55.87244,51.93032],[55.87168,51.93112],[55.86669,51.93286],[55.86912,51.93672],[55.86683,51.93833],[55.86328,51.9395],[55.86227,51.94157],[55.86274,51.94306],[55.86485,51.94469],[55.86136,51.94446],[55.85818,51.94633],[55.85511,51.94663],[55.8521,51.94604],[55.8477,51.94578],[55.84518,51.94773],[55.84275,51.95278],[55.84241,51.95469],[55.83996,51.95699],[55.83747,51.95921],[55.83503,51.95997],[55.83327,51.96132],[55.83611,51.96394],[55.84176,51.96467],[55.84446,51.96562],[55.8478,51.96571],[55.85003,51.96622],[55.85187,51.96735],[55.85265,51.96941],[55.85162,51.97123],[55.85059,51.9725],[55.85138,51.97328],[55.85271,51.97364],[55.85455,51.97276],[55.85713,51.97096],[55.85904,51.96997],[55.86028,51.97142],[55.86177,51.97164],[55.86586,51.9708],[55.86602,51.96961],[55.86732,51.97108],[55.86908,51.97066],[55.87131,51.97127],[55.87127,51.97216],[55.87187,51.97219],[55.87449,51.9711],[55.87579,51.97118],[55.87812,51.97171],[55.87773,51.97076],[55.87829,51.97029],[55.88133,51.97137],[55.88745,51.97952],[55.89068,51.97928],[55.89185,51.98024],[55.88848,51.98118],[55.88755,51.98302],[55.88461,51.98613],[55.88495,51.98737],[55.88809,51.98828],[55.89186,51.98746],[55.89338,51.98468],[55.89593,51.98471],[55.90039,51.98662],[55.89431,51.98982],[55.89647,51.9928],[55.89845,51.99296],[55.90182,51.99402],[55.90381,51.99512],[55.90566,51.99471],[55.9093,51.9963],[55.914,52.00176],[55.92148,52.00563],[55.91784,52.00652],[55.91823,52.00823],[55.91976,52.0084],[55.92068,52.00962],[55.92062,52.01109],[55.91717,52.01251],[55.91876,52.01642],[55.91592,52.01776],[55.91598,52.02075],[55.91724,52.02207],[55.94715,52.02347],[55.94018,52.07582],[55.93837,52.09028],[55.93649,52.09857],[55.93636,52.10379],[55.92336,52.10337],[55.92249,52.10701],[55.9137,52.1067],[55.88447,52.105],[55.88231,52.12237],[55.88106,52.12787],[55.87765,52.14038],[55.879,52.14141],[55.9135,52.15354],[55.92669,52.14069],[56.02096,52.16368],[56.02676,52.15991],[56.02578,52.15898],[56.06042,52.15499],[56.05988,52.15203],[56.06043,52.1475],[56.07488,52.13657],[56.07793,52.13577],[56.09514,52.13436],[56.09473,52.13207],[56.10955,52.1303],[56.12398,52.12881],[56.12565,52.1352],[56.12938,52.14462],[56.17898,52.14167],[56.18471,52.13935],[56.19732,52.13903],[56.20135,52.1402],[56.21471,52.13787],[56.24008,52.13119],[56.24608,52.12921],[56.26819,52.12193],[56.29384,52.12896],[56.32394,52.12944],[56.3408,52.1298],[56.34854,52.13208],[56.34997,52.13946],[56.34972,52.14646],[56.34678,52.15206],[56.35098,52.15471],[56.35167,52.15887],[56.38158,52.16072],[56.38579,52.1722],[56.41059,52.185],[56.41667,52.18296],[56.42657,52.19107],[56.42039,52.1942],[56.42777,52.20074],[56.44598,52.20778],[56.4499,52.2103],[56.46617,52.21119],[56.46862,52.21318],[56.47235,52.2139],[56.47274,52.21096],[56.47499,52.21],[56.47491,52.20588],[56.47401,52.19858],[56.44264,52.19804],[56.43706,52.19642],[56.43725,52.19384],[56.4348,52.19294],[56.4347,52.19035],[56.43794,52.18867],[56.44372,52.19029],[56.44652,52.19002],[56.44759,52.189],[56.44857,52.18737],[56.44936,52.18563],[56.44892,52.18416],[56.44114,52.18042],[56.39852,52.16088],[56.42667,52.14526],[56.43857,52.14786],[56.44748,52.15334],[56.45468,52.16054],[56.45811,52.16311],[56.46605,52.16651],[56.46807,52.16823],[56.47091,52.16884],[56.47611,52.16767],[56.47605,52.16629],[56.47979,52.16634],[56.48252,52.16384],[56.48672,52.16224],[56.49787,52.16595],[56.50023,52.16554],[56.50403,52.16361],[56.50859,52.16365],[56.51793,52.1578],[56.52445,52.159],[56.52427,52.1602],[56.53147,52.15951],[56.53353,52.15711],[56.53405,52.15711],[56.53764,52.15763],[56.53799,52.15609],[56.54279,52.15523],[56.54159,52.15352],[56.54313,52.15214],[56.5421,52.14974],[56.54433,52.1485],[56.60544,52.13234],[56.61495,52.12982],[56.61889,52.1281],[56.62239,52.12415],[56.62269,52.12129],[56.62109,52.11589],[56.62066,52.10777],[56.61775,52.09958],[56.60973,52.09274],[56.58547,52.07883],[56.60312,52.06477],[56.60707,52.06683],[56.60827,52.06991],[56.60672,52.07128],[56.6057,52.07643],[56.60827,52.07728],[56.60895,52.079],[56.60638,52.08071],[56.61187,52.08225],[56.61684,52.08534],[56.61872,52.08465],[56.62764,52.08568],[56.62798,52.08688],[56.62506,52.08808],[56.62524,52.0898],[56.62918,52.09014],[56.63278,52.091],[56.63312,52.09202],[56.62935,52.09357],[56.62952,52.09597],[56.63363,52.09734],[56.63518,52.09494],[56.63946,52.09477],[56.64403,52.09718],[56.64735,52.0937],[56.66672,52.08564],[56.66946,52.07947],[56.67392,52.07398],[56.68283,52.06709],[56.69226,52.06417],[56.69586,52.06229],[56.7046,52.06006],[56.6938,52.04326],[56.68317,52.0319],[56.68266,52.02299],[56.67872,52.01592],[56.6818,52.01232],[56.67717,52.00855],[56.67083,51.99925],[56.66141,51.98777],[56.65906,51.98575],[56.65989,51.98314],[56.66201,51.98175],[56.66259,51.9799],[56.65678,51.97298],[56.65452,51.96586],[56.65399,51.95971],[56.66882,51.95501],[56.67278,51.95453],[56.67967,51.95465],[56.68542,51.95099],[56.68939,51.95045],[56.69132,51.94989],[56.69477,51.93898],[56.70294,51.94208],[56.71521,51.94438],[56.71876,51.93637],[56.7225,51.92462],[56.72388,51.9226],[56.73227,51.92072],[56.73427,51.91894],[56.73498,51.9173],[56.73439,51.91224],[56.73112,51.90611],[56.72656,51.90154],[56.71077,51.90082],[56.70284,51.9032],[56.68916,51.90967],[56.67169,51.90228],[56.63079,51.89931],[56.63391,51.87866],[56.62812,51.87771],[56.62446,51.87574],[56.61903,51.86712],[56.61329,51.85975],[56.61445,51.85598],[56.61387,51.8537],[56.61279,51.8506],[56.61168,51.84502],[56.60736,51.83121],[56.60959,51.82824],[56.61093,51.82691],[56.63815,51.82224],[56.67348,51.81417],[56.69633,51.80584],[56.73666,51.77433],[56.74201,51.77119],[56.74536,51.77202],[56.74915,51.77538],[56.7574,51.77751],[56.77484,51.76592],[56.77098,51.761],[56.76633,51.75655],[56.76834,51.754],[56.78091,51.73812],[56.7744,51.73453],[56.74325,51.7392],[56.74608,51.72902],[56.75008,51.72255],[56.75124,51.71744],[56.75381,51.7124],[56.7541,51.70878],[56.75555,51.70718],[56.75496,51.7037],[56.75822,51.69641],[56.75525,51.68986],[56.75122,51.68657],[56.75051,51.68425],[56.74906,51.68219],[56.75004,51.67913],[56.76852,51.67576],[56.77105,51.66927],[56.76057,51.6522],[56.75212,51.63181],[56.74272,51.62205],[56.73107,51.61517],[56.72944,51.6117],[56.73118,51.58676],[56.73891,51.56552],[56.74823,51.54968],[56.74112,51.53422],[56.71712,51.53103],[56.71917,51.52708],[56.72568,51.52767],[56.72918,51.51984],[56.72005,51.51965],[56.72239,51.51665],[56.72926,51.51425],[56.73894,51.46874],[56.73431,51.46914],[56.72916,51.46974],[56.71247,51.47152],[56.69994,51.47393],[56.69705,51.47606],[56.69605,51.47854],[56.6967,51.48026],[56.69428,51.48115],[56.68519,51.48105],[56.67885,51.48413],[56.67108,51.48722]]]}},{"type":"Feature","properties":{"oktmo":"53642000","name":"Светлинский муниципальный район","type":"муниципальный район","center":"п Светлый"},"geometry":{"type":"Polygon","coordinates":[[[61.50053,51.40926],[61.50523,51.407],[61.52739,51.36629],[61.54969,51.3233],[61.56618,51.31539],[61.57775,51.30984],[61.59941,51.29946],[61.62184,51.28868],[61.64114,51.2794],[61.65739,51.27158],[61.67857,51.26139],[61.68979,51.25596],[61.67084,51.25295],[61.64843,51.24965],[61.62356,51.24598],[61.5963,51.24195],[61.56806,51.23777],[61.56644,51.23212],[61.5618,51.21584],[61.5553,51.19306],[61.55264,51.18369],[61.54911,51.17128],[61.54412,51.15382],[61.53916,51.13634],[61.52922,51.10144],[61.52489,51.08604],[61.5222,51.07658],[61.51812,51.06222],[61.51724,51.05927],[61.51449,51.05089],[61.51195,51.04142],[61.50824,51.0275],[61.50496,51.01531],[61.50361,51.01029],[61.48986,50.97023],[61.48589,50.95865],[61.48348,50.9487],[61.479,50.93023],[61.47529,50.9149],[61.47092,50.8968],[61.46649,50.87852],[61.46177,50.85898],[61.45794,50.84312],[61.45341,50.82438],[61.449,50.80612],[61.4171,50.79918],[61.40072,50.79548],[61.38715,50.79244],[61.36354,50.78635],[61.3345,50.77972],[61.30744,50.77353],[61.28115,50.7675],[61.25534,50.76159],[61.24786,50.75987],[61.22764,50.75522],[61.20094,50.74907],[61.17564,50.74324],[61.12356,50.73123],[61.09691,50.7247],[61.07024,50.7188],[61.04261,50.71228],[60.98709,50.69905],[60.96181,50.69313],[60.9437,50.68877],[60.92869,50.68515],[60.92154,50.68343],[60.91135,50.68097],[60.88658,50.67498],[60.86851,50.67061],[60.83314,50.66204],[60.809,50.65661],[60.78545,50.66083],[60.76315,50.6629],[60.74077,50.66554],[60.71224,50.66562],[60.70007,50.66606],[60.68039,50.66532],[60.65295,50.66373],[60.6223,50.66238],[60.59201,50.66131],[60.55744,50.66113],[60.53075,50.66299],[60.51346,50.66412],[60.48683,50.66584],[60.48078,50.6656],[60.46396,50.66491],[60.45989,50.66475],[60.4262,50.66614],[60.40214,50.66712],[60.38034,50.66801],[60.37226,50.66834],[60.34375,50.6695],[60.32521,50.67025],[60.18278,50.77839],[60.21656,50.81268],[60.18787,50.83857],[60.21385,50.84797],[60.23458,50.85391],[60.2719,50.86624],[60.31791,50.88383],[60.39176,50.87312],[60.41192,50.85193],[60.4758,50.85546],[60.48273,50.85584],[60.48872,50.86339],[60.4842,50.87554],[60.49231,50.89333],[60.49959,50.918],[60.49249,50.93195],[60.49946,50.95234],[60.50138,51.10422],[60.51072,51.13742],[60.38561,51.13665],[60.39225,51.17012],[60.39721,51.17721],[60.42591,51.17428],[60.57944,51.17911],[60.60975,51.18247],[60.59416,51.29797],[60.62005,51.29632],[60.63617,51.29238],[60.6477,51.29975],[60.6981,51.29645],[60.71019,51.29349],[60.71319,51.29683],[60.73799,51.29862],[60.75767,51.30485],[60.75683,51.22762],[60.9274,51.22373],[60.93549,51.46211],[60.96745,51.46618],[60.97256,51.46172],[60.98786,51.46377],[60.99341,51.46444],[61.00818,51.46671],[61.00943,51.46639],[61.01086,51.46671],[61.01187,51.46722],[61.01294,51.46714],[61.01379,51.46597],[61.01307,51.46485],[61.01378,51.46409],[61.01654,51.46262],[61.02015,51.46157],[61.02239,51.46165],[61.02312,51.46218],[61.02294,51.46307],[61.02258,51.46357],[61.02253,51.46451],[61.02164,51.46559],[61.02193,51.46627],[61.02499,51.46541],[61.02627,51.46586],[61.027,51.46657],[61.02868,51.46658],[61.03038,51.46612],[61.03226,51.46523],[61.03352,51.46486],[61.03543,51.46388],[61.03593,51.46378],[61.03745,51.46348],[61.03972,51.46361],[61.04133,51.46488],[61.04298,51.46498],[61.04527,51.46449],[61.05378,51.46447],[61.05732,51.46417],[61.05915,51.46464],[61.06159,51.46636],[61.06255,51.46631],[61.06341,51.46567],[61.06325,51.46456],[61.06436,51.46402],[61.06671,51.46415],[61.06788,51.4643],[61.06979,51.46369],[61.07573,51.46521],[61.07854,51.46564],[61.08092,51.46647],[61.08239,51.4677],[61.08387,51.46763],[61.0847,51.46747],[61.08739,51.46806],[61.08891,51.46772],[61.09017,51.46699],[61.0926,51.46673],[61.09289,51.46627],[61.09172,51.46583],[61.09265,51.46424],[61.09439,51.46349],[61.0974,51.46277],[61.0988,51.462],[61.0997,51.46111],[61.1002,51.45977],[61.10147,51.45874],[61.10206,51.45763],[61.10174,51.45649],[61.10098,51.45512],[61.10095,51.45423],[61.10346,51.45248],[61.10419,51.45081],[61.10413,51.44982],[61.10505,51.44862],[61.10647,51.44783],[61.10756,51.44777],[61.11034,51.44895],[61.11129,51.45051],[61.11036,51.45186],[61.11082,51.45268],[61.11279,51.45347],[61.11467,51.45364],[61.1166,51.4535],[61.11981,51.45417],[61.1242,51.4547],[61.1269,51.45559],[61.12987,51.45784],[61.13129,51.45812],[61.13237,51.45791],[61.13369,51.45713],[61.13288,51.45621],[61.13182,51.45453],[61.132,51.45414],[61.13283,51.45398],[61.13389,51.45417],[61.13451,51.45456],[61.13558,51.45448],[61.13651,51.45384],[61.13742,51.45277],[61.13902,51.45235],[61.14075,51.45227],[61.14262,51.4529],[61.14227,51.45478],[61.14443,51.45605],[61.14568,51.4561],[61.14671,51.45507],[61.14821,51.45465],[61.14881,51.45411],[61.1488,51.45326],[61.14816,51.45267],[61.14716,51.45224],[61.14723,51.45158],[61.14948,51.45086],[61.15074,51.45126],[61.151,51.45261],[61.15234,51.45359],[61.15322,51.45383],[61.15367,51.45499],[61.15328,51.45585],[61.15358,51.45633],[61.15528,51.4568],[61.15627,51.45674],[61.1572,51.45571],[61.15819,51.45536],[61.16147,51.45513],[61.16341,51.45452],[61.16595,51.45441],[61.17163,51.45501],[61.17541,51.45475],[61.17786,51.45429],[61.17993,51.45434],[61.18465,51.45544],[61.18678,51.45644],[61.18758,51.45725],[61.18886,51.45748],[61.19031,51.45721],[61.19136,51.45686],[61.19326,51.457],[61.19491,51.45764],[61.19759,51.45795],[61.19926,51.45881],[61.2004,51.46072],[61.20152,51.46118],[61.20298,51.46107],[61.2043,51.46036],[61.20504,51.45934],[61.20692,51.45828],[61.20944,51.45421],[61.21039,51.45367],[61.21124,51.45349],[61.21258,51.45274],[61.21423,51.45228],[61.21598,51.45118],[61.2172,51.44915],[61.21823,51.44878],[61.22094,51.44899],[61.22395,51.45032],[61.22689,51.45039],[61.22866,51.45072],[61.2302,51.45041],[61.23145,51.45063],[61.23356,51.45157],[61.23532,51.45141],[61.23624,51.44989],[61.23817,51.44881],[61.24133,51.44818],[61.24216,51.44733],[61.24463,51.44749],[61.24814,51.44629],[61.25104,51.4448],[61.252,51.44375],[61.25168,51.44314],[61.25097,51.44253],[61.25176,51.44138],[61.25272,51.44069],[61.25449,51.44061],[61.25507,51.44071],[61.25584,51.44064],[61.25666,51.44088],[61.2577,51.44178],[61.25858,51.44236],[61.26056,51.44334],[61.26165,51.44369],[61.26435,51.44327],[61.26546,51.44322],[61.26666,51.44285],[61.2675,51.44222],[61.26863,51.44113],[61.26911,51.44052],[61.27113,51.43986],[61.27305,51.44016],[61.2746,51.43965],[61.27532,51.43907],[61.27577,51.43823],[61.2777,51.43734],[61.27919,51.43788],[61.28153,51.43851],[61.28403,51.43869],[61.28598,51.43867],[61.2873,51.43905],[61.29111,51.43923],[61.29289,51.43962],[61.29706,51.43923],[61.30011,51.43851],[61.30268,51.43836],[61.30518,51.43959],[61.30768,51.43998],[61.31097,51.44019],[61.31333,51.44123],[61.31534,51.44274],[61.31706,51.44369],[61.31906,51.44376],[61.32373,51.44234],[61.32529,51.44144],[61.3308,51.4421],[61.33612,51.44132],[61.33936,51.44009],[61.3418,51.4385],[61.34383,51.43846],[61.34822,51.4399],[61.35081,51.43976],[61.35327,51.43902],[61.35604,51.43643],[61.35632,51.43535],[61.35805,51.43467],[61.35991,51.4343],[61.36021,51.43343],[61.36001,51.43252],[61.36041,51.43147],[61.362,51.43019],[61.3656,51.42925],[61.36662,51.42776],[61.36678,51.42668],[61.36914,51.42573],[61.37381,51.42554],[61.37652,51.42611],[61.37865,51.42722],[61.38084,51.42759],[61.38474,51.42725],[61.38839,51.4277],[61.39003,51.42726],[61.39003,51.42599],[61.38938,51.42515],[61.38925,51.42302],[61.38984,51.42195],[61.3899,51.42051],[61.39088,51.41983],[61.39446,51.42032],[61.3964,51.42032],[61.3983,51.42001],[61.40071,51.41905],[61.40121,51.41799],[61.40383,51.41722],[61.40483,51.41668],[61.40636,51.41652],[61.40837,51.41695],[61.40915,51.41815],[61.41205,51.41935],[61.41359,51.41948],[61.416,51.41902],[61.41765,51.41914],[61.41935,51.41956],[61.42088,51.42067],[61.42085,51.42152],[61.42026,51.4226],[61.4217,51.42307],[61.42263,51.4226],[61.42496,51.42193],[61.42707,51.42109],[61.43021,51.42117],[61.43095,51.42097],[61.43061,51.41954],[61.4308,51.41869],[61.43165,51.41772],[61.43355,51.41679],[61.4365,51.41594],[61.43828,51.41489],[61.44002,51.41458],[61.44128,51.4135],[61.44266,51.4123],[61.4432,51.41152],[61.44583,51.41013],[61.44785,51.40955],[61.45407,51.40873],[61.45563,51.40873],[61.4567,51.40955],[61.45844,51.40958],[61.46198,51.40985],[61.46346,51.40951],[61.46432,51.40902],[61.46444,51.40859],[61.46432,51.40811],[61.46633,51.40735],[61.46766,51.40723],[61.46804,51.40771],[61.47073,51.40974],[61.47571,51.41092],[61.48715,51.40999],[61.49595,51.40853],[61.49899,51.40848],[61.50053,51.40926]]]}},{"type":"Feature","properties":{"oktmo":"53643000","name":"Северный муниципальный район","type":"муниципальный район","center":"с Северное"},"geometry":{"type":"Polygon","coordinates":[[[53.08186,54.31749],[53.08821,54.31543],[53.09075,54.31452],[53.09744,54.31311],[53.10341,54.31249],[53.10429,54.31259],[53.10506,54.31254],[53.10594,54.31271],[53.10654,54.31258],[53.10732,54.31247],[53.10798,54.31241],[53.10882,54.31248],[53.10935,54.31245],[53.10979,54.31226],[53.11038,54.3122],[53.11096,54.31212],[53.11141,54.31189],[53.11209,54.3118],[53.11296,54.31154],[53.11382,54.31156],[53.11519,54.31197],[53.11574,54.31198],[53.11661,54.31165],[53.1171,54.31125],[53.11746,54.31089],[53.11853,54.3105],[53.11917,54.31021],[53.11972,54.30966],[53.12044,54.30904],[53.1166,54.3071],[53.12461,54.30158],[53.13296,54.29779],[53.13495,54.29707],[53.1358,54.29676],[53.1403,54.29511],[53.14307,54.29423],[53.15163,54.29121],[53.15468,54.289],[53.15518,54.28828],[53.13313,54.27631],[53.13119,54.27538],[53.11643,54.26722],[53.12312,54.26507],[53.12802,54.26166],[53.12943,54.26082],[53.12882,54.26036],[53.12303,54.25913],[53.12436,54.25752],[53.14349,54.25176],[53.14009,54.2472],[53.13948,54.24687],[53.13399,54.2446],[53.13333,54.24333],[53.13044,54.24234],[53.11862,54.24121],[53.11072,54.24013],[53.10788,54.23612],[53.09755,54.23443],[53.09447,54.23476],[53.08924,54.23595],[53.08775,54.23615],[53.0851,54.23735],[53.08148,54.23822],[53.06568,54.24057],[53.06282,54.23722],[53.06102,54.23881],[53.05719,54.24259],[53.05268,54.24078],[53.04442,54.2458],[53.04143,54.24598],[53.03721,54.24547],[53.03311,54.24489],[53.03134,54.24304],[53.03342,54.24237],[53.03629,54.24243],[53.04338,54.23995],[53.04364,54.23904],[53.0442,54.23608],[53.05097,54.23367],[53.05479,54.23529],[53.05561,54.23425],[53.05588,54.23363],[53.05813,54.23083],[53.06413,54.22934],[53.06577,54.22643],[53.06988,54.22564],[53.07234,54.22525],[53.07383,54.22274],[53.07493,54.2211],[53.05192,54.21745],[53.02708,54.22066],[53.02522,54.22289],[53.02488,54.22141],[53.01784,54.2277],[53.00931,54.22794],[53.00987,54.22435],[53.01262,54.22286],[53.00873,54.22099],[53.00254,54.21842],[52.99912,54.21883],[52.99976,54.22328],[52.9973,54.22498],[52.99903,54.22635],[53.00454,54.22837],[53.00783,54.22918],[53.01585,54.22874],[53.01222,54.2324],[53.01007,54.23458],[53.00427,54.23797],[52.99772,54.23696],[52.99074,54.23509],[52.989,54.2344],[52.98244,54.23583],[52.97898,54.23621],[52.97757,54.23642],[52.976,54.23618],[52.97373,54.23671],[52.97073,54.23681],[52.96527,54.23624],[52.96454,54.23507],[52.96313,54.23344],[52.95946,54.23355],[52.95938,54.23454],[52.95491,54.23505],[52.95288,54.23369],[52.95277,54.22939],[52.94929,54.22669],[52.94964,54.22524],[52.95246,54.22348],[52.95365,54.22217],[52.95608,54.22317],[52.95951,54.22268],[52.95946,54.22023],[52.95872,54.2187],[52.95255,54.21613],[52.95159,54.21387],[52.95365,54.213],[52.95674,54.21241],[52.96094,54.21226],[52.96254,54.21199],[52.96416,54.21187],[52.96533,54.21132],[52.96674,54.21066],[52.96944,54.20862],[52.97058,54.20722],[52.97098,54.2056],[52.96669,54.19797],[52.96369,54.19238],[52.96325,54.19182],[52.96282,54.19109],[52.96402,54.18996],[52.96535,54.18884],[52.96616,54.18796],[52.96866,54.18592],[52.96921,54.18538],[52.9689,54.18255],[52.97119,54.18201],[52.97175,54.18113],[52.97305,54.18066],[52.97459,54.17947],[52.9919,54.17704],[52.99334,54.17677],[52.99629,54.17651],[52.99994,54.17714],[53.00471,54.17948],[53.00525,54.17731],[53.00536,54.17505],[53.0082,54.17423],[53.01127,54.17317],[53.01242,54.17506],[53.01723,54.17141],[53.02508,54.16898],[53.0463,54.13858],[53.04402,54.13155],[53.04596,54.13155],[53.0571,54.13098],[53.05924,54.1308],[53.06119,54.13088],[53.06281,54.13101],[53.07061,54.12617],[53.07086,54.12648],[53.07144,54.12658],[53.07217,54.12682],[53.07233,54.12715],[53.07274,54.1274],[53.07345,54.12783],[53.07438,54.1279],[53.07485,54.12777],[53.07525,54.12736],[53.07542,54.12689],[53.07514,54.12627],[53.07615,54.12594],[53.07689,54.12646],[53.07754,54.12644],[53.07807,54.12614],[53.07863,54.12615],[53.07924,54.12599],[53.07951,54.1255],[53.07901,54.12519],[53.07911,54.12485],[53.07974,54.12468],[53.08034,54.12519],[53.08068,54.12543],[53.08076,54.12582],[53.08092,54.12627],[53.0813,54.12653],[53.08218,54.12672],[53.08308,54.12665],[53.08472,54.1263],[53.08668,54.12588],[53.08725,54.12625],[53.08783,54.12571],[53.08822,54.1255],[53.08902,54.12542],[53.08975,54.12502],[53.09089,54.12495],[53.0915,54.12487],[53.0927,54.12499],[53.09296,54.12584],[53.09335,54.12619],[53.09421,54.12628],[53.09463,54.1261],[53.0948,54.12545],[53.09517,54.12521],[53.09572,54.12574],[53.09676,54.12597],[53.09702,54.12569],[53.09685,54.12529],[53.09632,54.12514],[53.09626,54.12468],[53.09591,54.12429],[53.09543,54.12393],[53.09511,54.12348],[53.09488,54.12311],[53.09414,54.12236],[53.09357,54.12155],[53.09335,54.12106],[53.09302,54.12053],[53.0923,54.11955],[53.09205,54.11908],[53.0898,54.11582],[53.08749,54.11115],[53.08686,54.10965],[53.08682,54.10826],[53.08537,54.10032],[53.08371,54.09235],[53.07747,54.09085],[53.0635,54.08777],[53.06212,54.0888],[53.05877,54.08265],[53.05979,54.0812],[53.06135,54.07834],[53.06312,54.06958],[53.06202,54.06865],[53.06196,54.06608],[53.06239,54.06538],[53.06814,54.06765],[53.07005,54.06854],[53.07477,54.07029],[53.08337,54.07366],[53.08823,54.07541],[53.08943,54.07605],[53.09253,54.07914],[53.09421,54.079],[53.11215,54.07828],[53.12521,54.07757],[53.13171,54.07707],[53.13306,54.0769],[53.13455,54.07719],[53.17121,54.08473],[53.1734,54.08562],[53.19195,54.09411],[53.19841,54.09678],[53.19736,54.10265],[53.19111,54.10256],[53.18996,54.10437],[53.19208,54.10634],[53.19745,54.10773],[53.19905,54.10995],[53.19998,54.11158],[53.20416,54.11139],[53.20595,54.1115],[53.20858,54.11146],[53.21171,54.11152],[53.22075,54.11203],[53.22813,54.11293],[53.2338,54.1134],[53.23539,54.11265],[53.23635,54.11317],[53.2543,54.09803],[53.23758,54.09722],[53.23569,54.09724],[53.23594,54.09839],[53.2318,54.09847],[53.2302,54.0969],[53.22819,54.09676],[53.22577,54.08727],[53.23362,54.08761],[53.23617,54.08748],[53.24328,54.08724],[53.28724,54.08737],[53.28935,54.0809],[53.29086,54.07616],[53.29074,54.07169],[53.28957,54.06798],[53.28788,54.06098],[53.28683,54.05417],[53.28544,54.04939],[53.28432,54.04262],[53.28298,54.0402],[53.28215,54.03757],[53.28417,54.03329],[53.28682,54.02954],[53.29025,54.02726],[53.29314,54.02549],[53.29653,54.02305],[53.30577,54.01853],[53.30719,54.01689],[53.30794,54.0178],[53.31033,54.01971],[53.31458,54.01962],[53.31612,54.01954],[53.3179,54.01938],[53.31946,54.01906],[53.32041,54.01874],[53.32102,54.01832],[53.32174,54.01771],[53.31125,54.01394],[53.30944,54.00836],[53.28603,54.00204],[53.27857,54.00188],[53.26574,54.00416],[53.24919,54.00034],[53.19644,53.99966],[53.20499,53.98979],[53.21106,53.98547],[53.20605,53.95956],[53.18724,53.94459],[53.17175,53.92939],[53.15847,53.91475],[53.14074,53.91441],[53.13638,53.916],[53.13128,53.91736],[53.13085,53.92682],[53.13064,53.93157],[53.13027,53.93585],[53.1264,53.94391],[53.12673,53.94482],[53.12714,53.94588],[53.12695,53.94623],[53.12675,53.94982],[53.12644,53.95102],[53.11547,53.95204],[53.1103,53.95288],[53.1044,53.95468],[53.10059,53.95666],[53.09163,53.9608],[53.08876,53.96104],[53.08449,53.96118],[53.07688,53.9643],[53.07496,53.96484],[53.06977,53.96717],[53.06946,53.96744],[53.06793,53.96791],[53.0666,53.96844],[53.06476,53.96902],[53.05846,53.97154],[53.05657,53.97203],[53.05329,53.97308],[53.05028,53.97422],[53.04348,53.97491],[53.03593,53.98137],[53.0341,53.98384],[53.02911,53.98865],[53.02736,53.99034],[53.02401,53.98913],[53.02068,53.99057],[53.02305,53.99177],[53.02342,53.99233],[53.02332,53.99382],[53.01553,53.99905],[53.00954,53.99638],[53.00753,53.99537],[53.00624,53.99408],[53.00484,53.98841],[53.00175,53.98862],[52.99508,53.98621],[52.99369,53.98739],[52.99383,53.98816],[52.99232,53.98963],[52.99529,53.99416],[52.99342,53.99421],[52.99192,53.99326],[52.98328,53.99799],[52.96547,53.9835],[52.96697,53.98129],[52.94879,53.96682],[52.94296,53.96291],[52.92687,53.95923],[52.92464,53.96238],[52.92344,53.96308],[52.92295,53.96411],[52.90686,53.98413],[52.89929,53.98267],[52.8915,53.98163],[52.88728,53.98091],[52.88399,53.98051],[52.8815,53.98093],[52.88064,53.9819],[52.88465,53.98327],[52.8796,53.98747],[52.87405,53.99149],[52.86989,53.99143],[52.86596,53.97738],[52.86025,53.97658],[52.86349,53.98298],[52.86475,53.98655],[52.86442,53.9899],[52.85622,54.02001],[52.85574,54.02332],[52.85396,54.02585],[52.83102,54.02375],[52.82941,54.02371],[52.8179,54.02263],[52.81817,54.00913],[52.81872,54.00239],[52.81842,54.00136],[52.81791,54.00104],[52.8163,53.99899],[52.81569,53.99645],[52.79994,53.994],[52.79905,53.99449],[52.79759,53.99506],[52.79528,53.9953],[52.79462,53.99531],[52.79182,53.99644],[52.79108,53.99643],[52.792,53.99796],[52.79115,53.99793],[52.79074,53.99838],[52.78846,53.99831],[52.78814,53.99764],[52.78573,53.99823],[52.78667,53.99968],[52.78229,53.99944],[52.78289,53.99813],[52.78213,53.99819],[52.78222,53.99762],[52.78304,53.99754],[52.78307,53.99535],[52.78189,53.99534],[52.78194,53.99459],[52.78336,53.99453],[52.78343,53.99377],[52.78153,53.99272],[52.78125,53.99108],[52.77955,53.99091],[52.77557,53.99019],[52.77075,53.97393],[52.76049,53.97242],[52.76063,53.9715],[52.76651,53.96702],[52.75716,53.96105],[52.75226,53.95826],[52.75309,53.95782],[52.7542,53.95533],[52.75414,53.95372],[52.75436,53.94807],[52.75403,53.94273],[52.75447,53.94209],[52.75307,53.932],[52.75676,53.9259],[52.75925,53.92139],[52.75396,53.91834],[52.7462,53.91749],[52.72563,53.91955],[52.72515,53.92021],[52.68086,53.92855],[52.66526,53.92844],[52.66102,53.92722],[52.6615,53.92515],[52.66802,53.92185],[52.66878,53.9199],[52.66711,53.91819],[52.6659,53.91836],[52.665,53.91821],[52.66144,53.91668],[52.65988,53.91592],[52.6599,53.91552],[52.66091,53.91544],[52.66121,53.91498],[52.66193,53.91485],[52.65999,53.9128],[52.66034,53.91209],[52.66017,53.91141],[52.65905,53.91083],[52.65861,53.91035],[52.65359,53.911],[52.65128,53.906],[52.65609,53.90515],[52.65661,53.90436],[52.6566,53.90381],[52.65531,53.90352],[52.6544,53.90259],[52.65474,53.9023],[52.65404,53.90146],[52.65514,53.90042],[52.65548,53.89928],[52.65602,53.89865],[52.65775,53.89912],[52.65604,53.89703],[52.65551,53.89658],[52.65372,53.89667],[52.65346,53.89702],[52.65212,53.89713],[52.64988,53.89616],[52.64898,53.89595],[52.64907,53.89504],[52.64854,53.89457],[52.64908,53.89427],[52.64859,53.89379],[52.6479,53.89354],[52.64777,53.89296],[52.64728,53.89279],[52.64757,53.89223],[52.64809,53.89219],[52.64801,53.89145],[52.64764,53.89098],[52.64692,53.89071],[52.64651,53.89016],[52.64736,53.88937],[52.64771,53.88855],[52.64809,53.88811],[52.64778,53.88765],[52.64773,53.88726],[52.64809,53.88701],[52.64788,53.88652],[52.64888,53.88653],[52.64758,53.88617],[52.64767,53.88578],[52.64708,53.88554],[52.64647,53.88519],[52.64588,53.88491],[52.64551,53.88429],[52.64452,53.88285],[52.64564,53.88234],[52.64541,53.88197],[52.64453,53.88171],[52.64343,53.88183],[52.64321,53.88074],[52.64277,53.88046],[52.64228,53.87906],[52.64263,53.87799],[52.64208,53.87751],[52.64212,53.87616],[52.6397,53.87606],[52.6386,53.87642],[52.63994,53.87932],[52.63958,53.87971],[52.63834,53.87986],[52.6364,53.8811],[52.63372,53.88239],[52.63085,53.88597],[52.62496,53.88822],[52.62296,53.89111],[52.61949,53.89423],[52.61011,53.90162],[52.59176,53.89714],[52.5902,53.89694],[52.58809,53.89654],[52.58711,53.89762],[52.58627,53.89898],[52.58362,53.89845],[52.58364,53.89914],[52.58538,53.90048],[52.58673,53.90121],[52.58684,53.90257],[52.58512,53.90263],[52.58323,53.90195],[52.5798,53.90193],[52.5803,53.9033],[52.58141,53.90304],[52.58439,53.90311],[52.5861,53.90351],[52.58603,53.90581],[52.58565,53.90762],[52.58576,53.90895],[52.58554,53.91],[52.58663,53.91009],[52.58985,53.91102],[52.58992,53.91265],[52.58791,53.91302],[52.58591,53.91385],[52.57905,53.91638],[52.57916,53.91746],[52.57804,53.91838],[52.57648,53.91923],[52.57497,53.91971],[52.57242,53.9138],[52.57235,53.91316],[52.573,53.91255],[52.57209,53.91215],[52.57128,53.91207],[52.57144,53.91164],[52.57186,53.91138],[52.57141,53.9109],[52.57141,53.91033],[52.57212,53.90774],[52.57277,53.90728],[52.57385,53.90713],[52.57535,53.90701],[52.57715,53.90698],[52.57764,53.90657],[52.57578,53.90572],[52.57489,53.90527],[52.57437,53.90453],[52.57327,53.9048],[52.57215,53.90466],[52.57095,53.90468],[52.56958,53.90494],[52.56721,53.89851],[52.56807,53.89755],[52.56902,53.89736],[52.56863,53.89693],[52.56985,53.89574],[52.57105,53.89527],[52.57107,53.89492],[52.5707,53.89469],[52.57252,53.89415],[52.57338,53.89356],[52.57318,53.89327],[52.57245,53.89335],[52.57133,53.89267],[52.57239,53.89195],[52.57132,53.89059],[52.57043,53.88979],[52.57044,53.88942],[52.56949,53.88878],[52.56947,53.88806],[52.56791,53.88722],[52.56789,53.88679],[52.56751,53.8864],[52.56846,53.88585],[52.57228,53.88542],[52.5723,53.88498],[52.56994,53.8833],[52.57,53.88297],[52.56385,53.88303],[52.54912,53.88609],[52.54983,53.88748],[52.54984,53.8881],[52.55089,53.88953],[52.54871,53.89014],[52.53981,53.89178],[52.53751,53.89177],[52.53602,53.89229],[52.53734,53.89463],[52.52743,53.89785],[52.52483,53.8971],[52.48616,53.88803],[52.48635,53.88499],[52.48207,53.8842],[52.48026,53.88484],[52.47091,53.88875],[52.46572,53.8895],[52.46114,53.89044],[52.4568,53.89274],[52.45529,53.89265],[52.45753,53.89549],[52.46281,53.90062],[52.46894,53.90712],[52.45235,53.91781],[52.44833,53.91965],[52.44636,53.9149],[52.42178,53.91465],[52.41926,53.92057],[52.41919,53.92304],[52.41359,53.92305],[52.41275,53.92957],[52.41771,53.93493],[52.4185,53.94137],[52.41754,53.94867],[52.41411,53.95506],[52.41406,53.95893],[52.41651,53.96007],[52.42233,53.95814],[52.42096,53.96121],[52.42084,53.96623],[52.41953,53.96749],[52.41662,53.96515],[52.41588,53.96224],[52.4132,53.96178],[52.40619,53.96213],[52.40322,53.96315],[52.40624,53.96047],[52.40892,53.95625],[52.40915,53.95289],[52.40773,53.95009],[52.4051,53.94913],[52.39946,53.95004],[52.39912,53.94759],[52.3925,53.94753],[52.3864,53.94941],[52.38423,53.95055],[52.38446,53.95226],[52.38862,53.95437],[52.39244,53.95808],[52.39552,53.96247],[52.39495,53.96526],[52.39393,53.96823],[52.39655,53.96715],[52.39666,53.96908],[52.39444,53.97176],[52.39062,53.97],[52.39033,53.96646],[52.38942,53.96446],[52.38697,53.96504],[52.37984,53.9688],[52.37722,53.97194],[52.37494,53.97256],[52.37191,53.97188],[52.37197,53.97439],[52.37425,53.97747],[52.37687,53.97781],[52.38155,53.98231],[52.38144,53.98511],[52.38457,53.9899],[52.38931,53.99332],[52.39187,53.99634],[52.39672,54.00005],[52.40214,54.00153],[52.40333,54.00404],[52.40271,54.00746],[52.40544,54.00855],[52.40151,54.01413],[52.40721,54.01493],[52.4132,54.01739],[52.42631,54.02662],[52.44211,54.0297],[52.45831,54.03392],[52.46218,54.03615],[52.46996,54.04161],[52.4818,54.0508],[52.48169,54.05337],[52.48881,54.0544],[52.48549,54.06032],[52.47889,54.07053],[52.38143,54.0784],[52.38919,54.08969],[52.3885,54.09311],[52.38674,54.09505],[52.3832,54.09557],[52.38113,54.09673],[52.37904,54.09791],[52.37801,54.10178],[52.37824,54.10623],[52.382,54.11524],[52.38288,54.12686],[52.38116,54.13374],[52.3735,54.13166],[52.37453,54.14067],[52.37407,54.14678],[52.37219,54.14866],[52.36957,54.147],[52.36529,54.14438],[52.36227,54.14147],[52.36176,54.13828],[52.35805,54.13526],[52.35189,54.13309],[52.35012,54.13566],[52.3467,54.13908],[52.34773,54.14193],[52.34836,54.14415],[52.34761,54.1478],[52.34562,54.14809],[52.34379,54.14552],[52.34282,54.1409],[52.34533,54.13429],[52.34784,54.12847],[52.34767,54.12573],[52.3422,54.12397],[52.33678,54.12174],[52.33302,54.12186],[52.32863,54.12431],[52.32674,54.12739],[52.32646,54.13104],[52.31631,54.13075],[52.30753,54.12995],[52.30581,54.13183],[52.30422,54.13628],[52.30519,54.1401],[52.3069,54.14273],[52.29977,54.14706],[52.29424,54.14951],[52.29429,54.15556],[52.29715,54.15875],[52.30268,54.16194],[52.30405,54.16525],[52.30479,54.17375],[52.31089,54.1766],[52.31602,54.17512],[52.32172,54.17192],[52.33404,54.16788],[52.34322,54.16936],[52.34733,54.17609],[52.34898,54.18082],[52.35451,54.18624],[52.36255,54.1912],[52.36267,54.19702],[52.35075,54.19684],[52.35132,54.20403],[52.34978,54.21173],[52.35212,54.21578],[52.35206,54.2188],[52.35537,54.22524],[52.36483,54.23682],[52.367,54.24098],[52.36848,54.25159],[52.37321,54.25547],[52.35308,54.26602],[52.34145,54.27195],[52.33079,54.27908],[52.34544,54.29407],[52.3536,54.29584],[52.36489,54.29596],[52.36871,54.29721],[52.37259,54.2971],[52.3788,54.29499],[52.38986,54.29373],[52.39443,54.29561],[52.39334,54.30497],[52.42938,54.3109],[52.43594,54.30383],[52.44318,54.30548],[52.45025,54.30519],[52.4543,54.3036],[52.45761,54.29983],[52.46098,54.2979],[52.46531,54.29778],[52.47466,54.29932],[52.48196,54.29932],[52.49023,54.30155],[52.50049,54.30234],[52.51213,54.29972],[52.52114,54.30052],[52.52821,54.30331],[52.53249,54.30689],[52.54423,54.31917],[52.5622,54.33428],[52.56828,54.34013],[52.57082,54.34632],[52.57207,54.34717],[52.57318,54.34948],[52.57619,54.35136],[52.58041,54.35371],[52.59287,54.36104],[52.597,54.36299],[52.59812,54.36345],[52.60085,54.36508],[52.60156,54.36548],[52.60204,54.36511],[52.60259,54.36522],[52.60266,54.36561],[52.60334,54.36564],[52.60386,54.36552],[52.60434,54.36529],[52.60488,54.3646],[52.60533,54.36389],[52.60555,54.36327],[52.60571,54.36296],[52.60605,54.36268],[52.60651,54.3625],[52.60709,54.36243],[52.60798,54.36243],[52.60882,54.36261],[52.60958,54.36276],[52.61057,54.36302],[52.61169,54.36302],[52.61267,54.3628],[52.6134,54.36239],[52.61402,54.36147],[52.61426,54.36116],[52.61481,54.36077],[52.61586,54.3603],[52.61667,54.35991],[52.61716,54.35962],[52.61754,54.3593],[52.61798,54.35873],[52.6188,54.35817],[52.6201,54.35751],[52.62054,54.35732],[52.62109,54.35702],[52.62165,54.35664],[52.62229,54.35636],[52.62292,54.35599],[52.62325,54.35555],[52.6235,54.35517],[52.62346,54.35479],[52.62298,54.35461],[52.62342,54.35437],[52.62342,54.35402],[52.62386,54.35337],[52.62398,54.35259],[52.62425,54.35136],[52.62443,54.35086],[52.62416,54.35047],[52.62405,54.34998],[52.62349,54.34975],[52.62343,54.3494],[52.62366,54.34904],[52.62349,54.3487],[52.62343,54.34837],[52.62342,54.34782],[52.62356,54.34731],[52.62354,54.34699],[52.62373,54.34668],[52.62418,54.34638],[52.62533,54.3457],[52.62562,54.34541],[52.6258,54.34511],[52.62659,54.34438],[52.62682,54.34398],[52.62727,54.34363],[52.62742,54.34319],[52.62737,54.34278],[52.6273,54.34227],[52.62795,54.34199],[52.62839,54.34163],[52.62885,54.34103],[52.6284,54.3408],[52.6287,54.34038],[52.62856,54.33978],[52.62885,54.33943],[52.62969,54.33957],[52.63099,54.33995],[52.63242,54.3397],[52.63356,54.33912],[52.63488,54.33878],[52.63572,54.33877],[52.6364,54.33905],[52.63705,54.33928],[52.63805,54.33924],[52.63839,54.33883],[52.63808,54.33833],[52.65126,54.34466],[52.67821,54.35783],[52.68227,54.35894],[52.68328,54.35637],[52.68807,54.35715],[52.68961,54.35788],[52.69643,54.36076],[52.70191,54.36034],[52.7044,54.35985],[52.70457,54.35938],[52.70566,54.35755],[52.70701,54.35507],[52.70748,54.35446],[52.71414,54.35488],[52.71509,54.35486],[52.72023,54.35384],[52.72978,54.35225],[52.73324,54.35161],[52.73659,54.35109],[52.74706,54.34924],[52.7555,54.34904],[52.76787,54.34533],[52.77315,54.34428],[52.78023,54.34322],[52.78216,54.34268],[52.78679,54.34145],[52.8053,54.335],[52.81001,54.33255],[52.81688,54.32794],[52.8197,54.32458],[52.82499,54.32108],[52.82748,54.32055],[52.82845,54.32023],[52.83179,54.32336],[52.83524,54.32283],[52.83389,54.32174],[52.83264,54.3206],[52.83152,54.31929],[52.83379,54.31849],[52.83466,54.3171],[52.84457,54.3136],[52.85692,54.32286],[52.86736,54.32302],[52.87442,54.32455],[52.878,54.32563],[52.89712,54.31707],[52.91766,54.32004],[52.93419,54.30843],[52.94627,54.30831],[52.9476,54.30804],[52.95224,54.30695],[52.94941,54.30554],[52.94626,54.30408],[52.94211,54.30223],[52.93265,54.29781],[52.92779,54.29203],[52.91463,54.29173],[52.90788,54.28882],[52.90427,54.29059],[52.90314,54.28856],[52.90018,54.28435],[52.89597,54.28167],[52.89394,54.2803],[52.89056,54.27698],[52.89335,54.27543],[52.89558,54.27429],[52.90065,54.272],[52.92079,54.26903],[52.9239,54.26932],[52.9359,54.27718],[52.9366,54.27642],[52.94206,54.27166],[52.94339,54.2706],[52.94542,54.26867],[52.95047,54.27024],[52.95462,54.27141],[52.95589,54.27192],[52.95735,54.27228],[52.96114,54.26956],[52.96302,54.26834],[52.96379,54.26802],[52.96569,54.26701],[52.96728,54.26609],[52.97096,54.26668],[52.97586,54.26805],[52.97705,54.26818],[52.98121,54.26799],[52.98082,54.27283],[52.98049,54.27561],[52.97898,54.28638],[52.98005,54.2865],[53.02947,54.29164],[53.02809,54.29623],[53.02647,54.30108],[53.02567,54.30307],[53.01916,54.3065],[53.01418,54.30886],[53.01044,54.31041],[53.00559,54.31311],[53.00323,54.31418],[52.99924,54.31518],[52.99554,54.31673],[52.99065,54.31861],[52.99454,54.32122],[53.00018,54.32165],[53.01109,54.32232],[53.01683,54.32274],[53.01362,54.32988],[53.0113,54.33398],[53.02225,54.33694],[53.03034,54.33916],[53.0563,54.35274],[53.05774,54.35219],[53.05684,54.35119],[53.05755,54.35049],[53.05849,54.349],[53.06801,54.33627],[53.08011,54.31971],[53.08186,54.31749]]]}},{"type":"Feature","properties":{"oktmo":"53725000","name":"Соль-Илецкий","type":"городской округ","center":"г Соль-Илецк"},"geometry":{"type":"Polygon","coordinates":[[[55.63294,51.45393],[55.62038,51.44601],[55.60539,51.43797],[55.57758,51.42489],[55.57427,51.4266],[55.57219,51.42511],[55.5698,51.42591],[55.56808,51.42507],[55.56606,51.42664],[55.55798,51.42904],[55.54818,51.4279],[55.54377,51.42492],[55.53748,51.42974],[55.51008,51.38905],[55.50541,51.38153],[55.50147,51.38007],[55.50056,51.37758],[55.49811,51.37808],[55.4888,51.37468],[55.47924,51.37397],[55.47397,51.37349],[55.46275,51.37567],[55.46194,51.36905],[55.45612,51.35986],[55.4545,51.342],[55.45544,51.3399],[55.45313,51.32521],[55.44094,51.3261],[55.43302,51.31717],[55.44852,51.31676],[55.44588,51.27931],[55.45029,51.26516],[55.43632,51.24867],[55.423,51.24417],[55.42371,51.23528],[55.42578,51.23057],[55.44028,51.21681],[55.4439,51.21728],[55.461,51.23196],[55.48279,51.24714],[55.49848,51.23534],[55.48636,51.22928],[55.47508,51.22721],[55.45717,51.21727],[55.45544,51.21347],[55.45163,51.21265],[55.44773,51.20982],[55.45047,51.20445],[55.45709,51.20441],[55.45622,51.19909],[55.46723,51.19482],[55.46754,51.18994],[55.47186,51.18773],[55.46696,51.18427],[55.45913,51.17305],[55.46331,51.1691],[55.45893,51.16388],[55.45572,51.15804],[55.46952,51.15037],[55.54319,51.10893],[55.51994,51.0944],[55.4909,51.07678],[55.45219,51.0904],[55.44264,51.07703],[55.4245,51.08265],[55.41848,51.07422],[55.40925,51.0619],[55.41012,51.06011],[55.41024,51.05853],[55.40988,51.05684],[55.40414,51.04387],[55.39877,51.04571],[55.39248,51.05103],[55.38978,51.05448],[55.38694,51.05864],[55.38669,51.0606],[55.38381,51.06237],[55.38201,51.06473],[55.38136,51.07003],[55.38712,51.07315],[55.38841,51.07534],[55.38786,51.07701],[55.38424,51.07719],[55.38271,51.07615],[55.37633,51.07619],[55.37414,51.07729],[55.37306,51.07865],[55.37323,51.07996],[55.37167,51.08107],[55.37154,51.08287],[55.37042,51.08363],[55.36847,51.08349],[55.36691,51.08292],[55.36652,51.08175],[55.36496,51.08159],[55.36479,51.0799],[55.36353,51.07887],[55.35935,51.07904],[55.36093,51.08148],[55.35829,51.08504],[55.35976,51.09095],[55.35767,51.09194],[55.35288,51.09119],[55.35357,51.0901],[55.35357,51.08931],[55.3524,51.08866],[55.3479,51.08855],[55.34751,51.09008],[55.34388,51.08949],[55.34148,51.0912],[55.3451,51.09594],[55.33874,51.10128],[55.33538,51.10295],[55.33372,51.10159],[55.33482,51.09005],[55.32693,51.0882],[55.33056,51.08623],[55.32171,51.08382],[55.31882,51.08241],[55.31031,51.07695],[55.30546,51.0746],[55.29983,51.07341],[55.28376,51.07347],[55.27616,51.07511],[55.26941,51.07019],[55.26578,51.06272],[55.26378,51.05645],[55.24269,51.04178],[55.24546,51.03917],[55.25012,51.03476],[55.25666,51.02875],[55.26971,51.01665],[55.28281,51.00448],[55.28789,50.99988],[55.2907,50.99944],[55.31365,50.99892],[55.28226,50.93096],[55.24304,50.93711],[55.24177,50.93555],[55.24137,50.93383],[55.24002,50.93286],[55.23923,50.93299],[55.2387,50.93271],[55.23827,50.93168],[55.23722,50.9311],[55.23676,50.92849],[55.23033,50.92444],[55.22807,50.92217],[55.22842,50.92007],[55.22271,50.92009],[55.21795,50.91933],[55.21122,50.91543],[55.20833,50.91478],[55.20696,50.91493],[55.20579,50.91413],[55.20334,50.91324],[55.20032,50.91145],[55.1959,50.91032],[55.1889,50.90909],[55.18224,50.90926],[55.17317,50.87973],[55.1685,50.8641],[55.16647,50.85736],[55.1706,50.85448],[55.17209,50.85464],[55.17367,50.85443],[55.17436,50.85352],[55.17479,50.85293],[55.17482,50.85253],[55.17439,50.85212],[55.17321,50.85164],[55.1727,50.85109],[55.17276,50.85066],[55.17288,50.85032],[55.17372,50.84966],[55.17408,50.84873],[55.17444,50.8484],[55.17571,50.84833],[55.17751,50.8478],[55.15645,50.81008],[55.14391,50.79745],[55.13294,50.8002],[55.10577,50.80701],[55.08101,50.81321],[55.05623,50.81942],[55.07035,50.83102],[55.08031,50.83922],[55.09243,50.84917],[55.10256,50.85749],[55.11672,50.86911],[55.12951,50.87959],[55.1294,50.88023],[55.12925,50.8811],[55.12844,50.88092],[55.12767,50.88021],[55.12655,50.88001],[55.1262,50.88069],[55.1255,50.88128],[55.12535,50.88218],[55.12564,50.88283],[55.12669,50.88351],[55.12532,50.88452],[55.12289,50.88603],[55.1221,50.88748],[55.12199,50.88884],[55.12279,50.88954],[55.12405,50.88939],[55.1245,50.88835],[55.12521,50.8881],[55.12628,50.8885],[55.12691,50.88932],[55.12688,50.89043],[55.12624,50.89166],[55.12686,50.89378],[55.12779,50.89434],[55.12894,50.89394],[55.13017,50.89323],[55.13092,50.89332],[55.13208,50.89374],[55.13148,50.89536],[55.13182,50.89627],[55.13113,50.89697],[55.12824,50.89705],[55.12748,50.89797],[55.1265,50.89868],[55.12371,50.89877],[55.12158,50.89915],[55.1194,50.89911],[55.11633,50.8997],[55.11289,50.89934],[55.11096,50.89924],[55.11006,50.89946],[55.10985,50.90014],[55.11034,50.90119],[55.1092,50.90221],[55.10792,50.90271],[55.10377,50.90337],[55.10047,50.90428],[55.10058,50.90513],[55.10223,50.90578],[55.10551,50.9064],[55.10618,50.90707],[55.10573,50.90782],[55.10446,50.90866],[55.10373,50.91023],[55.10274,50.91038],[55.10163,50.90961],[55.10017,50.90869],[55.09854,50.90832],[55.09618,50.90888],[55.09491,50.90958],[55.09405,50.91038],[55.09429,50.91175],[55.0948,50.91227],[55.09626,50.91236],[55.09768,50.91172],[55.09854,50.91181],[55.09886,50.91236],[55.09869,50.91286],[55.09485,50.9146],[55.09302,50.91664],[55.08923,50.91747],[55.08719,50.91729],[55.08521,50.91736],[55.08474,50.9179],[55.08468,50.91892],[55.08562,50.91948],[55.08577,50.92057],[55.08508,50.92118],[55.08399,50.92136],[55.08296,50.92128],[55.08182,50.92143],[55.07769,50.92111],[55.07682,50.92142],[55.0765,50.92215],[55.07487,50.92318],[55.07287,50.92387],[55.07118,50.92399],[55.06955,50.92352],[55.0691,50.92242],[55.06794,50.92218],[55.06663,50.92266],[55.06496,50.92544],[55.06369,50.92682],[55.06283,50.92695],[55.06058,50.92621],[55.05931,50.92609],[55.05888,50.92553],[55.05953,50.92454],[55.0591,50.92222],[55.05773,50.92068],[55.05557,50.92013],[55.05339,50.92055],[55.05161,50.92205],[55.0541,50.92391],[55.05513,50.92548],[55.05667,50.92563],[55.05747,50.92613],[55.0576,50.92678],[55.05667,50.92744],[55.05331,50.92775],[55.05015,50.9274],[55.04966,50.92642],[55.04831,50.92571],[55.0473,50.92445],[55.04241,50.92292],[55.04131,50.92212],[55.04148,50.92158],[55.04245,50.92124],[55.04243,50.92053],[55.0394,50.91901],[55.03749,50.91831],[55.03758,50.91754],[55.03614,50.9169],[55.03303,50.91651],[55.03005,50.91664],[55.02826,50.91647],[55.02708,50.91583],[55.02715,50.91507],[55.02803,50.9143],[55.02917,50.91375],[55.02959,50.91271],[55.02884,50.9115],[55.02666,50.91026],[55.02565,50.9092],[55.02425,50.90886],[55.02279,50.90954],[55.02073,50.90978],[55.01732,50.90893],[55.01567,50.90823],[55.01503,50.90727],[55.01503,50.90632],[55.01627,50.90556],[55.0146,50.9049],[55.01331,50.90529],[55.01164,50.90522],[55.00992,50.90531],[54.99017,50.90613],[54.95607,50.90736],[54.92604,50.91343],[54.90413,50.91802],[54.89394,50.92013],[54.89818,50.92816],[54.90324,50.93758],[54.88882,50.94211],[54.89803,50.95776],[54.87604,50.96608],[54.83855,50.97904],[54.81679,50.98193],[54.80638,50.98332],[54.79152,50.98526],[54.78984,50.98632],[54.78201,50.99109],[54.75969,51.00478],[54.75133,51.00988],[54.74434,51.01416],[54.74212,51.01552],[54.74076,51.01635],[54.74375,51.01816],[54.74599,51.01991],[54.74911,51.02162],[54.74937,51.02224],[54.74924,51.02275],[54.74845,51.02312],[54.74714,51.02327],[54.7455,51.02292],[54.74278,51.02246],[54.73992,51.02257],[54.73641,51.02333],[54.73451,51.02451],[54.73319,51.02599],[54.73277,51.02849],[54.73303,51.03041],[54.73405,51.03173],[54.73777,51.03411],[54.73936,51.03555],[54.73996,51.03669],[54.73965,51.03859],[54.72624,51.04048],[54.72546,51.04004],[54.72516,51.03942],[54.72541,51.03889],[54.72631,51.03798],[54.72587,51.03754],[54.72506,51.03731],[54.72381,51.03752],[54.72322,51.03734],[54.72342,51.03635],[54.72309,51.03535],[54.72348,51.03492],[54.72437,51.03454],[54.72451,51.03108],[54.72402,51.03047],[54.72267,51.02918],[54.72134,51.02852],[54.72,51.02821],[54.71851,51.02845],[54.71547,51.03021],[54.7136,51.03099],[54.71377,51.03147],[54.71483,51.03193],[54.71448,51.03287],[54.71338,51.03343],[54.71188,51.0336],[54.71048,51.03352],[54.70889,51.03433],[54.70833,51.03521],[54.70847,51.03673],[54.70771,51.03813],[54.70684,51.03882],[54.70568,51.03921],[54.70484,51.03932],[54.70372,51.03905],[54.70322,51.03865],[54.70189,51.03828],[54.7011,51.03772],[54.70086,51.03708],[54.70122,51.03659],[54.7022,51.03617],[54.70232,51.03537],[54.70165,51.03507],[54.70078,51.03496],[54.70016,51.03467],[54.69849,51.03424],[54.69709,51.03457],[54.69629,51.03502],[54.69623,51.03566],[54.69654,51.03665],[54.69557,51.037],[54.69399,51.03692],[54.69353,51.03715],[54.69324,51.03846],[54.69353,51.03971],[54.6932,51.03996],[54.69234,51.04008],[54.69105,51.03791],[54.68869,51.03733],[54.68689,51.03781],[54.68604,51.03764],[54.68656,51.03688],[54.68733,51.03661],[54.68707,51.03501],[54.68771,51.03473],[54.68973,51.03493],[54.69094,51.03424],[54.69267,51.03402],[54.69362,51.03299],[54.69586,51.03196],[54.69904,51.03179],[54.70259,51.0305],[54.706,51.02804],[54.70652,51.02606],[54.70398,51.02554],[54.69939,51.02376],[54.69739,51.02244],[54.69689,51.02137],[54.69703,51.02052],[54.69778,51.0199],[54.69919,51.01945],[54.70123,51.01889],[54.70192,51.01838],[54.70198,51.01782],[54.70159,51.0173],[54.70057,51.01703],[54.69909,51.01695],[54.69706,51.01691],[54.69424,51.01602],[54.69204,51.01579],[54.68967,51.0159],[54.68642,51.0166],[54.6816,51.0179],[54.67851,51.01941],[54.67402,51.02426],[54.67169,51.0255],[54.66926,51.02573],[54.66647,51.0254],[54.66384,51.02449],[54.66112,51.02393],[54.65905,51.02412],[54.65712,51.02486],[54.65531,51.02612],[54.65472,51.02729],[54.65492,51.02948],[54.65446,51.02998],[54.65374,51.02998],[54.65275,51.02948],[54.65206,51.02833],[54.65157,51.0268],[54.65187,51.02523],[54.65338,51.02335],[54.65347,51.02242],[54.65298,51.0218],[54.6519,51.02129],[54.65006,51.02098],[54.64714,51.02081],[54.64471,51.02025],[54.64314,51.01966],[54.64199,51.01951],[54.63874,51.01961],[54.63519,51.02003],[54.6304,51.02151],[54.62689,51.02213],[54.62243,51.02234],[54.61957,51.02191],[54.6156,51.02036],[54.61314,51.01945],[54.61114,51.01914],[54.60917,51.0192],[54.60766,51.01968],[54.60585,51.02034],[54.60411,51.02056],[54.60477,51.02093],[54.60559,51.02114],[54.606,51.02142],[54.60598,51.022],[54.60686,51.02346],[54.60632,51.02456],[54.604,51.02505],[54.60253,51.02658],[54.60296,51.02845],[54.60158,51.0298],[54.59824,51.02979],[54.59462,51.03009],[54.59104,51.0296],[54.58931,51.02894],[54.58719,51.02582],[54.58378,51.02228],[54.57452,51.02072],[54.56835,51.01867],[54.5656,51.0165],[54.5656,51.01413],[54.56996,51.01284],[54.57351,51.01259],[54.57619,51.01341],[54.57761,51.01444],[54.59178,51.01075],[54.58714,51.01034],[54.58432,51.00975],[54.58163,51.00896],[54.57884,51.0076],[54.57608,51.0059],[54.57372,51.00491],[54.57205,51.00458],[54.57031,51.00452],[54.56785,51.00477],[54.56493,51.00533],[54.55807,51.00776],[54.55557,51.00824],[54.55367,51.00809],[54.5498,51.00685],[54.54888,51.00597],[54.54868,51.00477],[54.5478,51.00096],[54.54803,51.00022],[54.54921,50.99911],[54.55342,50.99623],[54.56079,50.99291],[54.56158,50.99217],[54.56171,50.991],[54.56103,50.989],[54.55995,50.98766],[54.55982,50.98675],[54.56014,50.98561],[54.56074,50.98478],[54.56232,50.98387],[54.56977,50.98073],[54.57208,50.98037],[54.57484,50.98014],[54.57668,50.97952],[54.57867,50.97847],[54.58033,50.97719],[54.58098,50.97599],[54.58096,50.9749],[54.58014,50.97375],[54.57901,50.97311],[54.57718,50.97289],[54.57368,50.97289],[54.57114,50.97323],[54.56964,50.97303],[54.56854,50.97251],[54.56786,50.9717],[54.56775,50.97088],[54.56812,50.96995],[54.56883,50.96931],[54.57014,50.96889],[54.57277,50.96848],[54.57374,50.96807],[54.57413,50.96746],[54.57411,50.96661],[54.57368,50.96425],[54.5725,50.96249],[54.57223,50.96139],[54.5727,50.95984],[54.5747,50.95526],[54.57515,50.9505],[54.57587,50.94944],[54.57692,50.94875],[54.58019,50.94745],[54.58312,50.94645],[54.58593,50.94606],[54.59111,50.94567],[54.59333,50.94488],[54.59422,50.94393],[54.59443,50.94317],[54.59422,50.94238],[54.59188,50.93961],[54.59057,50.93697],[54.58979,50.93614],[54.58899,50.93584],[54.58775,50.93594],[54.58703,50.93626],[54.58582,50.93759],[54.58478,50.93798],[54.58365,50.93792],[54.58261,50.93741],[54.58177,50.93732],[54.58057,50.93756],[54.57939,50.93817],[54.57848,50.93912],[54.57794,50.94013],[54.57818,50.94223],[54.57775,50.94287],[54.57684,50.94319],[54.57266,50.94327],[54.57056,50.94277],[54.56949,50.94214],[54.56912,50.94133],[54.56928,50.94048],[54.56983,50.93994],[54.57061,50.93975],[54.57181,50.93974],[54.57378,50.94014],[54.57471,50.93992],[54.5751,50.93947],[54.57497,50.93913],[54.57421,50.93872],[54.57335,50.93848],[54.57159,50.93843],[54.57112,50.93809],[54.57076,50.93703],[54.57026,50.93642],[54.56777,50.935],[54.56572,50.93455],[54.56433,50.93452],[54.56311,50.93473],[54.56211,50.93535],[54.5611,50.93641],[54.56017,50.93678],[54.55942,50.93676],[54.55887,50.93644],[54.55856,50.93588],[54.55868,50.93514],[54.55914,50.93459],[54.56125,50.93349],[54.56475,50.93208],[54.56614,50.93113],[54.56693,50.93003],[54.56736,50.92896],[54.56827,50.92721],[54.56854,50.92531],[54.56802,50.92396],[54.56686,50.92301],[54.56558,50.92268],[54.5644,50.92268],[54.56352,50.92293],[54.56313,50.92333],[54.56324,50.92409],[54.56324,50.92488],[54.5624,50.92613],[54.5606,50.92703],[54.55884,50.92727],[54.55802,50.92731],[54.55729,50.92751],[54.55665,50.92793],[54.55545,50.9293],[54.55358,50.93211],[54.55084,50.93423],[54.54792,50.93553],[54.54652,50.93573],[54.54584,50.93564],[54.54432,50.93465],[54.5429,50.93427],[54.542,50.93426],[54.54123,50.9344],[54.5394,50.93535],[54.53809,50.93565],[54.53689,50.93573],[54.53445,50.93545],[54.53183,50.93488],[54.53005,50.93415],[54.52803,50.93298],[54.52679,50.93185],[54.52642,50.93062],[54.52653,50.93],[54.52704,50.92965],[54.52876,50.92896],[54.53113,50.92882],[54.5337,50.92882],[54.53498,50.92858],[54.53621,50.92785],[54.53681,50.92698],[54.5388,50.92524],[54.53915,50.92414],[54.54274,50.92479],[54.5446,50.92579],[54.54542,50.9266],[54.54567,50.92737],[54.54646,50.92823],[54.54751,50.92874],[54.54876,50.92873],[54.5498,50.92859],[54.55099,50.92797],[54.55195,50.92718],[54.554,50.92622],[54.55607,50.92508],[54.55645,50.92429],[54.5564,50.92343],[54.55741,50.92225],[54.55896,50.92113],[54.56182,50.91947],[54.5638,50.91805],[54.56521,50.91676],[54.56616,50.9155],[54.56692,50.91514],[54.56803,50.91511],[54.56924,50.91555],[54.57058,50.91623],[54.57189,50.91667],[54.57297,50.91691],[54.57374,50.9169],[54.57477,50.91676],[54.57569,50.91678],[54.57703,50.91785],[54.57785,50.91815],[54.57892,50.91825],[54.57967,50.91824],[54.58035,50.91819],[54.58083,50.91796],[54.58116,50.91747],[54.58156,50.91695],[54.58199,50.91648],[54.58267,50.91623],[54.58346,50.91632],[54.58402,50.91657],[54.58477,50.91711],[54.58543,50.91766],[54.5855,50.91832],[54.5854,50.91897],[54.58593,50.91936],[54.58665,50.91952],[54.58743,50.91949],[54.58827,50.91943],[54.58893,50.91946],[54.59034,50.91956],[54.59114,50.9197],[54.5917,50.91988],[54.59223,50.91988],[54.59288,50.91984],[54.59369,50.92012],[54.59568,50.9211],[54.59672,50.92158],[54.5973,50.92177],[54.59766,50.92205],[54.59798,50.92253],[54.59929,50.92313],[54.60006,50.92317],[54.60116,50.92301],[54.60163,50.92281],[54.60197,50.92242],[54.60255,50.92214],[54.60349,50.9219],[54.6041,50.92172],[54.60471,50.92167],[54.6053,50.92167],[54.60594,50.92171],[54.60748,50.9216],[54.60811,50.92164],[54.60983,50.92145],[54.61054,50.9214],[54.61246,50.921],[54.61312,50.9209],[54.61367,50.92093],[54.6142,50.92117],[54.61475,50.92154],[54.61532,50.922],[54.61585,50.92265],[54.61635,50.92312],[54.61708,50.92336],[54.61748,50.92374],[54.61762,50.92455],[54.61818,50.92494],[54.61867,50.92503],[54.61939,50.92507],[54.62017,50.92504],[54.62136,50.92494],[54.62348,50.92452],[54.62492,50.92401],[54.62511,50.92308],[54.62536,50.92267],[54.62573,50.92245],[54.62637,50.92228],[54.62727,50.92218],[54.62906,50.92205],[54.63008,50.92191],[54.63096,50.92166],[54.63219,50.92152],[54.63335,50.92124],[54.63473,50.92099],[54.63581,50.92076],[54.63634,50.92069],[54.63914,50.92006],[54.64028,50.91969],[54.64091,50.9194],[54.64161,50.91913],[54.64212,50.91889],[54.64281,50.91863],[54.64324,50.91839],[54.64385,50.91813],[54.64452,50.9179],[54.64528,50.9176],[54.64586,50.91729],[54.64653,50.91715],[54.64723,50.9169],[54.64782,50.91674],[54.64849,50.91649],[54.64905,50.91633],[54.64994,50.916],[54.65221,50.91553],[54.65275,50.91539],[54.65337,50.91527],[54.65398,50.91519],[54.6546,50.91526],[54.6555,50.91514],[54.65613,50.91508],[54.65738,50.91502],[54.658,50.91511],[54.65895,50.91593],[54.65934,50.91636],[54.65981,50.91663],[54.66027,50.91704],[54.66136,50.91773],[54.66246,50.91831],[54.66299,50.91863],[54.66334,50.91903],[54.6643,50.91959],[54.66509,50.9198],[54.66623,50.91939],[54.6672,50.91894],[54.66831,50.91856],[54.66865,50.91802],[54.66854,50.91763],[54.66812,50.91713],[54.66819,50.91666],[54.669,50.9165],[54.66965,50.91638],[54.67018,50.91577],[54.67067,50.91565],[54.6712,50.91536],[54.67099,50.91476],[54.67078,50.91426],[54.67088,50.91382],[54.6709,50.91325],[54.67094,50.9129],[54.67146,50.91262],[54.67175,50.91219],[54.6719,50.91179],[54.67186,50.91139],[54.67144,50.91103],[54.67004,50.91066],[54.66996,50.91018],[54.67015,50.90965],[54.67056,50.90904],[54.67068,50.90869],[54.67073,50.90837],[54.67057,50.908],[54.67026,50.90756],[54.67063,50.90705],[54.67083,50.90645],[54.67115,50.90566],[54.67166,50.90533],[54.67247,50.90489],[54.67309,50.90439],[54.67431,50.90367],[54.67578,50.90303],[54.67681,50.90251],[54.67739,50.90214],[54.67811,50.90192],[54.67875,50.90164],[54.67973,50.90118],[54.68019,50.90087],[54.68102,50.90085],[54.68242,50.90018],[54.68346,50.89945],[54.68396,50.89821],[54.68517,50.8971],[54.68667,50.89627],[54.68975,50.89506],[54.69008,50.89472],[54.69139,50.89423],[54.692,50.89388],[54.69383,50.89367],[54.69495,50.89351],[54.69709,50.89274],[54.69761,50.89268],[54.69749,50.89222],[54.69559,50.88446],[54.69281,50.87317],[54.69139,50.86739],[54.68858,50.85596],[54.68321,50.83408],[54.65722,50.82313],[54.66472,50.81177],[54.67075,50.80257],[54.67524,50.79574],[54.68493,50.78047],[54.68476,50.77865],[54.6837,50.76757],[54.68273,50.75743],[54.68052,50.7369],[54.67897,50.72274],[54.67843,50.71778],[54.68837,50.70865],[54.69711,50.70039],[54.71822,50.69006],[54.71736,50.68988],[54.71676,50.68974],[54.71526,50.68868],[54.71565,50.68741],[54.71531,50.68637],[54.71308,50.68526],[54.71257,50.68448],[54.7125,50.68404],[54.71329,50.68307],[54.71378,50.68234],[54.71393,50.68126],[54.71339,50.67991],[54.71365,50.67815],[54.71312,50.67701],[54.71248,50.67452],[54.71248,50.67364],[54.71185,50.67322],[54.7105,50.67257],[54.7096,50.6706],[54.71105,50.66787],[54.71367,50.66641],[54.71681,50.6651],[54.71857,50.66385],[54.71943,50.66157],[54.71981,50.65868],[54.7199,50.65703],[54.71947,50.65498],[54.72003,50.65142],[54.72101,50.65066],[54.72371,50.64962],[54.7238,50.6487],[54.72324,50.64709],[54.72239,50.6456],[54.72213,50.64483],[54.72372,50.64372],[54.72633,50.64253],[54.72676,50.64177],[54.72592,50.64053],[54.72507,50.63912],[54.72393,50.63841],[54.72118,50.63732],[54.72071,50.63512],[54.72041,50.63357],[54.72187,50.63188],[54.72406,50.63106],[54.72402,50.62997],[54.72462,50.6284],[54.72582,50.62769],[54.72822,50.62682],[54.72887,50.62567],[54.72857,50.62513],[54.72947,50.62412],[54.73003,50.62251],[54.73105,50.62154],[54.73138,50.62001],[54.73135,50.61933],[54.73073,50.61843],[54.7302,50.6175],[54.72932,50.61727],[54.72721,50.61627],[54.72655,50.61558],[54.72651,50.6147],[54.72743,50.61387],[54.72695,50.61362],[54.7252,50.61334],[54.72408,50.61224],[54.72294,50.61158],[54.72266,50.61079],[54.72185,50.61018],[54.72295,50.60896],[54.72079,50.6083],[54.72045,50.60699],[54.71881,50.60591],[54.71682,50.60629],[54.71292,50.6046],[54.71124,50.60161],[54.70983,50.60123],[54.7083,50.60034],[54.70496,50.59938],[54.70023,50.59881],[54.69614,50.59771],[54.69204,50.59521],[54.69011,50.59473],[54.68874,50.59501],[54.68728,50.59315],[54.68552,50.59285],[54.68316,50.59111],[54.68102,50.5883],[54.67694,50.58604],[54.67575,50.58447],[54.66326,50.5742],[54.66123,50.57351],[54.65544,50.56939],[54.65578,50.56827],[54.65342,50.56648],[54.64968,50.56423],[54.64653,50.56055],[54.63812,50.5558],[54.63761,50.55305],[54.63653,50.55187],[54.63484,50.55156],[54.63201,50.5508],[54.62977,50.55088],[54.62831,50.55016],[54.62411,50.54746],[54.62204,50.54414],[54.61873,50.54206],[54.61801,50.54192],[54.61741,50.54147],[54.61662,50.54134],[54.61596,50.541],[54.61574,50.54069],[54.61528,50.54037],[54.61495,50.53991],[54.61493,50.53947],[54.61464,50.53899],[54.61411,50.5388],[54.60332,50.54422],[54.59273,50.56009],[54.57452,50.55265],[54.55853,50.53925],[54.54482,50.52771],[54.51858,50.54072],[54.51541,50.54228],[54.50224,50.54881],[54.48963,50.55505],[54.46635,50.56658],[54.44869,50.58476],[54.43,50.60391],[54.41361,50.62069],[54.4201,50.63166],[54.42292,50.63643],[54.42962,50.64777],[54.43778,50.66153],[54.44042,50.68626],[54.44699,50.69579],[54.45322,50.71221],[54.45364,50.71304],[54.45431,50.71341],[54.45953,50.72113],[54.45727,50.72284],[54.461,50.72783],[54.46292,50.72799],[54.46307,50.72919],[54.46183,50.73064],[54.46367,50.73193],[54.46236,50.73465],[54.46286,50.73672],[54.46379,50.73686],[54.46384,50.73755],[54.46279,50.73807],[54.46273,50.73882],[54.46264,50.74041],[54.46302,50.74241],[54.46406,50.74286],[54.46456,50.74481],[54.46308,50.74631],[54.4635,50.74752],[54.46461,50.74868],[54.46445,50.75037],[54.4663,50.7519],[54.46593,50.75332],[54.46642,50.75637],[54.46586,50.75948],[54.46659,50.76021],[54.46707,50.76235],[54.46689,50.7637],[54.46759,50.76478],[54.46777,50.76604],[54.46904,50.76653],[54.46955,50.76704],[54.46912,50.76796],[54.47048,50.76916],[54.47026,50.77043],[54.47077,50.77087],[54.47095,50.77156],[54.47141,50.77237],[54.47252,50.77306],[54.47242,50.77374],[54.47268,50.77442],[54.47371,50.7759],[54.47448,50.77645],[54.4736,50.77841],[54.47587,50.78006],[54.47662,50.78026],[54.47678,50.78059],[54.47595,50.78167],[54.47779,50.78219],[54.47855,50.78221],[54.47927,50.78276],[54.47948,50.78336],[54.48148,50.78484],[54.48175,50.78572],[54.48267,50.78675],[54.48309,50.789],[54.48655,50.78949],[54.48807,50.7912],[54.48798,50.79177],[54.48994,50.79398],[54.49254,50.79439],[54.49292,50.79481],[54.49449,50.79517],[54.4942,50.79601],[54.49464,50.79645],[54.49538,50.79649],[54.49688,50.79576],[54.49793,50.79578],[54.4995,50.79681],[54.50081,50.79838],[54.50077,50.7989],[54.50115,50.79926],[54.50303,50.79946],[54.50443,50.80066],[54.50459,50.80167],[54.50798,50.80482],[54.50842,50.80566],[54.51056,50.80571],[54.51539,50.8073],[54.51659,50.8095],[54.5163,50.81055],[54.51682,50.81138],[54.51852,50.81186],[54.51814,50.81294],[54.51711,50.81383],[54.51684,50.81481],[54.51492,50.81649],[54.51507,50.81802],[54.51757,50.81958],[54.51972,50.82018],[54.52051,50.82192],[54.52544,50.8227],[54.52728,50.82539],[54.52701,50.82621],[54.52573,50.82607],[54.52522,50.82727],[54.52673,50.82803],[54.52708,50.82865],[54.52801,50.82881],[54.52861,50.82944],[54.52874,50.83009],[54.52304,50.84356],[54.51817,50.85464],[54.49754,50.85353],[54.47119,50.85219],[54.45241,50.8512],[54.44843,50.86261],[54.44163,50.88211],[54.43838,50.88181],[54.43474,50.88148],[54.4373,50.88098],[54.4398,50.88094],[54.44088,50.88059],[54.44134,50.88002],[54.44136,50.87939],[54.44094,50.87851],[54.43987,50.87772],[54.43847,50.87728],[54.43714,50.87729],[54.43539,50.87776],[54.43089,50.87889],[54.42855,50.87892],[54.42564,50.87835],[54.42472,50.87789],[54.42433,50.87704],[54.42352,50.87639],[54.42221,50.87585],[54.42051,50.8755],[54.41901,50.87545],[54.41587,50.87578],[54.41379,50.87627],[54.41207,50.87726],[54.4093,50.87951],[54.40693,50.88035],[54.40563,50.88062],[54.40305,50.88151],[54.39938,50.8817],[54.39648,50.88127],[54.39454,50.88127],[54.39087,50.88201],[54.38618,50.88378],[54.38114,50.88466],[54.37592,50.8849],[54.37317,50.88458],[54.37038,50.88365],[54.36837,50.88337],[54.36605,50.88342],[54.36181,50.88429],[54.358,50.88549],[54.35687,50.88627],[54.35577,50.88758],[54.35368,50.89055],[54.35204,50.89176],[54.35039,50.89258],[54.34903,50.89313],[54.34838,50.89372],[54.3453,50.89651],[54.34598,50.90097],[54.33792,50.90371],[54.33625,50.90254],[54.33239,50.89981],[54.31914,50.89932],[54.31436,50.90829],[54.30322,50.90876],[54.30568,50.9045],[54.30206,50.89798],[54.30086,50.89581],[54.29836,50.89644],[54.29664,50.89705],[54.29328,50.89851],[54.29,50.90052],[54.28796,50.90225],[54.28497,50.90617],[54.28382,50.90852],[54.28183,50.91085],[54.27994,50.91557],[54.27977,50.91788],[54.28116,50.92427],[54.28228,50.9261],[54.28624,50.93031],[54.2873,50.93171],[54.28799,50.93755],[54.2873,50.94091],[54.28267,50.94404],[54.27752,50.94448],[54.27287,50.94594],[54.27144,50.94743],[54.27228,50.94961],[54.2743,50.95042],[54.27731,50.94989],[54.27839,50.94837],[54.27834,50.94629],[54.28091,50.94566],[54.28406,50.94678],[54.2873,50.94696],[54.28867,50.94772],[54.2885,50.94923],[54.28426,50.95082],[54.28248,50.95259],[54.28061,50.95324],[54.27814,50.95296],[54.27603,50.9515],[54.27415,50.95129],[54.27179,50.95143],[54.26893,50.95029],[54.26415,50.94992],[54.26047,50.9504],[54.25858,50.95136],[54.25552,50.95613],[54.25383,50.95756],[54.25089,50.95832],[54.24852,50.95784],[54.24699,50.95664],[54.24645,50.95378],[54.24507,50.95324],[54.24296,50.95346],[54.24038,50.95561],[54.23783,50.95568],[54.23539,50.9537],[54.23135,50.95364],[54.22539,50.95544],[54.21853,50.95926],[54.21744,50.962],[54.21616,50.96308],[54.21378,50.96284],[54.21143,50.96113],[54.20765,50.9607],[54.19958,50.96394],[54.19478,50.96708],[54.19151,50.97075],[54.19031,50.97475],[54.19783,50.98256],[54.19988,50.98346],[54.20323,50.98419],[54.20483,50.98574],[54.20485,50.98701],[54.20411,50.98794],[54.20101,50.98896],[54.19694,50.99249],[54.19024,50.99528],[54.18627,50.99624],[54.1841,50.99601],[54.18151,50.99506],[54.18038,50.99343],[54.17927,50.99272],[54.17405,50.99182],[54.17235,50.99224],[54.1717,50.99427],[54.17212,50.99624],[54.1741,50.99807],[54.17678,50.99926],[54.17934,50.99979],[54.1807,51.00068],[54.17971,51.00302],[54.17683,51.00596],[54.17636,51.00751],[54.17715,51.0093],[54.17621,51.01038],[54.17296,51.01116],[54.16936,51.01145],[54.16436,51.01026],[54.16111,51.00889],[54.15914,51.00858],[54.15805,51.00992],[54.15849,51.01105],[54.16027,51.01265],[54.16512,51.01569],[54.17138,51.01817],[54.17244,51.01919],[54.17267,51.02054],[54.17121,51.0226],[54.16793,51.02542],[54.16724,51.02778],[54.16801,51.02958],[54.1706,51.03093],[54.174,51.03114],[54.1788,51.02925],[54.1809,51.0281],[54.18142,51.02657],[54.18006,51.02482],[54.18043,51.02375],[54.18304,51.02359],[54.18713,51.02609],[54.19169,51.02758],[54.19406,51.02938],[54.19443,51.03168],[54.19237,51.03384],[54.1891,51.03601],[54.18373,51.04129],[54.182,51.04265],[54.17869,51.04366],[54.17513,51.04391],[54.17124,51.04507],[54.16846,51.04677],[54.16727,51.04969],[54.1667,51.05269],[54.166,51.05404],[54.1614,51.05689],[54.1606,51.0583],[54.16051,51.05985],[54.1617,51.06453],[54.16086,51.06629],[54.15909,51.06712],[54.15636,51.06704],[54.15406,51.06604],[54.1452,51.06381],[54.14286,51.06221],[54.14207,51.0599],[54.14341,51.05786],[54.14583,51.05656],[54.14996,51.05574],[54.1505,51.05493],[54.14943,51.05352],[54.14627,51.05185],[54.14259,51.05117],[54.1387,51.05155],[54.13707,51.05235],[54.13678,51.05354],[54.13838,51.05514],[54.13869,51.05653],[54.1379,51.05765],[54.13589,51.05874],[54.1339,51.05897],[54.1325,51.05972],[54.13001,51.06257],[54.12969,51.06412],[54.13013,51.06476],[54.13179,51.06559],[54.13372,51.06582],[54.13446,51.0661],[54.13752,51.06829],[54.14027,51.06957],[54.15078,51.07228],[54.15174,51.07292],[54.15197,51.07405],[54.15081,51.07609],[54.14978,51.07855],[54.15109,51.08398],[54.15083,51.08755],[54.14963,51.0912],[54.14501,51.09862],[54.1396,51.10275],[54.13876,51.1065],[54.13701,51.10824],[54.1311,51.11015],[54.12405,51.11322],[54.11722,51.11531],[54.10292,51.11836],[54.09909,51.11819],[54.09487,51.11732],[54.09082,51.11692],[54.08646,51.11786],[54.07787,51.12012],[54.06431,51.12497],[54.05436,51.1296],[54.042,51.13617],[54.03822,51.13951],[54.03667,51.14145],[54.03667,51.14231],[54.03822,51.14446],[54.04234,51.14522],[54.05556,51.1492],[54.05624,51.15125],[54.05487,51.15297],[54.05127,51.15394],[54.04818,51.15372],[54.05275,51.15825],[54.0462,51.16751],[54.04616,51.17985],[54.03156,51.18418],[54.02403,51.18914],[54.02613,51.1907],[54.02877,51.19123],[54.03324,51.19118],[54.03624,51.19196],[54.03787,51.19171],[54.03849,51.19015],[54.03993,51.18885],[54.04191,51.18871],[54.04363,51.18915],[54.04627,51.19116],[54.04765,51.19125],[54.04932,51.19033],[54.05148,51.19171],[54.05317,51.19344],[54.05409,51.19571],[54.05349,51.19661],[54.05194,51.19657],[54.05099,51.19707],[54.05141,51.19785],[54.05405,51.19886],[54.05472,51.1997],[54.05444,51.20125],[54.05275,51.20303],[54.05258,51.20355],[54.05328,51.20405],[54.05754,51.20427],[54.0599,51.20502],[54.06185,51.20622],[54.06212,51.20764],[54.06134,51.20861],[54.06131,51.20914],[54.063,51.2102],[54.05418,51.21122],[54.04282,51.21237],[54.02847,51.21388],[54.03945,51.25631],[54.02001,51.25806],[54.03881,51.27086],[54.06672,51.26838],[54.07667,51.30216],[54.09472,51.30236],[54.12883,51.30189],[54.12393,51.26183],[54.16882,51.24514],[54.17591,51.24813],[54.1776,51.24926],[54.17991,51.25187],[54.17901,51.25246],[54.17794,51.2524],[54.17712,51.25271],[54.17697,51.25399],[54.17797,51.25461],[54.18135,51.25941],[54.1826,51.26069],[54.18314,51.26237],[54.1815,51.26353],[54.1824,51.2648],[54.18424,51.26536],[54.18608,51.26658],[54.18618,51.26745],[54.18852,51.26957],[54.19046,51.27063],[54.19246,51.27125],[54.1941,51.27133],[54.19702,51.27034],[54.20306,51.27374],[54.20897,51.27384],[54.21347,51.27507],[54.21783,51.27462],[54.22544,51.28803],[54.25679,51.31073],[54.25704,51.31896],[54.34616,51.32025],[54.46876,51.32059],[54.80364,51.32512],[54.89451,51.40423],[54.93109,51.43346],[54.96576,51.46083],[55.0054,51.46199],[55.03661,51.47251],[55.03774,51.47299],[55.07031,51.48396],[55.09124,51.4907],[55.09149,51.49415],[55.09261,51.49461],[55.09415,51.49469],[55.09497,51.49167],[55.10093,51.49207],[55.10284,51.49148],[55.10355,51.49036],[55.10461,51.48883],[55.10703,51.48886],[55.1081,51.48846],[55.10898,51.48676],[55.11057,51.48638],[55.11308,51.48748],[55.11568,51.48775],[55.11831,51.48702],[55.12158,51.48576],[55.12299,51.48483],[55.12261,51.48372],[55.12059,51.48255],[55.12072,51.48098],[55.12188,51.47975],[55.1237,51.47905],[55.12696,51.47853],[55.1275,51.4767],[55.13042,51.47512],[55.13145,51.47389],[55.13067,51.47186],[55.13205,51.47026],[55.13437,51.4696],[55.13793,51.46996],[55.13986,51.46887],[55.14081,51.46776],[55.14153,51.46699],[55.14161,51.46635],[55.14253,51.46614],[55.14351,51.46615],[55.14454,51.46606],[55.14517,51.46563],[55.14725,51.4646],[55.14798,51.46415],[55.14824,51.46346],[55.1479,51.46276],[55.14646,51.46241],[55.14559,51.46247],[55.1451,51.46298],[55.14425,51.46337],[55.14349,51.46329],[55.14266,51.46283],[55.14275,51.46219],[55.14308,51.46164],[55.14329,51.46077],[55.14358,51.46041],[55.14507,51.46084],[55.14627,51.46052],[55.14761,51.46008],[55.14869,51.46019],[55.14942,51.46],[55.1502,51.45977],[55.15071,51.45887],[55.15047,51.45812],[55.14908,51.45767],[55.14891,51.45728],[55.14947,51.45664],[55.15052,51.45613],[55.15042,51.4556],[55.14949,51.45521],[55.14942,51.45483],[55.15025,51.45411],[55.15162,51.45318],[55.15279,51.45293],[55.15334,51.45281],[55.15406,51.45234],[55.15352,51.45171],[55.15354,51.45096],[55.15403,51.45033],[55.15495,51.44953],[55.16158,51.44773],[55.16172,51.44556],[55.16352,51.44393],[55.19026,51.46039],[55.20374,51.469],[55.24646,51.49564],[55.26347,51.50366],[55.27869,51.49288],[55.26673,51.48545],[55.25268,51.47666],[55.28212,51.45868],[55.2989,51.469],[55.31546,51.476],[55.32045,51.47781],[55.33919,51.48024],[55.35952,51.48207],[55.36102,51.47875],[55.35938,51.47694],[55.36176,51.4726],[55.363,51.47192],[55.36549,51.47288],[55.36779,51.47185],[55.36766,51.47034],[55.37097,51.46769],[55.37006,51.46624],[55.37337,51.46233],[55.37507,51.46173],[55.37696,51.46034],[55.37831,51.45798],[55.37872,51.45638],[55.38023,51.45599],[55.41143,51.4624],[55.42006,51.46462],[55.42417,51.46553],[55.4336,51.46759],[55.43728,51.46986],[55.47089,51.47749],[55.50507,51.48277],[55.5439,51.48905],[55.59292,51.46986],[55.63294,51.45393]]]}},{"type":"Feature","properties":{"oktmo":"53727000","name":"Сорочинский","type":"городской округ","center":"г Сорочинск"},"geometry":{"type":"Polygon","coordinates":[[[53.07232,52.75158],[53.09005,52.72737],[53.06432,52.72087],[53.0821,52.69923],[53.11188,52.66338],[53.12483,52.6672],[53.14039,52.6582],[53.13913,52.65038],[53.16998,52.62683],[53.1748,52.62739],[53.1746,52.62509],[53.17851,52.6262],[53.1819,52.62544],[53.1853,52.62212],[53.18535,52.62133],[53.18656,52.62104],[53.18777,52.62119],[53.18846,52.62168],[53.18904,52.62165],[53.18964,52.62133],[53.18993,52.62039],[53.19076,52.6202],[53.19139,52.6195],[53.19113,52.61861],[53.18676,52.61765],[53.18372,52.61725],[53.1811,52.61714],[53.18004,52.61737],[53.17972,52.618],[53.17952,52.61957],[53.17983,52.62086],[53.17906,52.62118],[53.17687,52.62067],[53.17342,52.62016],[53.17279,52.61978],[53.17256,52.6192],[53.17305,52.61875],[53.17569,52.61854],[53.1767,52.61803],[53.17687,52.61737],[53.17578,52.61627],[53.17584,52.61454],[53.175,52.61358],[53.17092,52.61274],[53.17037,52.61227],[53.16813,52.61206],[53.16833,52.59746],[53.17504,52.59442],[53.19933,52.591],[53.20824,52.58998],[53.21583,52.58915],[53.23251,52.58946],[53.23907,52.58894],[53.2688,52.59463],[53.29353,52.59337],[53.32244,52.59271],[53.36162,52.5918],[53.36242,52.59058],[53.36099,52.58722],[53.36047,52.57933],[53.36254,52.57265],[53.36616,52.56951],[53.368,52.56615],[53.39083,52.56605],[53.57961,52.56338],[53.57888,52.58051],[53.59168,52.58045],[53.59883,52.56898],[53.60471,52.56704],[53.61115,52.56095],[53.60959,52.52782],[53.62562,52.52728],[53.62597,52.52617],[53.62458,52.49773],[53.6287,52.49363],[53.62856,52.48789],[53.62641,52.48593],[53.62687,52.48457],[53.62623,52.48102],[53.62539,52.48114],[53.6247,52.48111],[53.62405,52.48123],[53.62339,52.48127],[53.62236,52.48128],[53.62175,52.48125],[53.62107,52.4811],[53.62045,52.48084],[53.61984,52.48053],[53.61928,52.48035],[53.61868,52.48034],[53.61675,52.48042],[53.61574,52.48053],[53.61475,52.48066],[53.61309,52.48052],[53.61201,52.4804],[53.61131,52.48018],[53.61059,52.47994],[53.61002,52.47971],[53.60932,52.47948],[53.60786,52.47878],[53.60682,52.47819],[53.60633,52.4779],[53.60528,52.47749],[53.60464,52.47717],[53.60391,52.47707],[53.60338,52.47691],[53.60296,52.47663],[53.60241,52.47635],[53.60176,52.47626],[53.60122,52.47621],[53.6005,52.47593],[53.59989,52.47555],[53.59909,52.47537],[53.59836,52.47546],[53.59797,52.47577],[53.59756,52.47605],[53.5967,52.4762],[53.59597,52.47618],[53.5955,52.47595],[53.59499,52.47598],[53.59421,52.47612],[53.59369,52.47625],[53.59322,52.47645],[53.59283,52.47677],[53.59234,52.47691],[53.59165,52.47696],[53.5909,52.47685],[53.59024,52.47666],[53.5896,52.47666],[53.58908,52.47657],[53.58859,52.47639],[53.58801,52.47638],[53.58711,52.47657],[53.58645,52.47686],[53.586,52.47727],[53.58503,52.47749],[53.58452,52.47695],[53.5846,52.47653],[53.58415,52.47631],[53.58205,52.47633],[53.58094,52.47657],[53.58004,52.47694],[53.57911,52.47756],[53.57837,52.47792],[53.57702,52.47821],[53.57639,52.47848],[53.57549,52.47887],[53.57488,52.47924],[53.57441,52.47977],[53.57436,52.48043],[53.57459,52.4808],[53.57507,52.48162],[53.57541,52.48209],[53.57533,52.4826],[53.57488,52.48299],[53.57412,52.48313],[53.57348,52.48276],[53.57298,52.48234],[53.5724,52.48202],[53.57148,52.48177],[53.57063,52.48165],[53.57002,52.48185],[53.56989,52.48236],[53.56997,52.48283],[53.5701,52.48342],[53.57023,52.48391],[53.57026,52.48442],[53.5701,52.48476],[53.56941,52.48493],[53.56841,52.48468],[53.56746,52.48426],[53.56698,52.48395],[53.56643,52.48362],[53.56592,52.48342],[53.56491,52.48321],[53.56385,52.48331],[53.56259,52.48358],[53.5617,52.48411],[53.56162,52.48466],[53.56142,52.48517],[53.56165,52.48597],[53.56128,52.48677],[53.56072,52.48729],[53.56004,52.48772],[53.55967,52.48845],[53.55926,52.48902],[53.55866,52.48945],[53.55739,52.48957],[53.55586,52.48932],[53.55492,52.48891],[53.55399,52.48838],[53.55291,52.48761],[53.55193,52.48688],[53.5513,52.48615],[53.55085,52.48538],[53.55018,52.48465],[53.54943,52.4841],[53.54846,52.48383],[53.54708,52.48379],[53.54614,52.41915],[53.54523,52.40326],[53.58933,52.40209],[53.5888,52.37819],[53.78286,52.37201],[53.78152,52.34308],[53.79607,52.3424],[53.79476,52.30538],[53.82136,52.30493],[53.82398,52.3017],[53.82432,52.29911],[53.82519,52.29755],[53.82468,52.29642],[53.82616,52.2943],[53.82834,52.29122],[53.81984,52.28735],[53.8191,52.28587],[53.81667,52.28448],[53.74504,52.28588],[53.73822,52.28601],[53.73737,52.27784],[53.61642,52.27924],[53.61607,52.23902],[53.58659,52.2394],[53.58605,52.23065],[53.55535,52.23274],[53.55775,52.2277],[53.55673,52.20226],[53.5558,52.19871],[53.55076,52.19282],[53.53973,52.19015],[53.53729,52.19081],[53.53289,52.19021],[53.53213,52.19154],[53.53061,52.19218],[53.52822,52.19198],[53.5273,52.19128],[53.52708,52.19011],[53.52361,52.18832],[53.52149,52.18865],[53.51926,52.18951],[53.51822,52.19019],[53.5177,52.19208],[53.5182,52.19308],[53.51768,52.19403],[53.5155,52.19479],[53.51427,52.19456],[53.51358,52.19411],[53.51233,52.19152],[53.51139,52.19109],[53.50968,52.19109],[53.5083,52.19222],[53.50784,52.1936],[53.50649,52.19415],[53.50469,52.19406],[53.50289,52.19339],[53.50239,52.19259],[53.50268,52.19175],[53.50548,52.19019],[53.50584,52.18901],[53.5049,52.18813],[53.50329,52.18789],[53.50112,52.18842],[53.49976,52.18945],[53.49882,52.18953],[53.49665,52.19108],[53.49548,52.19274],[53.49538,52.19392],[53.49717,52.19565],[53.50112,52.19663],[53.50492,52.19649],[53.50653,52.19675],[53.50722,52.19754],[53.50688,52.19846],[53.50629,52.19902],[53.50549,52.19914],[53.5045,52.19988],[53.50386,52.20036],[53.50332,52.20052],[53.50276,52.20054],[53.50217,52.20099],[53.50203,52.20168],[53.50198,52.20256],[53.50148,52.20301],[53.50103,52.20326],[53.50058,52.20344],[53.49982,52.20351],[53.4989,52.20352],[53.49801,52.20354],[53.4973,52.2034],[53.49625,52.20325],[53.49515,52.20323],[53.49405,52.20357],[53.49303,52.20398],[53.49219,52.20452],[53.49186,52.20488],[53.49182,52.20523],[53.4923,52.20575],[53.49265,52.20658],[53.4932,52.20718],[53.49338,52.20795],[53.49327,52.20866],[53.4925,52.20945],[53.49131,52.21034],[53.49028,52.21087],[53.48843,52.21157],[53.48755,52.21183],[53.48665,52.21244],[53.48627,52.21277],[53.48632,52.21331],[53.48665,52.21496],[53.48706,52.21571],[53.48744,52.21621],[53.48808,52.21675],[53.48918,52.21749],[53.49009,52.21783],[53.49137,52.21818],[53.49228,52.21881],[53.49268,52.21917],[53.49262,52.21965],[53.4921,52.21998],[53.49148,52.2203],[53.49108,52.22053],[53.49098,52.22095],[53.49137,52.22167],[53.49244,52.22207],[53.49357,52.22225],[53.49515,52.22275],[53.49644,52.22346],[53.49686,52.22379],[53.49722,52.22417],[53.49725,52.22459],[53.49683,52.22528],[53.4958,52.22649],[53.49527,52.22712],[53.49497,52.22771],[53.49459,52.2283],[53.49389,52.2288],[53.49313,52.22891],[53.4921,52.22911],[53.49164,52.2295],[53.49162,52.23001],[53.49155,52.23105],[53.49186,52.23145],[53.49194,52.23187],[53.49187,52.23233],[53.49137,52.23283],[53.49091,52.23312],[53.48942,52.23423],[53.48833,52.23479],[53.4875,52.23509],[53.4868,52.23536],[53.48607,52.23549],[53.48531,52.23544],[53.48474,52.23526],[53.48428,52.23487],[53.48429,52.23446],[53.48416,52.23399],[53.48351,52.23359],[53.48291,52.23347],[53.4822,52.23356],[53.48163,52.23378],[53.48126,52.23402],[53.48106,52.23434],[53.48096,52.23547],[53.48087,52.23787],[53.48055,52.23816],[53.47962,52.23821],[53.47919,52.23794],[53.44636,52.22609],[53.43631,52.2425],[53.43347,52.24001],[53.42364,52.24636],[53.40332,52.23536],[53.38086,52.22175],[53.40068,52.20854],[53.38021,52.19685],[53.39955,52.18394],[53.34898,52.15554],[53.35339,52.15201],[53.34482,52.14898],[53.34729,52.14785],[53.34816,52.14695],[53.34824,52.14577],[53.35133,52.14503],[53.35402,52.14372],[53.35437,52.14244],[53.3528,52.14234],[53.35111,52.14119],[53.34517,52.13919],[53.33733,52.13457],[53.33336,52.13031],[53.32899,52.12834],[53.32671,52.12784],[53.32022,52.12284],[53.31805,52.12046],[53.31599,52.12009],[53.31358,52.12048],[53.28147,52.10324],[53.25194,52.12324],[53.23234,52.11194],[53.22838,52.11271],[53.22273,52.11621],[53.21823,52.12118],[53.21491,52.12171],[53.20232,52.11938],[53.18459,52.10541],[53.15789,52.10601],[53.15626,52.08877],[53.14803,52.08479],[53.14597,52.08467],[53.11831,52.08641],[53.07895,52.0867],[53.07035,52.08106],[53.0555,52.07696],[53.04592,52.07902],[53.04093,52.08314],[53.03523,52.0839],[53.02916,52.08798],[53.02944,52.08952],[53.01534,52.09714],[53.016,52.09991],[52.99174,52.10953],[52.9881,52.10825],[52.98379,52.10612],[52.98011,52.10568],[52.9805,52.11935],[52.96845,52.11975],[52.9696,52.13834],[52.90389,52.13849],[52.90022,52.14119],[52.89907,52.14925],[52.89696,52.15385],[52.88351,52.15668],[52.86675,52.15667],[52.86392,52.15827],[52.85601,52.1586],[52.85294,52.16383],[52.86064,52.16576],[52.85345,52.16922],[52.84644,52.16903],[52.84903,52.17213],[52.84996,52.17359],[52.84676,52.17423],[52.8416,52.17365],[52.83825,52.18125],[52.8411,52.1882],[52.84162,52.18954],[52.84188,52.19358],[52.84177,52.19747],[52.84036,52.20324],[52.83032,52.2015],[52.82743,52.2043],[52.82278,52.20464],[52.82243,52.21084],[52.82132,52.21236],[52.82137,52.21468],[52.81929,52.21885],[52.82502,52.2193],[52.82596,52.24135],[52.82619,52.25242],[52.82646,52.26238],[52.82679,52.26575],[52.82904,52.29904],[52.82975,52.30835],[52.83071,52.32196],[52.81315,52.32273],[52.81275,52.33512],[52.8123,52.34072],[52.82447,52.34558],[52.80741,52.36299],[52.80138,52.36838],[52.79954,52.36889],[52.7981,52.37045],[52.79723,52.37092],[52.79922,52.37062],[52.80026,52.37144],[52.79815,52.37435],[52.7994,52.37538],[52.80181,52.37438],[52.8028,52.37501],[52.80276,52.37625],[52.80374,52.37775],[52.80374,52.37878],[52.80467,52.37933],[52.80454,52.38007],[52.80547,52.38035],[52.80577,52.38082],[52.80513,52.3816],[52.80531,52.38206],[52.80685,52.38237],[52.80691,52.3839],[52.80547,52.38531],[52.80586,52.38571],[52.80587,52.38725],[52.805,52.38901],[52.80779,52.38912],[52.80794,52.39016],[52.80709,52.39076],[52.80653,52.39116],[52.80737,52.39149],[52.80956,52.39161],[52.81022,52.39213],[52.81162,52.39187],[52.81261,52.39238],[52.81284,52.39358],[52.81329,52.39451],[52.81343,52.39559],[52.8154,52.39769],[52.81519,52.39899],[52.81637,52.39906],[52.81778,52.39971],[52.81861,52.40068],[52.81858,52.40167],[52.82037,52.40169],[52.82156,52.40217],[52.82237,52.40301],[52.82172,52.4055],[52.82288,52.40571],[52.82338,52.40756],[52.82303,52.40833],[52.82416,52.40863],[52.82443,52.40897],[52.82455,52.40933],[52.82308,52.41179],[52.82057,52.41354],[52.82531,52.41552],[52.82617,52.41759],[52.82507,52.41917],[52.82455,52.42199],[52.82626,52.4232],[52.83003,52.42352],[52.83065,52.42417],[52.83025,52.42528],[52.83141,52.42541],[52.83232,52.42608],[52.83288,52.42726],[52.83725,52.43084],[52.92618,52.42964],[52.92422,52.40937],[52.9256,52.39389],[52.9626,52.39294],[52.96124,52.41697],[52.9596,52.44577],[52.96032,52.48105],[52.96175,52.51788],[52.96228,52.51854],[52.96218,52.51898],[52.96161,52.51914],[52.95984,52.51886],[52.95952,52.51943],[52.96005,52.51997],[52.96424,52.52073],[52.96505,52.52125],[52.96491,52.52168],[52.9642,52.52199],[52.96239,52.5219],[52.96182,52.52296],[52.96198,52.52342],[52.9665,52.52705],[52.96781,52.52818],[52.96809,52.52874],[52.96761,52.52924],[52.96687,52.52984],[52.96113,52.53262],[52.96043,52.53542],[52.96311,52.53702],[52.96588,52.53927],[52.96948,52.54216],[52.97959,52.55034],[52.97623,52.56178],[52.96228,52.57245],[52.95674,52.57662],[52.95449,52.58044],[52.95274,52.58058],[52.95146,52.58323],[52.95044,52.58585],[52.94814,52.59141],[52.94578,52.59513],[52.94114,52.60223],[52.93564,52.61074],[52.92853,52.62161],[52.93627,52.63175],[52.95109,52.63737],[52.96033,52.64755],[52.96537,52.65145],[52.96358,52.65402],[52.97312,52.66065],[52.96781,52.66472],[52.95186,52.66258],[52.92776,52.67635],[52.91961,52.68172],[52.90937,52.68322],[52.89621,52.68101],[52.89295,52.6801],[52.89386,52.67326],[52.87782,52.66019],[52.83453,52.66157],[52.83223,52.65994],[52.82648,52.65822],[52.80759,52.66089],[52.78806,52.66386],[52.79842,52.68046],[52.79877,52.68352],[52.79468,52.68665],[52.79457,52.68862],[52.79631,52.68943],[52.79836,52.69627],[52.80958,52.69864],[52.80858,52.70652],[52.80438,52.70634],[52.79768,52.70366],[52.79262,52.70369],[52.79055,52.70292],[52.78629,52.70259],[52.78365,52.70362],[52.78158,52.70338],[52.77494,52.70677],[52.77221,52.71372],[52.8162,52.71806],[52.81413,52.72459],[52.81664,52.72849],[52.81883,52.73377],[52.82094,52.74122],[52.83425,52.74452],[52.84924,52.74831],[52.84824,52.7638],[52.85419,52.76776],[52.85689,52.76788],[52.86413,52.76699],[52.86417,52.76917],[52.87551,52.77406],[52.87895,52.77317],[52.88013,52.77138],[52.88292,52.7706],[52.88556,52.77159],[52.88642,52.77075],[52.88801,52.77035],[52.891,52.77265],[52.89315,52.77326],[52.89542,52.77326],[52.89591,52.77289],[52.89611,52.76808],[52.90273,52.76811],[52.90517,52.76905],[52.90851,52.76825],[52.91104,52.76715],[52.91141,52.7646],[52.91245,52.76399],[52.93942,52.76162],[52.94995,52.76111],[52.97857,52.7598],[52.99481,52.75764],[53.01518,52.75569],[53.04231,52.7535],[53.07232,52.75158]]]}},{"type":"Feature","properties":{"oktmo":"53651000","name":"Ташлинский муниципальный район","type":"муниципальный район","center":"с Ташла"},"geometry":{"type":"Polygon","coordinates":[[[53.14597,52.08467],[53.14009,52.08104],[53.14145,52.07078],[53.13264,52.05397],[53.13632,52.04965],[53.13968,52.04963],[53.14231,52.04946],[53.14783,52.04639],[53.2108,52.03902],[53.20843,52.03683],[53.21061,52.03594],[53.21178,52.03237],[53.21127,52.02411],[53.2157,52.02255],[53.21884,52.02349],[53.2273,52.00243],[53.24741,51.98827],[53.25075,51.91733],[53.31638,51.92341],[53.32262,51.92062],[53.3323,51.92612],[53.3429,51.91975],[53.36721,51.9183],[53.36746,51.88195],[53.33591,51.88138],[53.3273,51.855],[53.29162,51.85525],[53.29145,51.86233],[53.28818,51.86094],[53.26947,51.8603],[53.23729,51.86206],[53.23365,51.86499],[53.22494,51.86249],[53.20359,51.86032],[53.15154,51.84483],[53.14694,51.8267],[53.14354,51.82437],[53.14337,51.82191],[53.14523,51.81933],[53.14496,51.81736],[53.14292,51.81604],[53.14534,51.81374],[53.15702,51.81588],[53.16215,51.81416],[53.18656,51.78568],[53.22763,51.80264],[53.2449,51.78628],[53.25137,51.76992],[53.24523,51.76867],[53.23441,51.76903],[53.2433,51.75805],[53.24353,51.75105],[53.23703,51.75101],[53.2181,51.73996],[53.22947,51.73293],[53.23397,51.73099],[53.23486,51.72906],[53.23818,51.72897],[53.24016,51.72733],[53.25309,51.72808],[53.25685,51.72115],[53.25782,51.70919],[53.25886,51.70037],[53.22779,51.70044],[53.22843,51.6703],[53.17103,51.66939],[53.17069,51.65278],[53.10683,51.65265],[53.10497,51.66249],[53.08649,51.66043],[53.06613,51.65644],[53.05545,51.65689],[53.05069,51.66001],[53.04751,51.66041],[53.04191,51.65923],[53.04258,51.65717],[53.04266,51.65544],[53.0466,51.65571],[53.04737,51.655],[53.04738,51.65254],[53.04578,51.65176],[53.04407,51.65057],[53.0433,51.64941],[53.0435,51.64826],[53.04545,51.64627],[53.0449,51.64504],[53.05231,51.64269],[53.05303,51.63686],[53.05297,51.62431],[53.0388,51.60562],[53.03825,51.59053],[53.04314,51.58637],[53.04385,51.58483],[53.04138,51.58241],[53.03655,51.57449],[53.05957,51.57141],[53.06643,51.57373],[53.06858,51.57192],[53.06753,51.56769],[53.06913,51.56749],[53.07127,51.56124],[53.06512,51.55657],[53.05622,51.55473],[53.05363,51.55283],[53.05149,51.54748],[53.05841,51.5462],[53.06067,51.54726],[53.06594,51.54634],[53.06715,51.54508],[53.06654,51.54381],[53.06808,51.54262],[53.07061,51.54202],[53.07479,51.54454],[53.0861,51.54523],[53.09368,51.54229],[53.0972,51.53901],[53.09643,51.53689],[53.09313,51.53306],[53.08808,51.52595],[53.08962,51.5226],[53.09544,51.51761],[53.09555,51.51392],[53.09198,51.51057],[53.09126,51.50816],[53.09314,51.503],[53.08025,51.50258],[53.07733,51.50397],[53.07424,51.50471],[53.07047,51.50471],[53.06789,51.50386],[53.06549,51.50258],[53.06377,51.50076],[53.06291,51.49926],[53.06223,51.49616],[53.06171,51.49328],[53.06085,51.492],[53.05931,51.49093],[53.05639,51.48965],[53.05347,51.48932],[53.0509,51.48932],[53.04798,51.48975],[53.04472,51.49018],[53.04231,51.48986],[53.03974,51.48911],[53.03836,51.48804],[53.03768,51.48622],[53.0363,51.48387],[53.03442,51.48238],[53.03236,51.48163],[53.02978,51.48088],[53.02669,51.48056],[53.02171,51.48045],[53.01571,51.48045],[53.01193,51.47981],[53.00987,51.47885],[53.00815,51.47757],[53.00661,51.47543],[53.00558,51.47414],[53.00455,51.47297],[53.00283,51.47222],[53.00043,51.47211],[52.99699,51.47318],[52.99459,51.47479],[52.99253,51.47692],[52.98996,51.47874],[52.98704,51.48002],[52.98189,51.48088],[52.97914,51.48163],[52.97554,51.48323],[52.9733,51.48484],[52.97125,51.48548],[52.96953,51.48516],[52.96764,51.48441],[52.96678,51.48334],[52.96644,51.48152],[52.96695,51.47949],[52.9685,51.47746],[52.97056,51.47596],[52.97262,51.47511],[52.97536,51.47457],[52.97777,51.47382],[52.97863,51.47297],[52.97897,51.47158],[52.97794,51.4704],[52.97451,51.46933],[52.97125,51.4689],[52.96592,51.46965],[52.96095,51.47094],[52.95648,51.47318],[52.95391,51.47521],[52.95202,51.47671],[52.94893,51.47724],[52.94618,51.47714],[52.94412,51.47628],[52.94258,51.47521],[52.94155,51.47393],[52.94155,51.47233],[52.94206,51.47062],[52.94412,51.46901],[52.94635,51.46794],[52.95459,51.46591],[52.95751,51.46463],[52.95889,51.46334],[52.9594,51.46174],[52.95854,51.45981],[52.95717,51.4581],[52.95494,51.45639],[52.95253,51.45554],[52.95013,51.45511],[52.94721,51.45554],[52.94481,51.4565],[52.94326,51.45768],[52.94258,51.46046],[52.94206,51.46495],[52.94103,51.46655],[52.93829,51.4689],[52.93623,51.47115],[52.93588,51.47329],[52.9364,51.47575],[52.93777,51.47778],[52.9376,51.47981],[52.93657,51.4812],[52.93382,51.48238],[52.93108,51.4828],[52.92816,51.4827],[52.92558,51.48206],[52.92301,51.48131],[52.92043,51.4812],[52.9182,51.48163],[52.91649,51.48291],[52.91631,51.48462],[52.91666,51.48687],[52.91786,51.48847],[52.91992,51.48965],[52.92301,51.49136],[52.92575,51.49264],[52.92747,51.49392],[52.92781,51.49552],[52.92678,51.49691],[52.92472,51.49798],[52.92129,51.4982],[52.91786,51.49798],[52.91442,51.49734],[52.91116,51.49627],[52.90945,51.49478],[52.90859,51.49296],[52.90859,51.49018],[52.90842,51.48793],[52.9079,51.48494],[52.90722,51.48345],[52.90653,51.48099],[52.9055,51.47906],[52.9043,51.47746],[52.90258,51.4766],[52.90001,51.47628],[52.8976,51.47671],[52.8952,51.47778],[52.8928,51.4797],[52.89056,51.48195],[52.88953,51.48419],[52.88971,51.48676],[52.89005,51.4889],[52.88885,51.49082],[52.88306,51.49028],[52.88012,51.48775],[52.88023,51.48436],[52.882,51.48012],[52.88065,51.47673],[52.87717,51.47495],[52.87173,51.47466],[52.86846,51.47583],[52.86463,51.47948],[52.86448,51.48166],[52.87014,51.4878],[52.87685,51.49026],[52.88216,51.49184],[52.88708,51.49356],[52.88808,51.49447],[52.89034,51.49494],[52.89228,51.49456],[52.89365,51.49424],[52.8952,51.49424],[52.89709,51.49467],[52.89863,51.49574],[52.90001,51.49734],[52.90035,51.49905],[52.90001,51.50119],[52.89863,51.50343],[52.89606,51.50535],[52.8928,51.50653],[52.89022,51.50685],[52.88816,51.50674],[52.88576,51.50589],[52.88129,51.50407],[52.87735,51.50247],[52.8734,51.50012],[52.86928,51.49723],[52.86602,51.49488],[52.86396,51.49317],[52.86035,51.49146],[52.85743,51.49103],[52.85363,51.49129],[52.85101,51.49239],[52.84902,51.49424],[52.84645,51.49713],[52.84542,51.49905],[52.84507,51.50119],[52.84507,51.50365],[52.84422,51.50482],[52.84284,51.50568],[52.84095,51.50621],[52.83838,51.506],[52.83598,51.50503],[52.83477,51.50397],[52.83374,51.50204],[52.83306,51.50012],[52.83357,51.49894],[52.83477,51.49723],[52.83649,51.49552],[52.83872,51.4936],[52.84044,51.492],[52.8413,51.49082],[52.8413,51.48975],[52.84078,51.48836],[52.83907,51.48708],[52.83756,51.48633],[52.83554,51.48616],[52.8333,51.48643],[52.83151,51.48697],[52.82825,51.48836],[52.82653,51.48965],[52.8255,51.49125],[52.8255,51.49488],[52.82585,51.49926],[52.82499,51.50076],[52.82362,51.50172],[52.82243,51.50199],[52.82129,51.50195],[52.81923,51.5015],[52.81738,51.50071],[52.81589,51.49991],[52.81486,51.49884],[52.81417,51.49723],[52.8138,51.49576],[52.81399,51.49377],[52.81356,51.4924],[52.81267,51.49165],[52.81116,51.49113],[52.81012,51.49108],[52.80923,51.49124],[52.80821,51.49167],[52.80765,51.49222],[52.80731,51.49356],[52.80787,51.49502],[52.80902,51.49638],[52.8104,51.49862],[52.81057,51.50108],[52.8092,51.50343],[52.80544,51.50544],[52.80385,51.50582],[52.80194,51.50586],[52.79925,51.50521],[52.79762,51.50411],[52.79684,51.50247],[52.79667,51.50119],[52.79581,51.4998],[52.79409,51.49894],[52.79186,51.49852],[52.78963,51.49884],[52.78791,51.49991],[52.78654,51.50151],[52.78637,51.50343],[52.78688,51.50525],[52.78791,51.50674],[52.79014,51.50835],[52.79289,51.50963],[52.79478,51.51048],[52.79529,51.51166],[52.79478,51.51273],[52.79289,51.51347],[52.79031,51.51369],[52.78808,51.51358],[52.78568,51.51315],[52.7831,51.51198],[52.78156,51.51059],[52.78087,51.50888],[52.78087,51.50696],[52.78122,51.50546],[52.78207,51.50418],[52.78259,51.50268],[52.78225,51.50161],[52.78104,51.50087],[52.77933,51.50055],[52.77641,51.50097],[52.77349,51.50215],[52.77177,51.50397],[52.77143,51.50589],[52.77246,51.50941],[52.77315,51.51166],[52.77332,51.51444],[52.77418,51.51604],[52.77538,51.51807],[52.77504,51.5201],[52.77349,51.52138],[52.77126,51.52202],[52.7692,51.52191],[52.76714,51.52127],[52.76577,51.51999],[52.76491,51.51839],[52.76439,51.51636],[52.76439,51.51486],[52.76388,51.51347],[52.76216,51.5123],[52.75993,51.51112],[52.75821,51.51006],[52.75718,51.50888],[52.75718,51.5076],[52.75753,51.506],[52.75701,51.50418],[52.75701,51.50268],[52.75787,51.5014],[52.75924,51.4998],[52.75941,51.49852],[52.75907,51.49723],[52.75804,51.49627],[52.75615,51.49563],[52.75324,51.4951],[52.75032,51.4951],[52.74688,51.49595],[52.745,51.49723],[52.74362,51.49948],[52.74311,51.50194],[52.74173,51.50386],[52.73985,51.50471],[52.73779,51.50482],[52.73607,51.50418],[52.7347,51.50322],[52.73435,51.50194],[52.73487,51.49991],[52.73538,51.49841],[52.73503,51.49718],[52.73664,51.49669],[52.7381,51.49601],[52.74,51.49513],[52.74187,51.49477],[52.74381,51.4946],[52.74567,51.49451],[52.74828,51.49471],[52.7511,51.49312],[52.75231,51.49121],[52.7511,51.48869],[52.74713,51.48627],[52.73723,51.48384],[52.73159,51.48489],[52.7283,51.48482],[52.72531,51.48583],[52.7243,51.48775],[52.7251,51.49013],[52.72845,51.4924],[52.73459,51.49429],[52.73478,51.49546],[52.73178,51.49659],[52.7304,51.49654],[52.72844,51.49707],[52.7256,51.4983],[52.72336,51.49836],[52.72147,51.49747],[52.72095,51.49605],[52.72168,51.49436],[52.72199,51.49307],[52.72165,51.49136],[52.72094,51.48891],[52.72028,51.4859],[52.71942,51.48462],[52.7177,51.48377],[52.71083,51.48227],[52.70637,51.48088],[52.70122,51.47906],[52.69813,51.47778],[52.69607,51.47735],[52.6935,51.47746],[52.68494,51.4793],[52.68132,51.47967],[52.67809,51.4793],[52.67521,51.4782],[52.67324,51.4766],[52.67187,51.47511],[52.67135,51.4735],[52.67152,51.47179],[52.67221,51.4704],[52.67376,51.46923],[52.67616,51.46816],[52.68114,51.4673],[52.68732,51.46623],[52.68917,51.46571],[52.68954,51.46532],[52.69058,51.46399],[52.69106,51.46308],[52.69133,51.46215],[52.6914,51.46111],[52.69127,51.46003],[52.69092,51.45874],[52.68955,51.45746],[52.68783,51.45671],[52.68509,51.45639],[52.68251,51.45639],[52.67994,51.45682],[52.67633,51.45842],[52.67341,51.46056],[52.67152,51.46334],[52.66895,51.46634],[52.66603,51.46869],[52.66363,51.47019],[52.66243,51.47147],[52.66225,51.47307],[52.6638,51.47735],[52.66552,51.48206],[52.66552,51.48462],[52.66449,51.48719],[52.66208,51.489],[52.65922,51.49007],[52.65523,51.49065],[52.65196,51.49036],[52.64947,51.48956],[52.64766,51.48847],[52.64681,51.48719],[52.6456,51.48494],[52.64354,51.48013],[52.64251,51.47767],[52.64183,51.47511],[52.64208,51.4739],[52.64246,51.47272],[52.64423,51.47029],[52.64526,51.46784],[52.64492,51.46591],[52.64337,51.46409],[52.64131,51.46302],[52.63874,51.46238],[52.63548,51.4626],[52.63307,51.46356],[52.6305,51.46516],[52.62878,51.46677],[52.62775,51.46901],[52.62638,51.47233],[52.62536,51.4737],[52.62432,51.47418],[52.62311,51.47444],[52.62075,51.47428],[52.61893,51.47359],[52.61737,51.47254],[52.61567,51.47071],[52.61408,51.46773],[52.61431,51.46587],[52.61545,51.4638],[52.61774,51.46245],[52.62071,51.46153],[52.62312,51.46067],[52.62449,51.45939],[52.62466,51.45789],[52.62397,51.45661],[52.6226,51.45554],[52.61985,51.45468],[52.61711,51.45479],[52.61436,51.45554],[52.61127,51.45618],[52.60835,51.4565],[52.60526,51.45639],[52.60286,51.45564],[52.60097,51.45489],[52.59874,51.45404],[52.59557,51.45331],[52.5917,51.45349],[52.58846,51.45444],[52.58572,51.45574],[52.5836,51.45731],[52.58307,51.45831],[52.58312,51.4593],[52.58333,51.46035],[52.58385,51.46116],[52.58552,51.4627],[52.58964,51.46559],[52.59393,51.4673],[52.59685,51.46901],[52.59788,51.47083],[52.59742,51.47293],[52.59676,51.47413],[52.59565,51.47505],[52.5923,51.47658],[52.58905,51.47758],[52.58649,51.47777],[52.58358,51.47757],[52.58129,51.47652],[52.57862,51.47427],[52.57632,51.47174],[52.57496,51.46939],[52.57398,51.46813],[52.57265,51.46709],[52.56861,51.46497],[52.56544,51.46356],[52.56441,51.46195],[52.56386,51.45995],[52.56451,51.45777],[52.5653,51.45614],[52.56529,51.4548],[52.56441,51.45372],[52.56255,51.45297],[52.56061,51.45303],[52.55228,51.45893],[52.54658,51.46022],[52.54235,51.46164],[52.53776,51.46499],[52.53577,51.46742],[52.53568,51.46989],[52.53897,51.47365],[52.54341,51.47563],[52.55076,51.47725],[52.55141,51.47783],[52.55258,51.47813],[52.55332,51.47791],[52.55403,51.47812],[52.55435,51.47909],[52.55565,51.47978],[52.55693,51.47981],[52.5573,51.48015],[52.55687,51.48057],[52.55591,51.48091],[52.55471,51.48105],[52.5521,51.48254],[52.55216,51.48299],[52.55282,51.4834],[52.554,51.48344],[52.55485,51.4842],[52.55446,51.4846],[52.55376,51.48458],[52.55313,51.48427],[52.55216,51.48431],[52.54915,51.48552],[52.54885,51.48588],[52.5492,51.48699],[52.5497,51.48722],[52.55113,51.48714],[52.55217,51.48661],[52.55368,51.48674],[52.55406,51.48725],[52.5537,51.48756],[52.55054,51.48802],[52.54856,51.48878],[52.54844,51.48929],[52.54918,51.48978],[52.55095,51.49002],[52.55152,51.49045],[52.55118,51.49076],[52.55024,51.4909],[52.54856,51.49056],[52.54672,51.49082],[52.54701,51.49206],[52.54777,51.49282],[52.54639,51.49283],[52.54423,51.4914],[52.54414,51.49074],[52.54308,51.49056],[52.54163,51.49091],[52.54098,51.49228],[52.54243,51.49345],[52.54205,51.49399],[52.54205,51.49483],[52.53867,51.49522],[52.53613,51.49411],[52.53445,51.49429],[52.5338,51.49446],[52.53385,51.49488],[52.53423,51.49511],[52.53409,51.49557],[52.5336,51.4958],[52.53445,51.49627],[52.53433,51.49665],[52.53375,51.4969],[52.53289,51.4968],[52.53011,51.49603],[52.5292,51.49559],[52.52722,51.49615],[52.5288,51.49718],[52.52815,51.49771],[52.52959,51.49787],[52.53175,51.49837],[52.53204,51.49905],[52.53106,51.49919],[52.53031,51.49936],[52.52868,51.49904],[52.52699,51.49941],[52.52302,51.49842],[52.52102,51.49827],[52.51888,51.49847],[52.51752,51.49918],[52.51763,51.49968],[52.51886,51.5002],[52.51966,51.50158],[52.51932,51.50214],[52.51818,51.50232],[52.51479,51.50193],[52.51138,51.50249],[52.51,51.50212],[52.50875,51.50259],[52.50975,51.50381],[52.50934,51.50494],[52.50769,51.50451],[52.50606,51.50494],[52.5049,51.50589],[52.5061,51.50745],[52.50911,51.50849],[52.50922,51.50942],[52.50651,51.5103],[52.50671,51.51147],[52.50815,51.51148],[52.50892,51.51213],[52.50839,51.51281],[52.50721,51.51314],[52.50499,51.51279],[52.50432,51.51303],[52.50437,51.51419],[52.50384,51.51541],[52.50347,51.51721],[52.50202,51.51814],[52.50244,51.51863],[52.5034,51.51865],[52.50443,51.52068],[52.50361,51.52127],[52.50393,51.52196],[52.50798,51.52151],[52.5088,51.52262],[52.50806,51.52387],[52.508,51.52604],[52.50941,51.52705],[52.50951,51.52778],[52.50832,51.52822],[52.50816,51.52911],[52.50886,51.52976],[52.50981,51.53038],[52.51102,51.53039],[52.51112,51.53071],[52.51054,51.53102],[52.50961,51.53234],[52.50838,51.53277],[52.50705,51.53301],[52.50709,51.53432],[52.50649,51.53521],[52.50521,51.53531],[52.50336,51.53502],[52.50235,51.53563],[52.50234,51.5367],[52.5038,51.5373],[52.50388,51.53802],[52.5027,51.53816],[52.50092,51.53904],[52.50154,51.53968],[52.50417,51.53977],[52.50557,51.53936],[52.5049,51.54038],[52.50613,51.54126],[52.50757,51.54092],[52.50888,51.54179],[52.50845,51.5422],[52.50602,51.54297],[52.50493,51.54254],[52.50457,51.54174],[52.50394,51.54162],[52.50212,51.5427],[52.50222,51.54355],[52.50373,51.54388],[52.50469,51.54507],[52.50226,51.54622],[52.50038,51.54617],[52.49852,51.54694],[52.49681,51.54712],[52.49618,51.54747],[52.49625,51.54803],[52.49699,51.54825],[52.49744,51.54927],[52.49655,51.54933],[52.4954,51.55142],[52.48529,51.57],[52.47385,51.58879],[52.46294,51.60605],[52.45035,51.62082],[52.45043,51.62325],[52.43942,51.62679],[52.43639,51.62776],[52.43638,51.62837],[52.4334,51.62873],[52.43141,51.62943],[52.4314,51.62981],[52.43094,51.63017],[52.43044,51.63009],[52.4297,51.6302],[52.42941,51.63058],[52.42974,51.63189],[52.4305,51.63299],[52.42871,51.63319],[52.4283,51.63341],[52.42753,51.63348],[52.42643,51.63342],[52.42654,51.63392],[52.42588,51.63453],[52.42473,51.63467],[52.42434,51.63529],[52.42344,51.63526],[52.42285,51.63537],[52.42202,51.63623],[52.42148,51.63656],[52.4206,51.6367],[52.42028,51.63697],[52.42187,51.63786],[52.4215,51.63821],[52.42159,51.6386],[52.42068,51.6388],[52.41921,51.63995],[52.41631,51.64006],[52.4156,51.6407],[52.41221,51.64532],[52.39843,51.66407],[52.38437,51.68319],[52.37989,51.70018],[52.37806,51.70885],[52.37623,51.71752],[52.38023,51.7179],[52.37461,51.73587],[52.37448,51.73626],[52.36753,51.75842],[52.3632,51.77225],[52.35867,51.7759],[52.34542,51.7863],[52.30257,51.82184],[52.30628,51.84961],[52.3159,51.8656],[52.31705,51.90739],[52.32132,51.91793],[52.32948,51.9433],[52.35246,51.97128],[52.3576,51.97778],[52.45348,51.95872],[52.54818,51.93948],[52.55459,51.95161],[52.55639,51.95423],[52.55973,51.96183],[52.56007,51.96531],[52.55921,51.96842],[52.56127,51.96858],[52.56309,51.96825],[52.56519,51.96833],[52.56709,51.96806],[52.56913,51.96724],[52.57152,51.96685],[52.57361,51.96718],[52.57438,51.9671],[52.57522,51.96645],[52.57815,51.9665],[52.57848,51.96567],[52.5817,51.9657],[52.58834,51.97772],[52.5914,51.98391],[52.59441,51.98986],[52.59606,51.98976],[52.59814,51.9894],[52.6018,51.98948],[52.60305,51.99004],[52.6053,51.99095],[52.60588,51.9917],[52.61413,51.99229],[52.61988,51.99376],[52.62733,52.00901],[52.62839,52.01116],[52.62869,52.01175],[52.62933,52.01334],[52.63274,52.01799],[52.63613,52.01782],[52.64684,52.01778],[52.66143,52.01779],[52.67517,52.0178],[52.68205,52.01781],[52.68835,52.0176],[52.69998,52.0174],[52.71551,52.01726],[52.74975,52.01706],[52.76588,52.00521],[52.76906,52.00611],[52.77005,52.00752],[52.77329,52.00856],[52.77436,52.00872],[52.77909,52.01015],[52.78022,52.01065],[52.78143,52.01069],[52.78352,52.0111],[52.78465,52.01083],[52.786,52.01108],[52.78786,52.01107],[52.7909,52.01071],[52.79174,52.01118],[52.79175,52.01196],[52.79321,52.0125],[52.79472,52.01294],[52.7949,52.01344],[52.79624,52.01399],[52.79745,52.01409],[52.79874,52.01444],[52.79943,52.01468],[52.80243,52.01655],[52.80391,52.01713],[52.80522,52.01736],[52.80835,52.01766],[52.81093,52.01808],[52.81112,52.02141],[52.81158,52.02471],[52.81264,52.03407],[52.81248,52.03723],[52.80364,52.03645],[52.79544,52.03575],[52.79196,52.03611],[52.79207,52.0367],[52.79203,52.03716],[52.77759,52.03993],[52.77775,52.07006],[52.77816,52.08071],[52.77841,52.08183],[52.77934,52.08327],[52.78005,52.0835],[52.78066,52.08377],[52.78173,52.08378],[52.78237,52.08402],[52.78253,52.08437],[52.78259,52.08468],[52.78205,52.08647],[52.78413,52.08728],[52.7839,52.08851],[52.78495,52.08966],[52.78486,52.0903],[52.78546,52.0905],[52.78597,52.09092],[52.78735,52.09079],[52.79025,52.09148],[52.79085,52.09275],[52.79145,52.09302],[52.79312,52.09307],[52.7942,52.09345],[52.79486,52.09338],[52.79544,52.09366],[52.79545,52.09418],[52.7961,52.09437],[52.79709,52.09536],[52.79872,52.09589],[52.79983,52.09696],[52.80053,52.09745],[52.80147,52.09903],[52.80177,52.09957],[52.80191,52.1],[52.80258,52.10077],[52.80436,52.1012],[52.80588,52.10178],[52.80679,52.10301],[52.80682,52.10347],[52.8076,52.1038],[52.80781,52.10449],[52.80557,52.10551],[52.80355,52.10634],[52.80212,52.10696],[52.80075,52.10769],[52.79988,52.10817],[52.79841,52.10877],[52.79814,52.10923],[52.79914,52.11218],[52.7976,52.11273],[52.79784,52.11689],[52.79781,52.12142],[52.79754,52.12497],[52.79742,52.12774],[52.79447,52.12774],[52.79441,52.12948],[52.79704,52.12959],[52.79685,52.13271],[52.79608,52.14039],[52.80858,52.1397],[52.81077,52.1391],[52.81219,52.13965],[52.81787,52.13946],[52.82516,52.13908],[52.82599,52.14187],[52.82619,52.14278],[52.82862,52.1447],[52.82834,52.14609],[52.82848,52.14702],[52.82898,52.14878],[52.82926,52.15031],[52.83131,52.1522],[52.83068,52.15336],[52.83072,52.15397],[52.83084,52.15541],[52.82944,52.15709],[52.82945,52.15773],[52.82995,52.15816],[52.83458,52.15868],[52.83854,52.1591],[52.85294,52.16383],[52.85601,52.1586],[52.86392,52.15827],[52.86675,52.15667],[52.88351,52.15668],[52.89696,52.15385],[52.89907,52.14925],[52.90022,52.14119],[52.90389,52.13849],[52.9696,52.13834],[52.96845,52.11975],[52.9805,52.11935],[52.98011,52.10568],[52.98379,52.10612],[52.9881,52.10825],[52.99174,52.10953],[53.016,52.09991],[53.01534,52.09714],[53.02944,52.08952],[53.02916,52.08798],[53.03523,52.0839],[53.04093,52.08314],[53.04592,52.07902],[53.0555,52.07696],[53.07035,52.08106],[53.07895,52.0867],[53.11831,52.08641],[53.14597,52.08467]]]}},{"type":"Feature","properties":{"oktmo":"53652000","name":"Тоцкий муниципальный район","type":"муниципальный район","center":"с Тоцкое"},"geometry":{"type":"Polygon","coordinates":[[[52.85294,52.16383],[52.83854,52.1591],[52.83458,52.15868],[52.82995,52.15816],[52.82945,52.15773],[52.82944,52.15709],[52.83084,52.15541],[52.83072,52.15397],[52.83068,52.15336],[52.83131,52.1522],[52.82926,52.15031],[52.82898,52.14878],[52.82848,52.14702],[52.82834,52.14609],[52.82862,52.1447],[52.82619,52.14278],[52.82599,52.14187],[52.82516,52.13908],[52.81787,52.13946],[52.81219,52.13965],[52.81077,52.1391],[52.80858,52.1397],[52.79608,52.14039],[52.79685,52.13271],[52.79704,52.12959],[52.79441,52.12948],[52.79447,52.12774],[52.79742,52.12774],[52.79754,52.12497],[52.79781,52.12142],[52.79784,52.11689],[52.7976,52.11273],[52.79914,52.11218],[52.79814,52.10923],[52.79841,52.10877],[52.79988,52.10817],[52.80075,52.10769],[52.80212,52.10696],[52.80355,52.10634],[52.80557,52.10551],[52.80781,52.10449],[52.8076,52.1038],[52.80682,52.10347],[52.80679,52.10301],[52.80588,52.10178],[52.80436,52.1012],[52.80258,52.10077],[52.80191,52.1],[52.80177,52.09957],[52.80147,52.09903],[52.80053,52.09745],[52.79983,52.09696],[52.79872,52.09589],[52.79709,52.09536],[52.7961,52.09437],[52.79545,52.09418],[52.79544,52.09366],[52.79486,52.09338],[52.7942,52.09345],[52.79312,52.09307],[52.79145,52.09302],[52.79085,52.09275],[52.79025,52.09148],[52.78735,52.09079],[52.78597,52.09092],[52.78546,52.0905],[52.78486,52.0903],[52.78495,52.08966],[52.7839,52.08851],[52.78413,52.08728],[52.78205,52.08647],[52.78259,52.08468],[52.78253,52.08437],[52.78237,52.08402],[52.78173,52.08378],[52.78066,52.08377],[52.78005,52.0835],[52.77934,52.08327],[52.77841,52.08183],[52.77816,52.08071],[52.77775,52.07006],[52.77759,52.03993],[52.79203,52.03716],[52.79207,52.0367],[52.79196,52.03611],[52.79544,52.03575],[52.80364,52.03645],[52.81248,52.03723],[52.81264,52.03407],[52.81158,52.02471],[52.81112,52.02141],[52.81093,52.01808],[52.80835,52.01766],[52.80522,52.01736],[52.80391,52.01713],[52.80243,52.01655],[52.79943,52.01468],[52.79874,52.01444],[52.79745,52.01409],[52.79624,52.01399],[52.7949,52.01344],[52.79472,52.01294],[52.79321,52.0125],[52.79175,52.01196],[52.79174,52.01118],[52.7909,52.01071],[52.78786,52.01107],[52.786,52.01108],[52.78465,52.01083],[52.78352,52.0111],[52.78143,52.01069],[52.78022,52.01065],[52.77909,52.01015],[52.77436,52.00872],[52.77329,52.00856],[52.77005,52.00752],[52.76906,52.00611],[52.76588,52.00521],[52.74975,52.01706],[52.71551,52.01726],[52.69998,52.0174],[52.68835,52.0176],[52.68205,52.01781],[52.67517,52.0178],[52.66143,52.01779],[52.64684,52.01778],[52.63613,52.01782],[52.63274,52.01799],[52.62933,52.01334],[52.62869,52.01175],[52.62839,52.01116],[52.62733,52.00901],[52.61988,51.99376],[52.61413,51.99229],[52.60588,51.9917],[52.6053,51.99095],[52.60305,51.99004],[52.6018,51.98948],[52.59814,51.9894],[52.59606,51.98976],[52.59441,51.98986],[52.5914,51.98391],[52.58834,51.97772],[52.5817,51.9657],[52.57848,51.96567],[52.57815,51.9665],[52.57522,51.96645],[52.57438,51.9671],[52.57361,51.96718],[52.57152,51.96685],[52.56913,51.96724],[52.56709,51.96806],[52.56519,51.96833],[52.56309,51.96825],[52.56127,51.96858],[52.55921,51.96842],[52.56007,51.96531],[52.55973,51.96183],[52.55639,51.95423],[52.55459,51.95161],[52.54818,51.93948],[52.45348,51.95872],[52.3576,51.97778],[52.37431,51.99701],[52.37745,52.002],[52.38262,52.00645],[52.38926,52.01369],[52.39449,52.02139],[52.39893,52.02992],[52.36562,52.02678],[52.33571,52.05025],[52.31503,52.06631],[52.31302,52.06754],[52.30684,52.07249],[52.27632,52.07081],[52.2693,52.07123],[52.26356,52.07133],[52.25138,52.06989],[52.23957,52.06851],[52.23361,52.06798],[52.2317,52.0681],[52.22907,52.06776],[52.22709,52.06778],[52.22554,52.0675],[52.21333,52.06647],[52.20224,52.06575],[52.18587,52.06455],[52.16887,52.06331],[52.15188,52.06209],[52.15195,52.06056],[52.13798,52.05944],[52.13208,52.05934],[52.12521,52.05964],[52.10173,52.06366],[52.09959,52.06396],[52.07313,52.06956],[52.0683,52.07117],[52.06043,52.07294],[52.05917,52.07277],[52.05788,52.073],[52.0561,52.07313],[52.05439,52.07305],[52.04479,52.0715],[52.04336,52.11344],[52.03835,52.12125],[52.04849,52.1281],[52.06842,52.12809],[52.07381,52.12809],[52.08968,52.13131],[52.10023,52.12811],[52.15716,52.12818],[52.19048,52.12818],[52.20297,52.12833],[52.20129,52.12953],[52.20132,52.13025],[52.20223,52.13037],[52.20258,52.13118],[52.2036,52.13111],[52.20384,52.13165],[52.20319,52.13196],[52.20326,52.13235],[52.20422,52.13276],[52.20475,52.13313],[52.20607,52.13285],[52.20686,52.1347],[52.20763,52.13477],[52.20972,52.13758],[52.2134,52.14157],[52.20799,52.14632],[52.21235,52.15274],[52.206,52.15553],[52.20599,52.1592],[52.20534,52.16116],[52.20606,52.16157],[52.2064,52.16191],[52.20648,52.16255],[52.20571,52.16307],[52.20575,52.16369],[52.20805,52.16853],[52.21004,52.16993],[52.21057,52.17095],[52.20837,52.17192],[52.20975,52.17525],[52.20537,52.17983],[52.20408,52.17993],[52.2038,52.1803],[52.20464,52.1807],[52.20557,52.18102],[52.20597,52.18131],[52.20656,52.18266],[52.20742,52.18283],[52.20738,52.18394],[52.20692,52.18424],[52.20619,52.18419],[52.20539,52.18377],[52.2053,52.18254],[52.20457,52.18246],[52.20296,52.1826],[52.20175,52.18324],[52.20125,52.18377],[52.20118,52.18413],[52.20122,52.18501],[52.20171,52.18549],[52.20298,52.18574],[52.20464,52.18578],[52.20643,52.18569],[52.20787,52.18545],[52.20935,52.18492],[52.21107,52.18489],[52.21187,52.18466],[52.2124,52.18427],[52.21352,52.18311],[52.21434,52.18313],[52.21548,52.18399],[52.2166,52.18437],[52.21734,52.18404],[52.21822,52.18336],[52.21948,52.18262],[52.21971,52.18364],[52.22233,52.21206],[52.22308,52.23626],[52.22399,52.23676],[52.22399,52.2397],[52.22538,52.23918],[52.22644,52.23905],[52.22678,52.2386],[52.22731,52.23783],[52.22766,52.23742],[52.22816,52.23723],[52.229,52.23725],[52.2311,52.2381],[52.23201,52.23812],[52.23263,52.2377],[52.233,52.23713],[52.23366,52.23706],[52.23463,52.23772],[52.23561,52.23773],[52.2367,52.2373],[52.2382,52.23734],[52.23873,52.23698],[52.23996,52.23664],[52.24154,52.23586],[52.24366,52.23495],[52.24475,52.23473],[52.24564,52.23501],[52.24816,52.23537],[52.24907,52.23586],[52.24774,52.23586],[52.2467,52.23536],[52.24554,52.23565],[52.24571,52.23655],[52.24744,52.23764],[52.24869,52.23815],[52.24937,52.23897],[52.24988,52.23906],[52.25181,52.23906],[52.25343,52.23879],[52.25453,52.23944],[52.255,52.24038],[52.25574,52.24208],[52.2556,52.24258],[52.25563,52.24327],[52.25573,52.24421],[52.25641,52.2448],[52.25654,52.24545],[52.25666,52.24594],[52.2572,52.24641],[52.25784,52.24694],[52.25844,52.24712],[52.25846,52.24827],[52.25894,52.24859],[52.25906,52.24896],[52.25944,52.24936],[52.25945,52.25012],[52.25994,52.2506],[52.26041,52.25138],[52.26089,52.2518],[52.26132,52.25233],[52.26095,52.25293],[52.26126,52.25339],[52.26168,52.25562],[52.26354,52.25737],[52.26359,52.25804],[52.26394,52.25902],[52.26446,52.25987],[52.2703,52.25917],[52.27073,52.25959],[52.27106,52.26117],[52.27105,52.26702],[52.27094,52.27321],[52.27071,52.27929],[52.27078,52.28047],[52.27088,52.28114],[52.27144,52.28261],[52.2709,52.2829],[52.27091,52.28351],[52.27097,52.28552],[52.25963,52.28526],[52.25653,52.28547],[52.25662,52.28722],[52.25683,52.28937],[52.25689,52.29039],[52.25775,52.29434],[52.22383,52.29514],[52.2239,52.30399],[52.21303,52.30391],[52.21708,52.30848],[52.21781,52.30967],[52.21794,52.31228],[52.21857,52.31462],[52.21927,52.31614],[52.22013,52.31764],[52.22012,52.32271],[52.21932,52.32454],[52.21929,52.32561],[52.21735,52.32531],[52.20317,52.32146],[52.19317,52.31971],[52.17855,52.31657],[52.1762,52.31693],[52.17461,52.31692],[52.15567,52.31711],[52.12287,52.31758],[52.12251,52.31103],[52.11939,52.31082],[52.11379,52.31081],[52.11352,52.318],[52.10668,52.31809],[52.10664,52.3386],[52.10677,52.35072],[52.11631,52.35892],[52.12158,52.35919],[52.12169,52.36593],[52.12407,52.36915],[52.15385,52.36919],[52.15397,52.37636],[52.15424,52.38926],[52.15451,52.40058],[52.20026,52.39945],[52.1995,52.40267],[52.21526,52.39644],[52.21817,52.39478],[52.22693,52.39327],[52.23458,52.3926],[52.23825,52.39252],[52.23991,52.39617],[52.24079,52.39938],[52.24622,52.39937],[52.24531,52.39793],[52.25067,52.39406],[52.25366,52.39129],[52.25207,52.38794],[52.25335,52.38802],[52.25714,52.38933],[52.26082,52.39046],[52.26536,52.39277],[52.26988,52.39303],[52.27118,52.39352],[52.2704,52.39658],[52.27495,52.41289],[52.26524,52.41271],[52.25492,52.41174],[52.25164,52.41483],[52.24961,52.41593],[52.2494,52.41695],[52.24454,52.42205],[52.24059,52.42466],[52.23902,52.42537],[52.23809,52.42645],[52.23523,52.42853],[52.23421,52.42869],[52.23304,52.42914],[52.2304,52.43035],[52.23012,52.43118],[52.22795,52.4317],[52.22697,52.4323],[52.22631,52.43359],[52.22432,52.43482],[52.22654,52.44611],[52.22993,52.45924],[52.23447,52.47189],[52.27778,52.46676],[52.32138,52.46155],[52.32518,52.47396],[52.32723,52.48016],[52.32919,52.48635],[52.33541,52.50632],[52.33831,52.51485],[52.33901,52.51672],[52.33957,52.51683],[52.33978,52.51739],[52.34039,52.51937],[52.34108,52.52136],[52.34168,52.52307],[52.34092,52.5233],[52.33992,52.52317],[52.34104,52.5246],[52.34222,52.52605],[52.34263,52.52668],[52.34379,52.52777],[52.34598,52.52981],[52.34795,52.53138],[52.34888,52.53219],[52.3488,52.53359],[52.34856,52.53494],[52.34889,52.53545],[52.34924,52.53574],[52.35,52.53624],[52.35237,52.53766],[52.3536,52.5384],[52.35419,52.53917],[52.35447,52.53959],[52.35477,52.54001],[52.3573,52.54139],[52.359,52.54228],[52.35906,52.54305],[52.3605,52.54378],[52.36213,52.54381],[52.36266,52.54416],[52.36327,52.54407],[52.36374,52.54392],[52.36476,52.54394],[52.36668,52.54391],[52.36757,52.54391],[52.36844,52.54456],[52.36879,52.54502],[52.36934,52.54524],[52.37065,52.54531],[52.37205,52.54615],[52.37234,52.54642],[52.37295,52.54755],[52.37334,52.54794],[52.37433,52.54784],[52.37485,52.54807],[52.37545,52.54827],[52.37574,52.54867],[52.37628,52.54888],[52.37681,52.54913],[52.37735,52.54943],[52.3776,52.54974],[52.37767,52.55012],[52.37891,52.55157],[52.37942,52.552],[52.3802,52.55238],[52.38025,52.55339],[52.38115,52.55365],[52.38252,52.55375],[52.38336,52.55421],[52.38586,52.55397],[52.38565,52.55453],[52.38118,52.55509],[52.38121,52.55718],[52.38245,52.55877],[52.38242,52.56033],[52.38287,52.56193],[52.38351,52.5634],[52.38383,52.56413],[52.38411,52.56494],[52.38496,52.56647],[52.38701,52.57268],[52.39293,52.59163],[52.3953,52.59861],[52.39815,52.60735],[52.3994,52.61174],[52.40079,52.6161],[52.40428,52.62695],[52.40571,52.63137],[52.40716,52.63612],[52.40763,52.63743],[52.40821,52.63832],[52.41126,52.64781],[52.41427,52.65945],[52.41557,52.66148],[52.41557,52.66318],[52.41567,52.66413],[52.41813,52.66437],[52.41855,52.6669],[52.42147,52.66735],[52.42246,52.6685],[52.42216,52.6696],[52.42005,52.67048],[52.41928,52.66966],[52.4192,52.66931],[52.41847,52.66886],[52.41776,52.66838],[52.41708,52.66843],[52.41512,52.66864],[52.4132,52.66883],[52.41159,52.66949],[52.41096,52.66988],[52.41138,52.6709],[52.41301,52.67203],[52.414,52.67203],[52.41495,52.67202],[52.41682,52.67145],[52.4168,52.67231],[52.4165,52.67284],[52.41597,52.67349],[52.41565,52.67386],[52.41575,52.67436],[52.41649,52.67536],[52.4183,52.67487],[52.41874,52.67463],[52.42002,52.6738],[52.42125,52.67287],[52.42523,52.67196],[52.4289,52.67113],[52.43224,52.67031],[52.43264,52.67224],[52.43293,52.67287],[52.43318,52.67322],[52.43372,52.6737],[52.43431,52.6741],[52.4354,52.67387],[52.43791,52.67386],[52.4393,52.6741],[52.44111,52.6749],[52.44225,52.6757],[52.44271,52.67594],[52.44361,52.676],[52.44483,52.67588],[52.4469,52.67538],[52.44786,52.67537],[52.44867,52.67564],[52.44881,52.67512],[52.44926,52.67392],[52.45056,52.67172],[52.45166,52.67057],[52.45257,52.66991],[52.45382,52.66927],[52.45836,52.66791],[52.46139,52.66965],[52.46146,52.67237],[52.46221,52.67433],[52.46522,52.67418],[52.4676,52.67396],[52.46805,52.67353],[52.46806,52.67268],[52.46711,52.67241],[52.46634,52.67237],[52.4656,52.67209],[52.46504,52.67175],[52.46469,52.67142],[52.46471,52.67074],[52.46533,52.67022],[52.46617,52.66973],[52.46674,52.66973],[52.46806,52.66972],[52.46884,52.66956],[52.46955,52.66929],[52.47084,52.66879],[52.47216,52.66824],[52.47321,52.6676],[52.47521,52.66709],[52.47613,52.66692],[52.47738,52.66682],[52.47787,52.66669],[52.47832,52.66649],[52.47892,52.6662],[52.4795,52.66575],[52.48023,52.66519],[52.48045,52.66487],[52.48064,52.66444],[52.48084,52.66403],[52.4808,52.66294],[52.48066,52.66206],[52.48006,52.66109],[52.47936,52.66028],[52.47831,52.65918],[52.47753,52.65855],[52.47693,52.65792],[52.47656,52.65612],[52.47715,52.65489],[52.47779,52.65449],[52.47874,52.65405],[52.47965,52.65366],[52.48107,52.65301],[52.48472,52.65284],[52.48695,52.65356],[52.49064,52.65358],[52.49668,52.65602],[52.49755,52.65593],[52.49947,52.65563],[52.50031,52.6546],[52.50111,52.65344],[52.50392,52.65367],[52.50665,52.65265],[52.50875,52.65319],[52.50828,52.65454],[52.50986,52.6553],[52.50967,52.65426],[52.51129,52.65393],[52.51214,52.65341],[52.51336,52.65229],[52.51543,52.65057],[52.51576,52.6498],[52.51606,52.64949],[52.51607,52.64902],[52.51687,52.64847],[52.5164,52.64709],[52.51615,52.64546],[52.51602,52.64468],[52.51566,52.64315],[52.51551,52.64201],[52.51525,52.63973],[52.51314,52.63773],[52.51263,52.63248],[52.51241,52.63074],[52.51246,52.62899],[52.51286,52.62517],[52.51421,52.62578],[52.51392,52.62509],[52.51454,52.62402],[52.51543,52.62299],[52.51695,52.62172],[52.51861,52.62045],[52.52246,52.61759],[52.52282,52.61722],[52.52509,52.61738],[52.52769,52.61755],[52.53154,52.61762],[52.53511,52.61663],[52.53873,52.61548],[52.54098,52.61546],[52.54338,52.61662],[52.54486,52.61731],[52.54776,52.61738],[52.54937,52.61822],[52.55061,52.61882],[52.55282,52.61958],[52.55534,52.61945],[52.55972,52.61904],[52.56181,52.61865],[52.567,52.6185],[52.5718,52.61837],[52.57741,52.61875],[52.57959,52.61893],[52.58143,52.61948],[52.58231,52.61985],[52.58263,52.62049],[52.58374,52.62118],[52.58424,52.62236],[52.58516,52.62289],[52.58601,52.62385],[52.58772,52.62479],[52.5886,52.62523],[52.58946,52.62549],[52.58982,52.62519],[52.59018,52.62484],[52.59047,52.62442],[52.59183,52.6247],[52.59287,52.62463],[52.59396,52.62491],[52.59466,52.62474],[52.59515,52.62497],[52.59556,52.62524],[52.59525,52.62575],[52.59477,52.6264],[52.59505,52.62683],[52.59561,52.62732],[52.59551,52.62768],[52.595,52.62798],[52.59442,52.6283],[52.59556,52.62901],[52.59587,52.63],[52.59677,52.63067],[52.5961,52.63124],[52.59467,52.63127],[52.59429,52.63163],[52.59444,52.63218],[52.59499,52.63256],[52.59552,52.63274],[52.59589,52.63326],[52.59594,52.63406],[52.59606,52.63436],[52.59725,52.63507],[52.5977,52.6356],[52.59683,52.63589],[52.59599,52.63627],[52.59594,52.63667],[52.59635,52.63785],[52.59638,52.63886],[52.59509,52.63923],[52.58596,52.64134],[52.59268,52.65255],[52.59611,52.65786],[52.59939,52.66402],[52.59383,52.66592],[52.58826,52.66804],[52.58891,52.66954],[52.59213,52.67061],[52.59673,52.66867],[52.60087,52.66674],[52.60512,52.67156],[52.60645,52.67351],[52.61444,52.67149],[52.62387,52.66749],[52.62617,52.66748],[52.6263,52.66841],[52.62791,52.66807],[52.62816,52.6686],[52.62959,52.66891],[52.6296,52.66977],[52.62948,52.67066],[52.63022,52.67128],[52.63147,52.67154],[52.641,52.67271],[52.64362,52.67312],[52.64575,52.67358],[52.64771,52.67404],[52.64955,52.67454],[52.65408,52.67608],[52.65544,52.67644],[52.65776,52.67674],[52.66235,52.67724],[52.66492,52.67738],[52.66634,52.67729],[52.66857,52.67673],[52.67103,52.67621],[52.67257,52.67662],[52.67516,52.67611],[52.67846,52.67573],[52.69126,52.67188],[52.68772,52.66739],[52.68666,52.66742],[52.68609,52.66743],[52.68564,52.66724],[52.68567,52.66632],[52.68555,52.66579],[52.68505,52.66461],[52.68463,52.66374],[52.68408,52.66275],[52.68351,52.66176],[52.68315,52.66141],[52.68143,52.66168],[52.68055,52.66161],[52.68041,52.66053],[52.68071,52.65997],[52.68082,52.65956],[52.68074,52.65924],[52.6806,52.65894],[52.6803,52.65834],[52.68273,52.65771],[52.68337,52.65659],[52.68329,52.65624],[52.68291,52.65547],[52.68278,52.65489],[52.68308,52.65435],[52.68401,52.65355],[52.68558,52.65234],[52.68725,52.65094],[52.6889,52.64994],[52.68974,52.64949],[52.69047,52.64925],[52.69153,52.64949],[52.69231,52.64976],[52.69334,52.64978],[52.6965,52.65777],[52.71101,52.65518],[52.72103,52.65558],[52.74683,52.65804],[52.75037,52.66057],[52.75711,52.6606],[52.77535,52.66591],[52.78806,52.66386],[52.80759,52.66089],[52.82648,52.65822],[52.83223,52.65994],[52.83453,52.66157],[52.87782,52.66019],[52.89386,52.67326],[52.89295,52.6801],[52.89621,52.68101],[52.90937,52.68322],[52.91961,52.68172],[52.92776,52.67635],[52.95186,52.66258],[52.96781,52.66472],[52.97312,52.66065],[52.96358,52.65402],[52.96537,52.65145],[52.96033,52.64755],[52.95109,52.63737],[52.93627,52.63175],[52.92853,52.62161],[52.93564,52.61074],[52.94114,52.60223],[52.94578,52.59513],[52.94814,52.59141],[52.95044,52.58585],[52.95146,52.58323],[52.95274,52.58058],[52.95449,52.58044],[52.95674,52.57662],[52.96228,52.57245],[52.97623,52.56178],[52.97959,52.55034],[52.96948,52.54216],[52.96588,52.53927],[52.96311,52.53702],[52.96043,52.53542],[52.96113,52.53262],[52.96687,52.52984],[52.96761,52.52924],[52.96809,52.52874],[52.96781,52.52818],[52.9665,52.52705],[52.96198,52.52342],[52.96182,52.52296],[52.96239,52.5219],[52.9642,52.52199],[52.96491,52.52168],[52.96505,52.52125],[52.96424,52.52073],[52.96005,52.51997],[52.95952,52.51943],[52.95984,52.51886],[52.96161,52.51914],[52.96218,52.51898],[52.96228,52.51854],[52.96175,52.51788],[52.96032,52.48105],[52.9596,52.44577],[52.96124,52.41697],[52.9626,52.39294],[52.9256,52.39389],[52.92422,52.40937],[52.92618,52.42964],[52.83725,52.43084],[52.83288,52.42726],[52.83232,52.42608],[52.83141,52.42541],[52.83025,52.42528],[52.83065,52.42417],[52.83003,52.42352],[52.82626,52.4232],[52.82455,52.42199],[52.82507,52.41917],[52.82617,52.41759],[52.82531,52.41552],[52.82057,52.41354],[52.82308,52.41179],[52.82455,52.40933],[52.82443,52.40897],[52.82416,52.40863],[52.82303,52.40833],[52.82338,52.40756],[52.82288,52.40571],[52.82172,52.4055],[52.82237,52.40301],[52.82156,52.40217],[52.82037,52.40169],[52.81858,52.40167],[52.81861,52.40068],[52.81778,52.39971],[52.81637,52.39906],[52.81519,52.39899],[52.8154,52.39769],[52.81343,52.39559],[52.81329,52.39451],[52.81284,52.39358],[52.81261,52.39238],[52.81162,52.39187],[52.81022,52.39213],[52.80956,52.39161],[52.80737,52.39149],[52.80653,52.39116],[52.80709,52.39076],[52.80794,52.39016],[52.80779,52.38912],[52.805,52.38901],[52.80587,52.38725],[52.80586,52.38571],[52.80547,52.38531],[52.80691,52.3839],[52.80685,52.38237],[52.80531,52.38206],[52.80513,52.3816],[52.80577,52.38082],[52.80547,52.38035],[52.80454,52.38007],[52.80467,52.37933],[52.80374,52.37878],[52.80374,52.37775],[52.80276,52.37625],[52.8028,52.37501],[52.80181,52.37438],[52.7994,52.37538],[52.79815,52.37435],[52.80026,52.37144],[52.79922,52.37062],[52.79723,52.37092],[52.7981,52.37045],[52.79954,52.36889],[52.80138,52.36838],[52.80741,52.36299],[52.82447,52.34558],[52.8123,52.34072],[52.81275,52.33512],[52.81315,52.32273],[52.83071,52.32196],[52.82975,52.30835],[52.82904,52.29904],[52.82679,52.26575],[52.82646,52.26238],[52.82619,52.25242],[52.82596,52.24135],[52.82502,52.2193],[52.81929,52.21885],[52.82137,52.21468],[52.82132,52.21236],[52.82243,52.21084],[52.82278,52.20464],[52.82743,52.2043],[52.83032,52.2015],[52.84036,52.20324],[52.84177,52.19747],[52.84188,52.19358],[52.84162,52.18954],[52.8411,52.1882],[52.83825,52.18125],[52.8416,52.17365],[52.84676,52.17423],[52.84996,52.17359],[52.84903,52.17213],[52.84644,52.16903],[52.85345,52.16922],[52.86064,52.16576],[52.85294,52.16383]]]}},{"type":"Feature","properties":{"oktmo":"53653000","name":"Тюльганский муниципальный район","type":"муниципальный район","center":"п Тюльган"},"geometry":{"type":"Polygon","coordinates":[[[56.15106,52.62431],[56.15342,52.61898],[56.15477,52.61506],[56.15647,52.61157],[56.1575,52.60998],[56.16579,52.60084],[56.16127,52.59465],[56.15709,52.59279],[56.15663,52.59221],[56.159,52.59123],[56.16223,52.5916],[56.1631,52.59022],[56.18153,52.59133],[56.18239,52.59177],[56.18484,52.59125],[56.18991,52.59338],[56.19074,52.59954],[56.20974,52.58581],[56.21365,52.58057],[56.21597,52.57685],[56.21939,52.57265],[56.23125,52.56462],[56.26221,52.54587],[56.28393,52.55648],[56.28953,52.56146],[56.31077,52.57301],[56.32981,52.58377],[56.33256,52.58531],[56.3639,52.59536],[56.37105,52.59775],[56.40931,52.60249],[56.41385,52.603],[56.41688,52.6036],[56.41768,52.60317],[56.41872,52.60306],[56.42003,52.60371],[56.421,52.60367],[56.42181,52.60391],[56.42269,52.60451],[56.42349,52.60466],[56.42452,52.6043],[56.42524,52.60397],[56.42514,52.60362],[56.42456,52.60339],[56.42396,52.60322],[56.42316,52.60268],[56.42261,52.60234],[56.42207,52.60224],[56.42155,52.60229],[56.42131,52.60186],[56.42155,52.60155],[56.42204,52.60144],[56.42284,52.60162],[56.42342,52.60125],[56.4235,52.60067],[56.42433,52.6006],[56.42527,52.60079],[56.42576,52.60059],[56.42609,52.60006],[56.42603,52.59967],[56.42684,52.59945],[56.42723,52.59986],[56.42771,52.6],[56.42825,52.5998],[56.42868,52.59937],[56.42943,52.59936],[56.43056,52.59965],[56.43127,52.59983],[56.43195,52.59988],[56.43251,52.5998],[56.43283,52.59952],[56.43321,52.59897],[56.43339,52.59849],[56.43286,52.5978],[56.4328,52.59743],[56.43333,52.59723],[56.43353,52.59753],[56.43339,52.59796],[56.43422,52.59818],[56.43477,52.59788],[56.43521,52.59738],[56.43578,52.59705],[56.43674,52.59757],[56.43745,52.59741],[56.43807,52.59736],[56.43882,52.59743],[56.43999,52.59744],[56.44113,52.5973],[56.44187,52.59702],[56.44229,52.59656],[56.44243,52.59589],[56.44209,52.59523],[56.44161,52.59514],[56.4411,52.59507],[56.43996,52.59485],[56.43978,52.59437],[56.44037,52.59408],[56.44118,52.59417],[56.44139,52.59445],[56.44152,52.5948],[56.44209,52.59523],[56.44287,52.59525],[56.44361,52.59501],[56.44474,52.59448],[56.44494,52.59395],[56.44593,52.59325],[56.4459,52.59282],[56.4465,52.59257],[56.44698,52.59243],[56.4471,52.59212],[56.44679,52.59166],[56.4468,52.59108],[56.44641,52.59078],[56.44661,52.59016],[56.44663,52.58972],[56.44599,52.58962],[56.44541,52.58898],[56.4458,52.58854],[56.44501,52.58831],[56.44423,52.58834],[56.4432,52.58797],[56.44321,52.58606],[56.44363,52.58519],[56.44488,52.58433],[56.44518,52.58381],[56.44516,52.58288],[56.44466,52.58213],[56.4418,52.58133],[56.44027,52.58064],[56.43889,52.58041],[56.4374,52.58065],[56.43664,52.58081],[56.43578,52.58059],[56.43565,52.57992],[56.43535,52.57961],[56.43484,52.57973],[56.43449,52.58],[56.434,52.58021],[56.43357,52.57967],[56.4328,52.57958],[56.4323,52.57981],[56.43191,52.5793],[56.43481,52.57677],[56.42084,52.56897],[56.406,52.55973],[56.41659,52.5543],[56.41948,52.54893],[56.42932,52.54375],[56.42245,52.54136],[56.41328,52.53802],[56.38523,52.53204],[56.37359,52.52996],[56.37291,52.5256],[56.37392,52.52084],[56.37439,52.51744],[56.37485,52.51643],[56.38154,52.50909],[56.3695,52.50323],[56.3511,52.49694],[56.38265,52.41986],[56.39482,52.42198],[56.39793,52.42186],[56.39962,52.42186],[56.40181,52.4225],[56.40462,52.42293],[56.40754,52.42292],[56.40992,52.42246],[56.41196,52.4222],[56.41572,52.42241],[56.41896,52.42265],[56.42342,52.42341],[56.43265,52.42841],[56.43406,52.43309],[56.43454,52.43353],[56.43514,52.43566],[56.43443,52.43644],[56.43312,52.43689],[56.43278,52.43889],[56.43239,52.4394],[56.43138,52.44192],[56.43057,52.44507],[56.43421,52.44553],[56.43587,52.44526],[56.44078,52.44485],[56.44343,52.44531],[56.44349,52.44892],[56.44394,52.45371],[56.4446,52.45883],[56.44456,52.46536],[56.44381,52.46999],[56.44416,52.47117],[56.45022,52.46991],[56.45534,52.46868],[56.4608,52.46707],[56.46232,52.46647],[56.46619,52.46413],[56.47097,52.46103],[56.47671,52.45787],[56.48334,52.45394],[56.49096,52.44931],[56.49398,52.4474],[56.49511,52.44714],[56.49612,52.44697],[56.49607,52.44666],[56.49541,52.44577],[56.49419,52.44493],[56.49357,52.44378],[56.49335,52.44232],[56.49282,52.44219],[56.49133,52.44148],[56.49101,52.44046],[56.49108,52.43964],[56.4926,52.43896],[56.49455,52.43852],[56.4959,52.43782],[56.49657,52.43606],[56.49648,52.43519],[56.49582,52.43375],[56.49554,52.43304],[56.49447,52.43255],[56.49327,52.43232],[56.49161,52.43215],[56.48947,52.43185],[56.48831,52.43084],[56.48743,52.42967],[56.48664,52.42917],[56.48608,52.42917],[56.48445,52.4293],[56.48292,52.42903],[56.48161,52.42858],[56.48026,52.42816],[56.47857,52.42789],[56.47756,52.42769],[56.47174,52.42961],[56.46966,52.43031],[56.46807,52.42946],[56.46606,52.42981],[56.46365,52.43024],[56.46199,52.43064],[56.45968,52.42695],[56.45893,52.42526],[56.45856,52.4233],[56.45865,52.4208],[56.45984,52.41516],[56.45455,52.41469],[56.45614,52.40949],[56.44072,52.40627],[56.43666,52.39336],[56.43308,52.38153],[56.43274,52.37519],[56.44067,52.37507],[56.44207,52.37458],[56.44274,52.3733],[56.44213,52.36389],[56.44309,52.3619],[56.44423,52.36005],[56.44235,52.35368],[56.4444,52.35132],[56.44029,52.34452],[56.44449,52.3432],[56.44097,52.33705],[56.43408,52.33111],[56.45401,52.31782],[56.45502,52.29812],[56.42707,52.29257],[56.42598,52.29258],[56.42561,52.29354],[56.42295,52.29262],[56.42066,52.29352],[56.41491,52.28767],[56.40878,52.28705],[56.40277,52.28308],[56.37139,52.28252],[56.35921,52.28053],[56.31742,52.25698],[56.31406,52.25608],[56.32411,52.24752],[56.29319,52.23969],[56.28601,52.23877],[56.27391,52.23124],[56.28152,52.22635],[56.27921,52.22523],[56.28089,52.22409],[56.26086,52.20334],[56.25002,52.21046],[56.23795,52.21867],[56.21906,52.19078],[56.20049,52.16532],[56.20079,52.16289],[56.20274,52.14744],[56.20135,52.1402],[56.19732,52.13903],[56.18471,52.13935],[56.17898,52.14167],[56.12938,52.14462],[56.12565,52.1352],[56.12398,52.12881],[56.10955,52.1303],[56.09473,52.13207],[56.09514,52.13436],[56.07793,52.13577],[56.07488,52.13657],[56.06043,52.1475],[56.05988,52.15203],[56.06042,52.15499],[56.02578,52.15898],[56.02676,52.15991],[56.02096,52.16368],[55.92669,52.14069],[55.9135,52.15354],[55.879,52.14141],[55.87765,52.14038],[55.88106,52.12787],[55.8717,52.13144],[55.86113,52.1308],[55.85798,52.13585],[55.85639,52.13936],[55.8516,52.13904],[55.84926,52.13929],[55.84711,52.1579],[55.78593,52.15482],[55.784,52.15418],[55.78332,52.15477],[55.78214,52.15472],[55.78277,52.15676],[55.78172,52.15767],[55.78012,52.15875],[55.78075,52.15979],[55.77966,52.16066],[55.77987,52.16242],[55.78159,52.16296],[55.78025,52.16446],[55.78172,52.16578],[55.78126,52.16689],[55.77796,52.1658],[55.77542,52.16278],[55.77394,52.16175],[55.77157,52.1609],[55.76612,52.16004],[55.76137,52.16004],[55.75762,52.16051],[55.7563,52.15958],[55.75587,52.15847],[55.74349,52.15668],[55.73337,52.1568],[55.72425,52.15702],[55.72373,52.16112],[55.69819,52.16004],[55.6713,52.15123],[55.66808,52.15597],[55.66388,52.16557],[55.6638,52.16968],[55.66516,52.17242],[55.66465,52.17434],[55.66204,52.17692],[55.65744,52.17881],[55.65719,52.18152],[55.6561,52.18439],[55.63705,52.19162],[55.63342,52.19622],[55.63469,52.19839],[55.6314,52.20211],[55.62862,52.21001],[55.62618,52.21166],[55.62474,52.21909],[55.61657,52.22167],[55.61295,52.22621],[55.61295,52.22859],[55.60773,52.23499],[55.60806,52.23731],[55.62382,52.23948],[55.63603,52.23979],[55.72501,52.24417],[55.72248,52.26733],[55.72568,52.27269],[55.72947,52.27326],[55.73183,52.273],[55.75837,52.28084],[55.74885,52.28645],[55.76783,52.29701],[55.7941,52.31757],[55.83479,52.30506],[55.84532,52.31278],[55.86377,52.31026],[55.87446,52.31622],[55.8877,52.32386],[55.86984,52.33148],[55.88534,52.34131],[55.89318,52.35567],[55.86125,52.3515],[55.85282,52.34543],[55.84987,52.3444],[55.84557,52.34146],[55.84237,52.33776],[55.82415,52.32666],[55.79458,52.33423],[55.78236,52.3376],[55.77767,52.3402],[55.77466,52.34192],[55.77048,52.34719],[55.78465,52.36142],[55.7982,52.37692],[55.82342,52.36496],[55.85777,52.38953],[55.86301,52.39031],[55.88206,52.39615],[55.88665,52.40856],[55.87875,52.4128],[55.87138,52.41469],[55.84824,52.47031],[55.84858,52.47408],[55.85149,52.47459],[55.85012,52.47956],[55.85184,52.48162],[55.85555,52.4825],[55.8583,52.48683],[55.86607,52.48832],[55.86325,52.49609],[55.871,52.52831],[55.87174,52.53136],[55.87223,52.5345],[55.86641,52.53486],[55.86759,52.54578],[55.88526,52.54444],[55.90813,52.55994],[55.92211,52.55284],[55.912,52.53594],[55.92181,52.53067],[55.92845,52.52126],[55.91783,52.51344],[55.92033,52.50967],[55.93702,52.51012],[55.94078,52.51256],[55.94406,52.51529],[55.95211,52.52756],[55.96359,52.54161],[55.96097,52.54416],[55.96814,52.5469],[55.96627,52.55779],[55.97064,52.55734],[55.9737,52.5589],[55.97632,52.55848],[55.97562,52.55977],[55.9777,52.56007],[55.97796,52.56078],[55.98024,52.56193],[55.98175,52.56163],[55.98276,52.56084],[55.98452,52.56103],[55.98648,52.56074],[55.98806,52.56118],[55.99947,52.55344],[56.00641,52.54891],[56.03661,52.57024],[56.03716,52.57115],[56.02705,52.5761],[56.05314,52.59095],[56.05917,52.6124],[56.06283,52.61725],[56.0647,52.61812],[56.06491,52.62019],[56.06439,52.62128],[56.06783,52.62386],[56.0624,52.62881],[56.06863,52.63005],[56.06286,52.63377],[56.05319,52.63365],[56.03603,52.64703],[56.04994,52.64714],[56.05489,52.64718],[56.07046,52.64486],[56.08718,52.64653],[56.11076,52.64923],[56.1149,52.65048],[56.12688,52.64567],[56.12125,52.63864],[56.11629,52.63964],[56.09796,52.6364],[56.09589,52.63486],[56.09495,52.63486],[56.07397,52.6213],[56.08182,52.6207],[56.11019,52.61934],[56.12397,52.63106],[56.12543,52.63357],[56.13806,52.63196],[56.14844,52.6317],[56.15106,52.62431]]]}},{"type":"Feature","properties":{"oktmo":"53656000","name":"Шарлыкский муниципальный район","type":"муниципальный район","center":"с Шарлык"},"geometry":{"type":"Polygon","coordinates":[[[54.86982,53.23553],[54.87084,53.23458],[54.87267,53.23294],[54.87582,53.23465],[54.90017,53.22762],[54.90342,53.22298],[54.90273,53.22161],[54.92726,53.21217],[54.93096,53.20062],[54.93006,53.19643],[54.93831,53.18511],[54.94557,53.17514],[54.94283,53.15903],[54.95096,53.15654],[54.94987,53.14504],[54.94317,53.14464],[54.94387,53.1375],[54.95435,53.13662],[54.95497,53.12822],[54.95594,53.12234],[54.95646,53.11913],[54.95397,53.11908],[54.94218,53.11145],[54.94131,53.10139],[54.97392,53.0803],[54.96538,53.06855],[54.99485,53.05823],[54.99821,53.04631],[55.00095,53.04031],[55.00404,53.02831],[55.0109,53.02124],[55.02427,53.01096],[55.03344,53.00584],[55.03832,52.99926],[55.05066,52.9641],[55.05124,52.96139],[55.06398,52.94787],[55.06632,52.94882],[55.07096,52.94383],[55.08515,52.93578],[55.10864,52.92245],[55.12275,52.91445],[55.12848,52.90704],[55.13085,52.90212],[55.13524,52.8982],[55.12339,52.88255],[55.12319,52.87099],[55.12519,52.86504],[55.13035,52.86447],[55.13654,52.86273],[55.14749,52.86076],[55.14764,52.85827],[55.14913,52.8552],[55.15512,52.85297],[55.15503,52.84818],[55.14222,52.84972],[55.13491,52.84683],[55.13904,52.84115],[55.1415,52.83679],[55.14836,52.83466],[55.14999,52.83746],[55.15199,52.83706],[55.14471,52.8274],[55.14121,52.81991],[55.13817,52.81192],[55.14936,52.80815],[55.14932,52.81026],[55.14841,52.81113],[55.15099,52.81283],[55.15913,52.81163],[55.16238,52.81685],[55.16489,52.82042],[55.17502,52.81793],[55.17952,52.81703],[55.18471,52.82446],[55.18888,52.83176],[55.19101,52.83796],[55.1996,52.8356],[55.20295,52.83736],[55.2093,52.83663],[55.20913,52.83528],[55.21746,52.83093],[55.24229,52.8178],[55.2475,52.82086],[55.25249,52.82526],[55.26508,52.83765],[55.2673,52.83897],[55.26819,52.83953],[55.26995,52.83823],[55.27165,52.83116],[55.27298,52.82759],[55.28694,52.83392],[55.30038,52.83975],[55.32018,52.84801],[55.34963,52.85212],[55.36332,52.83997],[55.37516,52.83006],[55.3859,52.82159],[55.39216,52.8238],[55.39391,52.82516],[55.39888,52.82714],[55.40057,52.8276],[55.40085,52.82237],[55.40117,52.81643],[55.39991,52.81049],[55.40078,52.80756],[55.40574,52.80336],[55.41406,52.79625],[55.42083,52.79084],[55.41385,52.7885],[55.39603,52.78103],[55.39471,52.78579],[55.39177,52.78608],[55.39008,52.78611],[55.38892,52.78771],[55.38906,52.78904],[55.36804,52.7801],[55.33998,52.76764],[55.3558,52.75352],[55.34102,52.74662],[55.32429,52.7402],[55.32221,52.74048],[55.3031,52.73101],[55.29081,52.72437],[55.28352,52.71984],[55.27688,52.71814],[55.2733,52.72143],[55.27007,52.7254],[55.27247,52.73208],[55.26628,52.73839],[55.26099,52.73774],[55.25619,52.73962],[55.2494,52.73996],[55.2459,52.73917],[55.24382,52.73952],[55.24063,52.74153],[55.23845,52.74229],[55.2349,52.74207],[55.23382,52.74185],[55.23099,52.74155],[55.22769,52.74057],[55.22572,52.74101],[55.22265,52.73689],[55.22151,52.73494],[55.22134,52.73252],[55.21926,52.72643],[55.21708,52.72178],[55.26905,52.70011],[55.26776,52.66543],[55.26249,52.66581],[55.26089,52.66645],[55.25843,52.66629],[55.25716,52.66701],[55.25164,52.66715],[55.24873,52.66593],[55.24508,52.66403],[55.20487,52.64647],[55.20219,52.64602],[55.20069,52.64507],[55.19779,52.64457],[55.1957,52.64286],[55.19325,52.64217],[55.19219,52.64262],[55.18937,52.64176],[55.18657,52.64078],[55.18177,52.63972],[55.17603,52.64108],[55.17292,52.64023],[55.16862,52.64152],[55.16385,52.60395],[55.15601,52.60055],[55.15094,52.59988],[55.15281,52.59553],[55.14654,52.58864],[55.15624,52.58474],[55.15119,52.58103],[55.13533,52.57385],[55.13126,52.57225],[55.1185,52.58366],[55.11593,52.58325],[55.11232,52.58398],[55.10951,52.58357],[55.10705,52.58266],[55.10418,52.58266],[55.10195,52.58147],[55.09474,52.58111],[55.09414,52.57759],[55.09575,52.57718],[55.09548,52.57505],[55.09392,52.57505],[55.09359,52.57225],[55.08569,52.56924],[55.08537,52.56623],[55.08598,52.56392],[55.08648,52.56184],[55.08521,52.55966],[55.07699,52.55639],[55.07604,52.55446],[55.07372,52.55279],[55.06918,52.55209],[55.0686,52.55042],[55.0667,52.54887],[55.06596,52.54997],[55.0657,52.5511],[55.06454,52.55145],[55.06023,52.55023],[55.05706,52.55608],[55.04643,52.55225],[55.02898,52.56718],[55.01102,52.55869],[55.00694,52.55735],[55.00114,52.55371],[54.95682,52.58739],[54.96915,52.59172],[54.96834,52.59468],[54.9669,52.59538],[54.9644,52.59792],[54.96074,52.59836],[54.95627,52.59711],[54.95277,52.59696],[54.94772,52.60117],[54.94488,52.60216],[54.94152,52.60411],[54.94027,52.60575],[54.93508,52.60373],[54.90479,52.63224],[54.88297,52.62355],[54.88062,52.62195],[54.87187,52.61985],[54.86937,52.61847],[54.85899,52.61807],[54.85351,52.61912],[54.84904,52.61909],[54.84538,52.62014],[54.83245,52.61395],[54.79958,52.64141],[54.80381,52.65782],[54.78727,52.66109],[54.78814,52.67217],[54.78756,52.67858],[54.78554,52.6814],[54.78549,52.68376],[54.78674,52.68499],[54.78549,52.687],[54.78544,52.68939],[54.78713,52.69128],[54.78689,52.69385],[54.78847,52.69536],[54.79335,52.70973],[54.77746,52.71048],[54.75641,52.71473],[54.75555,52.71423],[54.75559,52.7133],[54.75228,52.71185],[54.7505,52.70987],[54.74915,52.70966],[54.74925,52.70797],[54.74819,52.70742],[54.70815,52.71528],[54.7046,52.71549],[54.70541,52.71767],[54.70652,52.71802],[54.72221,52.74233],[54.65677,52.75434],[54.65667,52.75617],[54.65956,52.75792],[54.66203,52.76206],[54.58486,52.77889],[54.50022,52.79493],[54.48508,52.76921],[54.45878,52.77521],[54.46532,52.7899],[54.46158,52.79109],[54.46667,52.79465],[54.44513,52.80207],[54.44309,52.80092],[54.43806,52.80252],[54.43976,52.80491],[54.42915,52.81213],[54.43351,52.81673],[54.42616,52.82232],[54.41311,52.82725],[54.41413,52.83297],[54.41705,52.83568],[54.41522,52.83736],[54.41542,52.84237],[54.41409,52.84466],[54.40801,52.84467],[54.40795,52.84619],[54.40529,52.84586],[54.39687,52.85321],[54.40026,52.85785],[54.39421,52.85912],[54.39061,52.86425],[54.3885,52.86421],[54.38361,52.86782],[54.38266,52.86938],[54.37831,52.86921],[54.36709,52.8741],[54.36689,52.87598],[54.36138,52.87828],[54.35948,52.8798],[54.366,52.89015],[54.36397,52.89055],[54.36179,52.89],[54.36139,52.88887],[54.3585,52.88883],[54.35415,52.8877],[54.35425,52.88846],[54.36198,52.89176],[54.34207,52.89772],[54.36243,52.91664],[54.35355,52.92308],[54.32493,52.94137],[54.25937,52.98714],[54.26398,52.9958],[54.29297,53.01115],[54.32636,53.0079],[54.34113,53.00577],[54.37863,53.00036],[54.38303,53.01635],[54.38709,53.0279],[54.3908,53.05355],[54.38882,53.06355],[54.37027,53.08912],[54.39592,53.10354],[54.39869,53.09707],[54.4424,53.09214],[54.46274,53.09625],[54.47568,53.0981],[54.47118,53.10288],[54.46561,53.10504],[54.47335,53.11367],[54.50091,53.11738],[54.50579,53.11815],[54.5055,53.11943],[54.50245,53.12142],[54.5019,53.12506],[54.50212,53.12854],[54.54005,53.13216],[54.54411,53.13285],[54.54169,53.13384],[54.54012,53.15765],[54.54672,53.19679],[54.58626,53.19673],[54.59045,53.19686],[54.59242,53.19783],[54.59265,53.20051],[54.5807,53.22246],[54.58096,53.22592],[54.582,53.22697],[54.58493,53.22725],[54.5846,53.22989],[54.58798,53.23974],[54.58727,53.24414],[54.5873,53.25145],[54.58922,53.25776],[54.58944,53.26118],[54.62694,53.25885],[54.62713,53.25793],[54.62675,53.25732],[54.62686,53.25672],[54.62672,53.25639],[54.62684,53.25594],[54.62646,53.2551],[54.62658,53.25416],[54.62656,53.25314],[54.62737,53.2525],[54.62684,53.25179],[54.6251,53.25074],[54.62471,53.2501],[54.62941,53.24947],[54.63756,53.23622],[54.62694,53.23104],[54.61942,53.22886],[54.61024,53.22711],[54.61037,53.22681],[54.6109,53.22667],[54.6113,53.22705],[54.61209,53.22684],[54.61192,53.2265],[54.61241,53.22621],[54.61308,53.22576],[54.6141,53.22545],[54.61472,53.22514],[54.61405,53.22401],[54.61364,53.22243],[54.61364,53.22055],[54.61439,53.21859],[54.61489,53.21789],[54.6162,53.2169],[54.61811,53.21681],[54.62029,53.21694],[54.62125,53.21669],[54.62193,53.217],[54.6228,53.21802],[54.62351,53.21842],[54.62438,53.21883],[54.62577,53.21986],[54.62637,53.22081],[54.62761,53.2214],[54.62837,53.22128],[54.62972,53.22074],[54.63164,53.21962],[54.63281,53.21842],[54.63314,53.21768],[54.63457,53.21696],[54.63634,53.21704],[54.63866,53.21745],[54.6406,53.21745],[54.64171,53.21717],[54.64289,53.21733],[54.6442,53.21778],[54.64492,53.21689],[54.64706,53.21668],[54.64759,53.21572],[54.64919,53.21474],[54.6502,53.2149],[54.65129,53.21469],[54.65069,53.21397],[54.65129,53.21366],[54.65246,53.21366],[54.65257,53.21415],[54.65302,53.21467],[54.65415,53.21463],[54.65468,53.21397],[54.65528,53.21348],[54.65795,53.21377],[54.65851,53.21496],[54.65908,53.21503],[54.65949,53.21463],[54.66039,53.21463],[54.66047,53.21559],[54.66077,53.21611],[54.66219,53.21667],[54.66273,53.21681],[54.66305,53.21776],[54.66383,53.21881],[54.66544,53.21945],[54.66646,53.2199],[54.66632,53.22044],[54.66726,53.22057],[54.66809,53.22043],[54.66938,53.21977],[54.67111,53.2199],[54.67186,53.22029],[54.67316,53.22071],[54.67367,53.22073],[54.67394,53.22022],[54.67353,53.21952],[54.67419,53.21941],[54.67492,53.2196],[54.67539,53.22],[54.67625,53.21987],[54.67657,53.22055],[54.67643,53.22171],[54.67818,53.2222],[54.67939,53.22261],[54.67849,53.22345],[54.67775,53.22439],[54.67617,53.22379],[54.67506,53.22453],[54.67535,53.22529],[54.67746,53.2263],[54.6783,53.22675],[54.67925,53.22634],[54.6795,53.22583],[54.68098,53.22602],[54.68119,53.22526],[54.68214,53.22571],[54.68267,53.2263],[54.68143,53.22717],[54.68271,53.22767],[54.68387,53.22767],[54.68636,53.22641],[54.6879,53.22627],[54.68903,53.22548],[54.68899,53.2249],[54.68805,53.22482],[54.68838,53.22384],[54.69035,53.22384],[54.69215,53.22427],[54.69332,53.22503],[54.69524,53.22702],[54.69633,53.22693],[54.69682,53.22634],[54.69851,53.22609],[54.69949,53.22681],[54.70156,53.22708],[54.70276,53.22758],[54.70212,53.22859],[54.7025,53.22929],[54.70389,53.22931],[54.70423,53.22841],[54.70532,53.22778],[54.70762,53.22618],[54.70841,53.226],[54.70987,53.22621],[54.70995,53.22657],[54.70984,53.22717],[54.70995,53.22778],[54.71025,53.2281],[54.71168,53.22846],[54.71334,53.22882],[54.71356,53.22927],[54.71447,53.22981],[54.71578,53.22983],[54.71646,53.22988],[54.71744,53.22992],[54.71778,53.2306],[54.71868,53.23098],[54.71954,53.23204],[54.72081,53.23243],[54.72301,53.23211],[54.7243,53.2316],[54.73025,53.23117],[54.73159,53.23038],[54.73374,53.23079],[54.73589,53.23079],[54.73835,53.2304],[54.73975,53.23027],[54.73937,53.22951],[54.74136,53.22696],[54.74288,53.22643],[54.74727,53.228],[54.74607,53.23108],[54.74577,53.23235],[54.74597,53.2335],[54.74699,53.23442],[54.74877,53.23516],[54.74979,53.23393],[54.75236,53.2343],[54.75366,53.23316],[54.7559,53.23331],[54.75662,53.23412],[54.75786,53.23426],[54.75906,53.23466],[54.76046,53.23545],[54.76192,53.23658],[54.76369,53.23782],[54.76602,53.23914],[54.76824,53.23987],[54.77332,53.24023],[54.77637,53.23993],[54.77916,53.24029],[54.78187,53.24101],[54.78318,53.24158],[54.78424,53.24279],[54.786,53.24324],[54.78774,53.24327],[54.78984,53.24284],[54.79127,53.24224],[54.7919,53.24124],[54.79352,53.24201],[54.79296,53.24458],[54.79331,53.24568],[54.79387,53.24623],[54.79536,53.24625],[54.79511,53.24675],[54.79438,53.24743],[54.796,53.24806],[54.79694,53.24781],[54.79799,53.24815],[54.7984,53.24902],[54.79987,53.24959],[54.80081,53.24934],[54.80168,53.25031],[54.80108,53.25132],[54.79972,53.2517],[54.79961,53.25276],[54.79855,53.25294],[54.7984,53.25346],[54.79822,53.2545],[54.79705,53.25456],[54.79717,53.25532],[54.79794,53.25574],[54.7987,53.25546],[54.80015,53.25597],[54.80194,53.25594],[54.80299,53.25643],[54.80337,53.25722],[54.80454,53.2574],[54.80563,53.25789],[54.80657,53.25825],[54.80695,53.2592],[54.80681,53.25972],[54.80755,53.26026],[54.80868,53.26008],[54.81011,53.26165],[54.81097,53.26159],[54.81131,53.26087],[54.81234,53.26131],[54.81123,53.26213],[54.81251,53.26261],[54.81332,53.26293],[54.81428,53.26291],[54.81503,53.26384],[54.81522,53.26494],[54.81526,53.26602],[54.81763,53.26705],[54.81906,53.268],[54.82033,53.26887],[54.82163,53.26903],[54.82655,53.27092],[54.82746,53.27152],[54.8268,53.27168],[54.82863,53.27225],[54.82872,53.27304],[54.8274,53.27342],[54.82833,53.27415],[54.82929,53.27445],[54.83174,53.27514],[54.8347,53.27414],[54.83666,53.27374],[54.84171,53.25821],[54.84085,53.25221],[54.84634,53.24775],[54.85628,53.24262],[54.85807,53.24287],[54.86982,53.23553]]]}},{"type":"Feature","properties":{"oktmo":"53732000","name":"Ясненский","type":"городской округ","center":"г Ясный"},"geometry":{"type":"Polygon","coordinates":[[[60.47774,51.31042],[60.49397,51.25038],[60.49132,51.24024],[60.48663,51.23717],[60.48761,51.23421],[60.48733,51.22568],[60.48018,51.2262],[60.46587,51.22232],[60.46177,51.21946],[60.42616,51.22505],[60.39721,51.17721],[60.39225,51.17012],[60.38561,51.13665],[60.51072,51.13742],[60.50138,51.10422],[60.49946,50.95234],[60.49249,50.93195],[60.49959,50.918],[60.49231,50.89333],[60.4842,50.87554],[60.48872,50.86339],[60.48273,50.85584],[60.4758,50.85546],[60.41192,50.85193],[60.39176,50.87312],[60.31791,50.88383],[60.2719,50.86624],[60.23458,50.85391],[60.21385,50.84797],[60.18787,50.83857],[60.18682,50.83873],[60.18597,50.83885],[60.1745,50.84057],[60.16237,50.84063],[60.1628,50.83597],[60.15672,50.83525],[60.15646,50.8401],[60.14597,50.84001],[60.13955,50.83403],[60.13698,50.83163],[60.13643,50.83112],[60.11084,50.82757],[60.08564,50.82407],[60.07155,50.82212],[60.04219,50.82212],[60.0149,50.82212],[60.03584,50.84537],[59.94082,50.85876],[59.92704,50.84451],[59.90887,50.84668],[59.89994,50.82287],[59.83264,50.82777],[59.79143,50.83239],[59.78874,50.84404],[59.73589,50.85602],[59.70957,50.88152],[59.67714,50.89557],[59.71948,50.92611],[59.7136,50.92878],[59.71327,50.93289],[59.70916,50.93455],[59.69967,50.94228],[59.70105,50.94379],[59.70514,50.94511],[59.70891,50.94536],[59.7096,50.94663],[59.71707,50.94886],[59.7188,50.94851],[59.71942,50.94859],[59.72007,50.94976],[59.72402,50.94951],[59.73019,50.95413],[59.73066,50.95736],[59.73463,50.96149],[59.74417,50.97348],[59.74468,50.98006],[59.75028,50.99089],[59.74954,50.99294],[59.75447,50.99764],[59.75544,51.00221],[59.75733,51.00384],[59.75791,51.00647],[59.76231,51.01069],[59.76313,51.01363],[59.7677,51.02176],[59.76979,51.0233],[59.76952,51.02473],[59.76869,51.02622],[59.76907,51.0277],[59.77061,51.02909],[59.77016,51.03296],[59.75598,51.03094],[59.69751,51.04998],[59.68892,51.05592],[59.67356,51.05967],[59.66067,51.06368],[59.65923,51.06935],[59.59729,51.05787],[59.59575,51.04246],[59.57431,51.03707],[59.5576,51.02957],[59.53011,51.01214],[59.53363,50.90903],[59.53218,50.90681],[59.52511,50.90592],[59.52532,50.90233],[59.52246,50.89657],[59.51801,50.89513],[59.51093,50.89617],[59.4964,50.891],[59.48027,50.89392],[59.4779,50.88753],[59.46356,50.88569],[59.46103,50.88918],[59.4575,50.89955],[59.45099,50.90484],[59.44301,50.90801],[59.42859,50.88848],[59.40714,50.88885],[59.40248,50.88704],[59.39739,50.88381],[59.3805,50.88215],[59.37165,50.87667],[59.35157,50.88378],[59.34384,50.89754],[59.33817,50.89998],[59.33466,50.89885],[59.32887,50.89904],[59.32235,50.90379],[59.31717,50.91088],[59.31597,50.91777],[59.31247,50.91932],[59.29718,50.91283],[59.29195,50.91331],[59.28999,50.91537],[59.296,50.92763],[59.29293,50.92922],[59.27967,50.92411],[59.26667,50.91796],[59.26067,50.92093],[59.25615,50.92752],[59.25647,50.9316],[59.25019,50.94284],[59.25175,50.94981],[59.25015,50.95894],[59.24527,50.95989],[59.24247,50.96231],[59.246,50.97393],[59.30399,51.16776],[59.30104,51.16797],[59.30466,51.18416],[59.35088,51.18023],[59.37645,51.18615],[59.3783,51.20886],[59.38671,51.21298],[59.38301,51.22078],[59.38859,51.22281],[59.39606,51.2351],[59.38225,51.24568],[59.37364,51.2377],[59.36824,51.25933],[59.37926,51.25924],[59.3921,51.2568],[59.43575,51.25225],[59.43698,51.26126],[59.48768,51.25342],[59.49534,51.27261],[59.53455,51.26801],[59.53451,51.26576],[59.53438,51.26415],[59.53379,51.26351],[59.53366,51.263],[59.53398,51.26249],[59.53387,51.26214],[59.53362,51.26164],[59.53351,51.26015],[59.53368,51.25935],[59.53383,51.25875],[59.53376,51.25694],[59.53417,51.25623],[59.53436,51.25549],[59.53399,51.25482],[59.53398,51.2541],[59.53419,51.25351],[59.53453,51.2532],[59.53535,51.25261],[59.5361,51.2522],[59.53779,51.25162],[59.5402,51.25091],[59.54127,51.24994],[59.54307,51.24845],[59.5447,51.24789],[59.54704,51.2479],[59.54892,51.24824],[59.55154,51.24868],[59.5528,51.24928],[59.55508,51.25033],[59.5575,51.25181],[59.55783,51.25276],[59.55859,51.25378],[59.55969,51.25496],[59.56115,51.25575],[59.56351,51.25586],[59.56475,51.2558],[59.56714,51.25515],[59.569,51.2541],[59.57026,51.25278],[59.57181,51.25192],[59.57324,51.25167],[59.5744,51.25135],[59.5753,51.25047],[59.57608,51.24996],[59.57864,51.24998],[59.58055,51.24998],[59.58176,51.25053],[59.58297,51.25144],[59.58387,51.2525],[59.5846,51.25362],[59.58607,51.25457],[59.58823,51.25519],[59.59056,51.25558],[59.59245,51.25558],[59.59563,51.25545],[59.59827,51.25563],[59.60162,51.25565],[59.6042,51.25496],[59.6067,51.25478],[59.61188,51.25484],[59.6151,51.25494],[59.61884,51.25544],[59.62206,51.25574],[59.62353,51.25611],[59.62576,51.25736],[59.62767,51.25843],[59.6281,51.25935],[59.62814,51.26233],[59.62791,51.26415],[59.62631,51.26512],[59.62353,51.26704],[59.62075,51.26963],[59.61796,51.27172],[59.61566,51.27441],[59.61419,51.27611],[59.61364,51.27742],[59.6123,51.27857],[59.61077,51.27978],[59.60914,51.28127],[59.60791,51.28248],[59.60733,51.28341],[59.60751,51.28414],[59.60845,51.28496],[59.6096,51.28581],[59.61177,51.28673],[59.61374,51.28688],[59.61568,51.28651],[59.61813,51.28602],[59.62034,51.2851],[59.62274,51.28475],[59.6262,51.28505],[59.62877,51.28583],[59.63056,51.28725],[59.63151,51.28833],[59.63241,51.28976],[59.63262,51.29034],[59.63345,51.29146],[59.63317,51.29263],[59.63441,51.29337],[59.63588,51.29399],[59.6381,51.29459],[59.64073,51.29506],[59.64183,51.29492],[59.64366,51.29461],[59.64467,51.29477],[59.64592,51.2955],[59.64702,51.29547],[59.64845,51.2948],[59.65028,51.29434],[59.65237,51.29399],[59.6538,51.2929],[59.65535,51.29225],[59.6572,51.29181],[59.65883,51.29103],[59.66119,51.29078],[59.66444,51.29103],[59.66742,51.29085],[59.6697,51.29035],[59.67124,51.28995],[59.67361,51.2889],[59.67598,51.28745],[59.67763,51.28579],[59.67848,51.28502],[59.67968,51.2843],[59.68062,51.28339],[59.68239,51.28273],[59.68452,51.2823],[59.68698,51.28201],[59.6892,51.28159],[59.69285,51.28122],[59.69526,51.2808],[59.70037,51.28031],[59.70423,51.28038],[59.70746,51.28084],[59.70967,51.28121],[59.7111,51.28205],[59.712,51.28367],[59.7136,51.28457],[59.71588,51.28519],[59.71657,51.28557],[59.7166,51.28605],[59.71695,51.28646],[59.71875,51.2867],[59.72046,51.28719],[59.72167,51.28779],[59.72295,51.2894],[59.72291,51.29016],[59.72328,51.29045],[59.7243,51.29085],[59.72638,51.29213],[59.72835,51.29316],[59.72933,51.29335],[59.73035,51.29347],[59.73159,51.29309],[59.7326,51.2923],[59.73339,51.29189],[59.73392,51.29118],[59.73407,51.28978],[59.73385,51.28878],[59.7334,51.2876],[59.73286,51.28688],[59.75159,51.28821],[59.9039,51.30049],[59.96556,51.31349],[60.01394,51.34183],[60.01059,51.34783],[60.08551,51.34765],[60.28138,51.34718],[60.28329,51.32902],[60.48325,51.33136],[60.50712,51.33549],[60.50238,51.32617],[60.49647,51.32457],[60.47774,51.31042]],[[59.79189,51.03262],[59.79348,51.02789],[59.79002,51.02368],[59.79206,51.02055],[59.8005,51.01872],[59.80315,51.01882],[59.80862,51.01741],[59.81117,51.01445],[59.82198,51.01254],[59.8254,51.0169],[59.83898,51.02059],[59.83861,51.0224],[59.8443,51.02475],[59.86046,51.01911],[59.87166,51.02193],[59.88172,51.02532],[59.88166,51.02837],[59.87586,51.02829],[59.87462,51.02864],[59.87571,51.03028],[59.87585,51.03199],[59.87256,51.03292],[59.87361,51.03434],[59.86982,51.03529],[59.86784,51.03259],[59.86294,51.03369],[59.8622,51.03264],[59.86043,51.03213],[59.85959,51.03078],[59.85544,51.03086],[59.8586,51.0391],[59.85991,51.04467],[59.86039,51.0468],[59.87174,51.04673],[59.88508,51.05522],[59.87597,51.06088],[59.85016,51.06083],[59.83161,51.04722],[59.83155,51.0421],[59.84051,51.03648],[59.84251,51.03067],[59.83014,51.03011],[59.81157,51.03114],[59.79924,51.03223],[59.79189,51.03262]]]}},{"type":"Feature","properties":{"oktmo":"53708000","name":"город Бугуруслан","type":"городской округ","center":"г Бугуруслан"},"geometry":{"type":"Polygon","coordinates":[[[52.26471,53.64902],[52.26478,53.65046],[52.2677,53.65347],[52.26963,53.65446],[52.27508,53.65487],[52.27818,53.65508],[52.2804,53.65556],[52.28271,53.65681],[52.28459,53.65627],[52.28474,53.65459],[52.28734,53.65356],[52.28892,53.6517],[52.2908,53.65119],[52.2934,53.64999],[52.2987,53.65316],[52.30356,53.65407],[52.30655,53.65618],[52.31199,53.6567],[52.31483,53.65884],[52.31748,53.65912],[52.32138,53.6573],[52.32523,53.65838],[52.32715,53.66098],[52.32094,53.66329],[52.32874,53.67162],[52.32792,53.67393],[52.33572,53.67353],[52.35811,53.66962],[52.36244,53.65929],[52.36293,53.65276],[52.3819,53.65128],[52.3844,53.65285],[52.38806,53.65153],[52.39142,53.65456],[52.3987,53.65491],[52.40552,53.65665],[52.40281,53.6646],[52.4007,53.66564],[52.39953,53.6719],[52.40176,53.67232],[52.40129,53.67782],[52.39635,53.67901],[52.39518,53.68137],[52.40164,53.68123],[52.40587,53.67434],[52.40482,53.67121],[52.40917,53.67037],[52.41128,53.67253],[52.4141,53.67197],[52.41634,53.67664],[52.42137,53.67635],[52.43256,53.67834],[52.43338,53.6804],[52.4311,53.69059],[52.43394,53.69592],[52.43737,53.69598],[52.43935,53.69699],[52.44014,53.6987],[52.4406,53.69967],[52.45731,53.69977],[52.44734,53.68131],[52.44594,53.67388],[52.44783,53.66824],[52.45545,53.66659],[52.45969,53.66558],[52.4621,53.6651],[52.46382,53.6646],[52.46637,53.66765],[52.46701,53.66821],[52.46773,53.66856],[52.46879,53.66835],[52.46979,53.66816],[52.47161,53.66721],[52.4745,53.6657],[52.47924,53.67024],[52.48344,53.66941],[52.49038,53.66629],[52.50444,53.6746],[52.50768,53.67338],[52.51329,53.66839],[52.50665,53.66519],[52.50159,53.66126],[52.49147,53.6605],[52.49175,53.65221],[52.48917,53.64789],[52.48306,53.64102],[52.4771,53.6356],[52.47214,53.63099],[52.46443,53.62633],[52.45771,53.625],[52.46148,53.61389],[52.45579,53.60928],[52.44929,53.60422],[52.44866,53.60222],[52.44771,53.59504],[52.44631,53.5863],[52.44433,53.57709],[52.42573,53.57743],[52.40885,53.58978],[52.39592,53.59597],[52.38754,53.59649],[52.38417,53.6067],[52.36815,53.60765],[52.36359,53.61271],[52.34493,53.61315],[52.33832,53.61445],[52.32525,53.62177],[52.32701,53.62343],[52.33127,53.62221],[52.34067,53.62204],[52.33876,53.6175],[52.36565,53.61533],[52.36565,53.61707],[52.38123,53.61637],[52.38034,53.62177],[52.38347,53.62172],[52.38347,53.6224],[52.38022,53.62222],[52.37198,53.62255],[52.33818,53.62511],[52.31586,53.63182],[52.28639,53.6391],[52.28634,53.6396],[52.28161,53.64013],[52.27681,53.64024],[52.27736,53.64569],[52.26454,53.64613],[52.26471,53.64902]]]}},{"type":"Feature","properties":{"oktmo":"53712000","name":"город Бузулук","type":"городской округ","center":"г Бузулук"},"geometry":{"type":"Polygon","coordinates":[[[52.36528,52.70648],[52.37226,52.69143],[52.36511,52.69652],[52.36078,52.71151],[52.35231,52.71591],[52.33837,52.71327],[52.33916,52.71147],[52.33788,52.71142],[52.33478,52.72494],[52.32894,52.73522],[52.31137,52.73937],[52.30279,52.74182],[52.29033,52.75121],[52.28907,52.75076],[52.28556,52.75017],[52.28208,52.74644],[52.28221,52.74432],[52.28864,52.74323],[52.28699,52.74068],[52.28105,52.73952],[52.27942,52.73586],[52.27504,52.734],[52.27258,52.73097],[52.27058,52.72807],[52.26724,52.72681],[52.26345,52.72727],[52.25652,52.72994],[52.24971,52.72801],[52.24862,52.73564],[52.25401,52.73688],[52.25462,52.73909],[52.25572,52.74308],[52.2618,52.75656],[52.2528,52.75723],[52.25118,52.75944],[52.24228,52.75996],[52.23898,52.76024],[52.23908,52.76162],[52.2359,52.76166],[52.23037,52.76455],[52.22507,52.76705],[52.21932,52.7675],[52.21174,52.76879],[52.21638,52.77444],[52.21633,52.77831],[52.21142,52.78198],[52.20618,52.78518],[52.20675,52.79022],[52.21024,52.79263],[52.21259,52.79523],[52.21141,52.79906],[52.20558,52.80087],[52.20341,52.80352],[52.20429,52.80401],[52.20542,52.82491],[52.21737,52.82735],[52.22935,52.82936],[52.22873,52.81682],[52.22844,52.80999],[52.24051,52.80957],[52.252,52.82824],[52.26541,52.82585],[52.25981,52.8195],[52.29099,52.8084],[52.3096,52.79434],[52.29408,52.78507],[52.31022,52.76772],[52.31026,52.77432],[52.32194,52.77046],[52.3287,52.77391],[52.33366,52.76614],[52.32453,52.76032],[52.32392,52.75551],[52.33057,52.74598],[52.34261,52.74213],[52.34642,52.73454],[52.35666,52.72115],[52.35521,52.71682],[52.36424,52.71675],[52.36528,52.70648]]]}},{"type":"Feature","properties":{"oktmo":"53715000","name":"город Медногорск","type":"городской округ","center":"г Медногорск"},"geometry":{"type":"Polygon","coordinates":[[[57.72374,51.4806],[57.72383,51.44476],[57.67798,51.44342],[57.67457,51.44034],[57.65126,51.44003],[57.64753,51.43816],[57.6368,51.44005],[57.62606,51.43493],[57.62279,51.43458],[57.62009,51.43306],[57.62223,51.43289],[57.62214,51.43038],[57.6213,51.42794],[57.62018,51.42654],[57.61813,51.42555],[57.61887,51.42415],[57.62121,51.42212],[57.62494,51.41915],[57.62625,51.41915],[57.634,51.41041],[57.74437,51.4128],[57.74568,51.4146],[57.74979,51.41455],[57.75493,51.41717],[57.75819,51.41798],[57.76202,51.41967],[57.76419,51.4207],[57.76687,51.42228],[57.76663,51.41975],[57.76907,51.41406],[57.78145,51.41382],[57.78141,51.39795],[57.76768,51.39735],[57.7667,51.35289],[57.73694,51.3528],[57.73387,51.35407],[57.72949,51.35453],[57.72906,51.32618],[57.68105,51.32682],[57.68193,51.35079],[57.67945,51.35927],[57.64545,51.37985],[57.63918,51.37475],[57.63801,51.37348],[57.63626,51.37202],[57.63509,51.37093],[57.63101,51.3702],[57.6297,51.36938],[57.62999,51.36792],[57.62867,51.36637],[57.64078,51.36072],[57.64122,51.35899],[57.64502,51.35808],[57.65129,51.35407],[57.64516,51.35125],[57.64254,51.35043],[57.6437,51.34815],[57.64545,51.3445],[57.65027,51.33785],[57.64983,51.33566],[57.65158,51.33439],[57.64764,51.33302],[57.63991,51.33293],[57.63582,51.33247],[57.62765,51.33038],[57.62328,51.32837],[57.62415,51.32089],[57.62211,51.32035],[57.60402,51.31889],[57.61861,51.30639],[57.64575,51.28879],[57.64108,51.2792],[57.61423,51.27491],[57.61219,51.27355],[57.61058,51.27181],[57.61117,51.27008],[57.60212,51.26907],[57.60066,51.26734],[57.59949,51.26569],[57.5938,51.26569],[57.58972,51.26478],[57.58738,51.26359],[57.58476,51.26378],[57.58301,51.2625],[57.58301,51.26122],[57.58184,51.2593],[57.57965,51.25885],[57.57746,51.25766],[57.57644,51.25583],[57.57411,51.25611],[57.57352,51.25382],[57.57294,51.25264],[57.57075,51.25255],[57.56856,51.25127],[57.56798,51.24908],[57.56754,51.24752],[57.56462,51.24624],[57.56302,51.24533],[57.55981,51.24487],[57.55835,51.24387],[57.55514,51.24451],[57.54434,51.25382],[57.53763,51.25492],[57.52143,51.24533],[57.49094,51.26825],[57.49225,51.27062],[57.49269,51.27263],[57.49517,51.27455],[57.49546,51.27628],[57.49678,51.27875],[57.49678,51.28112],[57.51574,51.29189],[57.50553,51.30576],[57.52742,51.31123],[57.53077,51.31478],[57.53296,51.33986],[57.54565,51.3518],[57.55135,51.36482],[57.5442,51.36801],[57.53238,51.37047],[57.52289,51.37038],[57.52056,51.3692],[57.51895,51.36983],[57.51802,51.37131],[57.51535,51.36993],[57.51333,51.36804],[57.51168,51.3667],[57.51018,51.36611],[57.50755,51.36584],[57.50498,51.36594],[57.5025,51.36628],[57.50027,51.36663],[57.4988,51.36709],[57.49715,51.36806],[57.49669,51.36823],[57.49476,51.36854],[57.49173,51.36835],[57.48827,51.36909],[57.48622,51.36989],[57.48512,51.37085],[57.48598,51.37327],[57.48375,51.37482],[57.48448,51.37715],[57.48549,51.38525],[57.48745,51.39052],[57.49135,51.40356],[57.49456,51.40393],[57.50229,51.40902],[57.48522,51.4234],[57.48201,51.4415],[57.48459,51.45945],[57.48619,51.47448],[57.50301,51.50426],[57.51702,51.51207],[57.53278,51.51461],[57.52753,51.52751],[57.55423,51.5384],[57.57028,51.53803],[57.57375,51.5347],[57.57674,51.53456],[57.58331,51.53006],[57.58518,51.52992],[57.59093,51.52434],[57.59452,51.52457],[57.60625,51.51727],[57.60632,51.51593],[57.63597,51.48179],[57.6511,51.48095],[57.66182,51.48035],[57.66341,51.47507],[57.6848,51.46751],[57.6947,51.46833],[57.70945,51.47246],[57.71188,51.47304],[57.72374,51.4806]]]}},{"type":"Feature","properties":{"oktmo":"53720000","name":"город Новотроицк","type":"городской округ","center":"г Новотроицк"},"geometry":{"type":"MultiPolygon","coordinates":[[[[58.25719,51.33807],[58.33289,51.33669],[58.3513,51.33798],[58.35293,51.29521],[58.34556,51.2945],[58.34068,51.29172],[58.34826,51.29053],[58.3513,51.28835],[58.35189,51.28275],[58.35492,51.27767],[58.35832,51.26746],[58.35652,51.26512],[58.36248,51.26187],[58.36419,51.26094],[58.36614,51.25706],[58.36757,51.25422],[58.36718,51.24301],[58.36713,51.24152],[58.36896,51.24113],[58.37772,51.23929],[58.38911,51.2382],[58.39536,51.23196],[58.4041,51.22323],[58.4114,51.21483],[58.41559,51.20807],[58.41731,51.20121],[58.41771,51.19346],[58.41676,51.1934],[58.41534,51.19282],[58.41416,51.19219],[58.41291,51.18936],[58.41293,51.18736],[58.41413,51.18519],[58.41516,51.18436],[58.41579,51.18374],[58.41559,51.18277],[58.41514,51.18214],[58.41413,51.18178],[58.41336,51.18199],[58.41257,51.18261],[58.41113,51.18307],[58.40907,51.18324],[58.40785,51.18299],[58.4045,51.18373],[58.3989,51.18522],[58.39686,51.18693],[58.39467,51.18892],[58.3948,51.19215],[58.38873,51.19213],[58.38405,51.19014],[58.38723,51.18452],[58.39169,51.17652],[58.37753,51.17568],[58.37486,51.17194],[58.37857,51.16211],[58.38608,51.15246],[58.49117,51.1516],[58.49048,51.14544],[58.48648,51.14164],[58.48694,51.14006],[58.48338,51.13317],[58.47952,51.13362],[58.4611,51.11856],[58.37278,51.11118],[58.36046,51.10984],[58.35928,51.11972],[58.3589,51.1229],[58.34821,51.12624],[58.34205,51.12817],[58.33558,51.13603],[58.34044,51.14572],[58.32951,51.15504],[58.32166,51.16174],[58.32103,51.16228],[58.32033,51.16152],[58.31903,51.16068],[58.316,51.15986],[58.31403,51.15911],[58.31369,51.15859],[58.31376,51.15804],[58.31507,51.15726],[58.31555,51.15632],[58.31591,51.1548],[58.31695,51.15306],[58.31677,51.15236],[58.31631,51.15181],[58.31562,51.15144],[58.31472,51.15112],[58.31215,51.15123],[58.31077,51.1522],[58.30923,51.15349],[58.30858,51.15482],[58.30917,51.15574],[58.30931,51.15631],[58.30885,51.15688],[58.30813,51.15749],[58.3072,51.15787],[58.30553,51.15776],[58.30472,51.15734],[58.30415,51.15687],[58.30319,51.15521],[58.3031,51.15452],[58.3034,51.15358],[58.30305,51.15306],[58.30168,51.15252],[58.2991,51.15209],[58.29687,51.15177],[58.29464,51.15155],[58.29263,51.1521],[58.29172,51.15338],[58.29065,51.15492],[58.28989,51.1565],[58.29052,51.15801],[58.29018,51.15898],[58.28974,51.15945],[58.28876,51.15976],[58.28794,51.15961],[58.28753,51.1592],[58.28706,51.15871],[58.28613,51.15817],[58.28496,51.15731],[58.28435,51.15645],[58.28487,51.15533],[58.28522,51.15419],[58.28506,51.15323],[58.28462,51.15259],[58.28398,51.15235],[58.28338,51.15194],[58.28287,51.15009],[58.28206,51.14897],[58.28125,51.14792],[58.28081,51.14657],[58.28011,51.14569],[58.27924,51.14517],[58.27833,51.14509],[58.27728,51.14524],[58.27662,51.14564],[58.27593,51.14649],[58.27454,51.14718],[58.27386,51.14784],[58.27337,51.14821],[58.27312,51.14866],[58.27274,51.15016],[58.27281,51.15168],[58.27249,51.15274],[58.27101,51.15368],[58.26922,51.1539],[58.26804,51.15397],[58.26685,51.15378],[58.26675,51.15314],[58.26742,51.15239],[58.26769,51.15155],[58.26738,51.15028],[58.267,51.14897],[58.26752,51.14735],[58.26744,51.14565],[58.26725,51.14463],[58.26649,51.14364],[58.26538,51.14304],[58.26413,51.14298],[58.26202,51.14369],[58.25971,51.14404],[58.25789,51.14457],[58.25547,51.14478],[58.25284,51.14481],[58.24985,51.14494],[58.24814,51.14516],[58.24657,51.14537],[58.24465,51.14483],[58.24231,51.14318],[58.2419,51.14252],[58.24182,51.14195],[58.24041,51.14107],[58.23901,51.13995],[58.23816,51.13884],[58.23789,51.13818],[58.2381,51.1373],[58.23792,51.13622],[58.23616,51.13519],[58.23519,51.13457],[58.23357,51.13397],[58.22936,51.13289],[58.22617,51.13221],[58.22406,51.13193],[58.22199,51.13192],[58.21899,51.13149],[58.21794,51.13134],[58.21497,51.13063],[58.21328,51.13032],[58.21018,51.13023],[58.20866,51.13001],[58.20795,51.1299],[58.20578,51.12937],[58.20401,51.12864],[58.20302,51.12818],[58.20248,51.12757],[58.20259,51.12649],[58.20289,51.12527],[58.2035,51.12396],[58.20537,51.12225],[58.20743,51.11956],[58.20898,51.11697],[58.21052,51.1159],[58.21396,51.11428],[58.21619,51.11266],[58.21825,51.11083],[58.21894,51.10943],[58.21911,51.10749],[58.21825,51.1048],[58.21722,51.10027],[58.21602,51.09671],[58.21447,51.09542],[58.2124,51.09399],[58.21164,51.09252],[58.21108,51.09087],[58.20958,51.08965],[58.20846,51.08895],[58.20768,51.0885],[58.20577,51.08825],[58.20177,51.08776],[58.19284,51.08722],[58.18821,51.0871],[58.18495,51.08701],[58.17911,51.08647],[58.17373,51.08586],[58.17134,51.08459],[58.17063,51.08321],[58.17017,51.08054],[58.1707,51.07784],[58.17156,51.0759],[58.17327,51.07396],[58.17551,51.07137],[58.17688,51.0691],[58.17757,51.06749],[58.17722,51.06598],[58.17685,51.06566],[58.17486,51.06454],[58.17206,51.06322],[58.17019,51.06262],[58.16848,51.06234],[58.16589,51.06242],[58.1646,51.06251],[58.16349,51.06273],[58.16277,51.06305],[58.16174,51.06386],[58.16006,51.06533],[58.15921,51.06578],[58.15818,51.06612],[58.15736,51.06626],[58.15668,51.06619],[58.15577,51.06584],[58.1548,51.06546],[58.15423,51.06525],[58.15322,51.06506],[58.1514,51.065],[58.14986,51.06514],[58.13671,51.06695],[58.13118,51.06847],[58.12967,51.06889],[58.12794,51.06963],[58.12768,51.07023],[58.12641,51.07083],[58.12553,51.071],[58.1246,51.0709],[58.12359,51.07062],[58.12218,51.07062],[58.12014,51.07059],[58.11857,51.07021],[58.1175,51.07009],[58.1168,51.07018],[58.11219,51.07069],[58.10928,51.07083],[58.10719,51.07089],[58.10622,51.07028],[58.10427,51.06986],[58.10269,51.07009],[58.1013,51.07057],[58.096,51.07252],[58.09432,51.07361],[58.09398,51.0741],[58.09416,51.07502],[58.09391,51.07573],[58.09277,51.07741],[58.09094,51.0788],[58.15821,51.11513],[58.19153,51.14096],[58.19145,51.14593],[58.17828,51.14723],[58.16794,51.14587],[58.16598,51.14962],[58.16196,51.15003],[58.15666,51.15304],[58.15785,51.15634],[58.15283,51.15888],[58.15887,51.16669],[58.16368,51.16655],[58.17643,51.21089],[58.19066,51.21212],[58.19138,51.22809],[58.19773,51.22839],[58.1944,51.23632],[58.19825,51.25604],[58.19128,51.25373],[58.16928,51.26037],[58.14474,51.27092],[58.13123,51.27517],[58.12629,51.27792],[58.1193,51.28075],[58.1174,51.28416],[58.11464,51.28782],[58.11591,51.2914],[58.11909,51.29399],[58.12288,51.29431],[58.12432,51.29443],[58.13024,51.29237],[58.14285,51.28994],[58.15507,51.28967],[58.15847,51.29303],[58.16085,51.29537],[58.16592,51.30114],[58.1733,51.30353],[58.18047,51.30743],[58.18426,51.30819],[58.18893,51.30745],[58.19045,51.30891],[58.1884,51.31147],[58.18994,51.31382],[58.19058,51.31378],[58.19339,51.31363],[58.19407,51.31265],[58.19524,51.31095],[58.19668,51.31098],[58.21032,51.31122],[58.21566,51.31762],[58.21815,51.31627],[58.21707,51.32155],[58.22142,51.3224],[58.22047,51.32673],[58.22591,51.32418],[58.22836,51.32716],[58.22856,51.33679],[58.25719,51.33807]]],[[[58.2448,51.5292],[58.24308,51.52816],[58.23521,51.5274],[58.2338,51.52577],[58.23367,51.52494],[58.23194,51.52418],[58.22977,51.52394],[58.22957,51.52088],[58.22362,51.52036],[58.22055,51.51889],[58.22087,51.51299],[58.22305,51.51263],[58.22278,51.50697],[58.22241,51.5059],[58.22049,51.50574],[58.21966,51.50535],[58.21876,51.50554],[58.21831,51.50459],[58.21716,51.50451],[58.21665,51.50415],[58.21556,51.50475],[58.21409,51.49705],[58.21387,51.49573],[58.21292,51.49506],[58.21172,51.49534],[58.21085,51.49595],[58.20868,51.49797],[58.20729,51.49919],[58.20564,51.49833],[58.20555,51.49784],[58.19987,51.49607],[58.19607,51.49608],[58.19598,51.49456],[58.1908,51.49408],[58.18587,51.49276],[58.17894,51.48476],[58.1713,51.48278],[58.1576,51.48031],[58.15081,51.48057],[58.14776,51.48061],[58.14453,51.47842],[58.14453,51.47577],[58.13905,51.47186],[58.13471,51.47126],[58.13457,51.46788],[58.12901,51.4676],[58.12652,51.47107],[58.11,51.47121],[58.10865,51.474],[58.10489,51.47538],[58.10059,51.47603],[58.09827,51.47662],[58.09646,51.47795],[58.10456,51.49021],[58.11506,51.49434],[58.12197,51.50757],[58.13001,51.51623],[58.13823,51.51826],[58.14101,51.52149],[58.14546,51.52118],[58.14599,51.51856],[58.19264,51.51587],[58.19703,51.51408],[58.19918,51.51478],[58.19685,51.5166],[58.20587,51.51697],[58.20635,51.51821],[58.20788,51.51825],[58.2091,51.5198],[58.22266,51.52072],[58.22548,51.52474],[58.22983,51.52545],[58.23124,51.52844],[58.23425,51.52836],[58.23469,51.53282],[58.23169,51.53437],[58.23265,51.53612],[58.23258,51.53927],[58.25171,51.53939],[58.25197,51.54647],[58.25024,51.54882],[58.24794,51.54929],[58.25191,51.55017],[58.25498,51.5442],[58.25408,51.53943],[58.25632,51.53612],[58.26253,51.53346],[58.26259,51.53238],[58.2448,51.5292]]]]}},{"type":"Feature","properties":{"oktmo":"53701000","name":"город Оренбург","type":"городской округ","center":"г Оренбург"},"geometry":{"type":"MultiPolygon","coordinates":[[[[55.25861,51.9385],[55.25987,51.93607],[55.25977,51.93431],[55.26477,51.93441],[55.26567,51.89832],[55.37682,51.89871],[55.37898,51.88958],[55.37962,51.88863],[55.38027,51.88534],[55.38064,51.8811],[55.39075,51.88101],[55.39089,51.86849],[55.39227,51.86131],[55.39449,51.85558],[55.39329,51.84742],[55.39617,51.8369],[55.39466,51.83517],[55.39209,51.83419],[55.39063,51.83304],[55.38895,51.83294],[55.38686,51.83207],[55.38776,51.83061],[55.38861,51.82975],[55.37082,51.83022],[55.34291,51.83008],[55.27675,51.83016],[55.27595,51.8296],[55.27445,51.82946],[55.27522,51.82843],[55.27402,51.82759],[55.27379,51.82649],[55.27284,51.82596],[55.27269,51.82559],[55.2737,51.82525],[55.27248,51.82449],[55.2731,51.82301],[55.27256,51.8224],[55.27252,51.82111],[55.27067,51.81966],[55.26874,51.81828],[55.26746,51.81674],[55.26602,51.81537],[55.26445,51.81481],[55.26376,51.81395],[55.26185,51.81336],[55.26115,51.81316],[55.2596,51.81288],[55.25799,51.81254],[55.25655,51.81131],[55.25769,51.81031],[55.25531,51.809],[55.25342,51.80731],[55.24548,51.80312],[55.24094,51.80095],[55.24117,51.80015],[55.24304,51.79897],[55.24198,51.79789],[55.23983,51.79363],[55.2367,51.78961],[55.24195,51.78918],[55.25207,51.78913],[55.25265,51.77493],[55.25135,51.77446],[55.25144,51.77164],[55.25258,51.77165],[55.25267,51.77024],[55.25086,51.77018],[55.2509,51.76961],[55.25004,51.76767],[55.25085,51.76636],[55.2504,51.76378],[55.24424,51.75826],[55.24532,51.75665],[55.24297,51.756],[55.24261,51.75324],[55.24038,51.75252],[55.23876,51.75137],[55.23806,51.74925],[55.24055,51.74754],[55.24077,51.74472],[55.23866,51.74441],[55.23465,51.7436],[55.22449,51.74544],[55.22067,51.7423],[55.21134,51.74413],[55.20757,51.7432],[55.20389,51.74159],[55.20217,51.73764],[55.20308,51.73439],[55.20186,51.73169],[55.20257,51.72806],[55.19944,51.72605],[55.1963,51.72743],[55.19053,51.72843],[55.18992,51.73269],[55.19267,51.73333],[55.19346,51.73351],[55.19417,51.73771],[55.18971,51.74148],[55.18304,51.74241],[55.17656,51.74122],[55.17565,51.73896],[55.17798,51.73514],[55.17495,51.73263],[55.1714,51.73163],[55.16155,51.72562],[55.15623,51.72389],[55.15067,51.72475],[55.14884,51.73289],[55.14334,51.73467],[55.14061,51.73554],[55.1398,51.73551],[55.13821,51.73503],[55.13674,51.73413],[55.1352,51.7334],[55.13338,51.7328],[55.13123,51.73207],[55.13168,51.73117],[55.133,51.72975],[55.13359,51.72653],[55.13383,51.72616],[55.13252,51.72026],[55.14049,51.71958],[55.14144,51.71777],[55.142,51.71561],[55.14245,51.71522],[55.146,51.71099],[55.13247,51.71233],[55.13207,51.71062],[55.1303,51.71057],[55.1293,51.71055],[55.12823,51.71058],[55.12694,51.71064],[55.12641,51.71073],[55.12478,51.71086],[55.12131,51.7111],[55.12071,51.71113],[55.11999,51.70309],[55.12361,51.7006],[55.12411,51.70033],[55.12443,51.69728],[55.12474,51.69335],[55.12507,51.69177],[55.12598,51.68975],[55.12603,51.68877],[55.12688,51.68521],[55.12826,51.68321],[55.12632,51.68334],[55.12198,51.68372],[55.11693,51.68382],[55.10494,51.68435],[55.09176,51.68479],[55.08103,51.68521],[55.07861,51.68549],[55.07466,51.68854],[55.07244,51.68787],[55.07178,51.68832],[55.07331,51.68906],[55.07332,51.68997],[55.07303,51.69088],[55.0732,51.69258],[55.07227,51.69369],[55.07218,51.69406],[55.0729,51.69593],[55.07564,51.69792],[55.07303,51.69985],[55.07259,51.69964],[55.07005,51.70126],[55.05576,51.70207],[55.05102,51.69823],[55.05877,51.69399],[55.05603,51.69229],[55.05414,51.69096],[55.05081,51.68796],[55.04547,51.68143],[55.04533,51.68029],[55.04187,51.67605],[55.03759,51.67116],[55.03491,51.66583],[55.0322,51.66597],[55.03115,51.66141],[55.03287,51.66144],[55.03227,51.65748],[55.03313,51.65735],[55.03273,51.6528],[55.03064,51.63456],[55.02221,51.61708],[55.01907,51.61116],[55.01706,51.60684],[55.01831,51.59748],[55.02039,51.58792],[55.01941,51.58594],[55.01735,51.58385],[55.01598,51.58351],[55.01555,51.58098],[55.01421,51.57865],[55.01313,51.575],[55.0173,51.57039],[55.01768,51.56652],[55.01852,51.56503],[55.01974,51.56284],[55.02056,51.5605],[55.02051,51.55905],[55.0128,51.55481],[55.01177,51.55509],[55.0095,51.55562],[55.0084,51.55623],[55.0074,51.55665],[55.00624,51.55689],[55.00467,51.55745],[55.00355,51.55754],[55.00235,51.55756],[55.00152,51.55758],[55.00073,51.55779],[55.00032,51.55845],[55.00039,51.55908],[55.00086,51.55957],[55.00113,51.5601],[55.0013,51.56047],[55.00231,51.5608],[55.00278,51.56127],[55.00298,51.56181],[55.00382,51.56184],[55.00416,51.56209],[55.00389,51.56245],[55.00331,51.56279],[55.0032,51.56316],[55.00358,51.56345],[55.00348,51.56392],[55.00329,51.56485],[55.00317,51.56533],[55.00274,51.56567],[55.00301,51.56594],[55.00346,51.56617],[55.00328,51.56667],[55.00318,51.56712],[55.0029,51.56778],[55.00202,51.5683],[55.00018,51.56834],[54.99868,51.56827],[54.99787,51.56827],[54.99713,51.56807],[54.99652,51.56769],[54.99616,51.56727],[54.99567,51.56682],[54.99501,51.56655],[54.99409,51.56674],[54.99352,51.56713],[54.99337,51.56783],[54.99364,51.56831],[54.99364,51.56892],[54.99378,51.56947],[54.99407,51.57041],[54.99422,51.57124],[54.99423,51.57198],[54.99409,51.57246],[54.99369,51.57286],[54.99302,51.57325],[54.99219,51.5734],[54.99128,51.57356],[54.99091,51.57387],[54.99062,51.57444],[54.99061,51.57503],[54.99035,51.57558],[54.989,51.57583],[54.98776,51.57597],[54.98648,51.57614],[54.98551,51.57643],[54.98654,51.58014],[54.98839,51.5817],[54.98949,51.58355],[54.98985,51.58762],[54.98911,51.59275],[54.98832,51.59631],[54.98585,51.59847],[54.99019,51.60059],[54.9929,51.59853],[54.99464,51.59922],[55.00307,51.59964],[55.00202,51.63135],[55.00186,51.66067],[55.00116,51.68549],[55.01438,51.68544],[55.01287,51.69454],[55.01237,51.69797],[55.02225,51.69858],[55.02224,51.70358],[54.99324,51.71457],[54.99542,51.71655],[54.98833,51.71935],[54.98954,51.72089],[54.99131,51.72015],[54.99705,51.71801],[54.99863,51.71949],[55.00647,51.71652],[55.00856,51.71663],[55.00975,51.7177],[55.01333,51.71646],[55.06086,51.72091],[55.05993,51.72616],[55.05629,51.72595],[55.0509,51.72667],[55.04476,51.72849],[55.04233,51.73048],[55.04246,51.73256],[55.04448,51.73508],[55.04525,51.73806],[55.0427,51.74045],[55.03828,51.74177],[55.03683,51.74235],[55.03547,51.74464],[55.03685,51.74827],[55.03878,51.74583],[55.04532,51.74423],[55.05291,51.73997],[55.05856,51.73798],[55.06447,51.73774],[55.06713,51.74084],[55.06192,51.74469],[55.05809,51.74959],[55.05228,51.75037],[55.04773,51.75099],[55.04059,51.75493],[55.03853,51.7606],[55.02768,51.76399],[55.02495,51.76709],[55.02692,51.77091],[55.03145,51.77181],[55.03533,51.77576],[55.03587,51.77848],[55.03286,51.78103],[55.02622,51.78302],[55.02048,51.78563],[55.01897,51.78856],[55.01921,51.79307],[55.02233,51.79747],[55.02572,51.80174],[55.02233,51.8052],[55.01959,51.80791],[55.02223,51.80972],[55.02807,51.80891],[55.03512,51.80809],[55.04283,51.80942],[55.04646,51.81256],[55.04644,51.81553],[55.04414,51.82032],[55.04448,51.82214],[55.04664,51.82336],[55.05548,51.82673],[55.05627,51.82716],[55.05854,51.82839],[55.07744,51.8346],[55.08005,51.8376],[55.08277,51.83909],[55.08504,51.84082],[55.08596,51.84693],[55.068,51.85323],[55.06763,51.85873],[55.0668,51.86219],[55.0724,51.86836],[55.07231,51.87239],[55.0831,51.88405],[55.08684,51.88543],[55.08864,51.88451],[55.08838,51.88028],[55.09417,51.87875],[55.0983,51.87994],[55.09885,51.88158],[55.10252,51.8817],[55.10996,51.88566],[55.11308,51.88459],[55.11437,51.8868],[55.11271,51.88929],[55.11832,51.89552],[55.12335,51.89771],[55.12355,51.9004],[55.12087,51.90556],[55.138,51.89959],[55.13886,51.89885],[55.1376,51.8979],[55.13943,51.89685],[55.14774,51.89485],[55.1507,51.89949],[55.15509,51.89993],[55.15562,51.89906],[55.15754,51.89773],[55.16066,51.89866],[55.18856,51.89194],[55.19581,51.89701],[55.19165,51.89949],[55.17029,51.90359],[55.16788,51.90405],[55.17164,51.91274],[55.17992,51.9044],[55.18536,51.90223],[55.18952,51.90225],[55.2106,51.90892],[55.20513,51.912],[55.20537,51.91279],[55.19701,51.91917],[55.19409,51.91973],[55.18462,51.91991],[55.18496,51.9207],[55.18281,51.92221],[55.18644,51.9242],[55.18576,51.92467],[55.19442,51.92989],[55.19697,51.92885],[55.20067,51.92885],[55.20476,51.93121],[55.21456,51.93229],[55.2194,51.93357],[55.22275,51.93697],[55.22517,51.93614],[55.22725,51.93676],[55.24742,51.94783],[55.24936,51.94755],[55.2521,51.9454],[55.25395,51.94501],[55.25524,51.94374],[55.25861,51.9385]]],[[[55.24646,51.49564],[55.20374,51.469],[55.19026,51.46039],[55.16352,51.44393],[55.16172,51.44556],[55.16158,51.44773],[55.15495,51.44953],[55.15403,51.45033],[55.15354,51.45096],[55.15352,51.45171],[55.15406,51.45234],[55.15334,51.45281],[55.15279,51.45293],[55.15162,51.45318],[55.15025,51.45411],[55.14942,51.45483],[55.14949,51.45521],[55.15042,51.4556],[55.15052,51.45613],[55.14947,51.45664],[55.14891,51.45728],[55.14908,51.45767],[55.15047,51.45812],[55.15071,51.45887],[55.1502,51.45977],[55.14942,51.46],[55.14869,51.46019],[55.14761,51.46008],[55.14627,51.46052],[55.14507,51.46084],[55.14358,51.46041],[55.14329,51.46077],[55.14308,51.46164],[55.14275,51.46219],[55.14266,51.46283],[55.14349,51.46329],[55.14425,51.46337],[55.1451,51.46298],[55.14559,51.46247],[55.14646,51.46241],[55.1479,51.46276],[55.14824,51.46346],[55.14798,51.46415],[55.14725,51.4646],[55.14517,51.46563],[55.14454,51.46606],[55.14351,51.46615],[55.14253,51.46614],[55.14161,51.46635],[55.14153,51.46699],[55.14081,51.46776],[55.14571,51.46913],[55.14904,51.47121],[55.1492,51.47379],[55.15089,51.47563],[55.15169,51.47661],[55.15436,51.47893],[55.15783,51.48035],[55.16112,51.48256],[55.16276,51.48381],[55.17219,51.48702],[55.1774,51.48892],[55.18214,51.49098],[55.19088,51.49623],[55.20345,51.48923],[55.21822,51.49823],[55.24546,51.51507],[55.26347,51.50366],[55.24646,51.49564]]],[[[55.53608,51.54762],[55.51553,51.53037],[55.50521,51.53544],[55.5253,51.55269],[55.53147,51.54971],[55.53608,51.54762]]],[[[54.13306,51.50028],[54.11796,51.50022],[54.11771,51.50234],[54.11706,51.50266],[54.11489,51.50278],[54.11387,51.539],[54.13557,51.54331],[54.12276,51.56763],[54.13278,51.56954],[54.13521,51.56448],[54.1357,51.55546],[54.1383,51.54532],[54.13947,51.54393],[54.13979,51.54026],[54.14335,51.53088],[54.14062,51.52833],[54.13018,51.51851],[54.13066,51.51295],[54.13185,51.50134],[54.13306,51.50028]]],[[[55.35114,51.62706],[55.35232,51.62571],[55.35445,51.62596],[55.35756,51.62741],[55.35954,51.62854],[55.3615,51.62977],[55.36505,51.6316],[55.38973,51.62338],[55.39225,51.62179],[55.39587,51.62141],[55.40449,51.61819],[55.4073,51.61714],[55.40828,51.61539],[55.41402,51.61535],[55.47058,51.61232],[55.49954,51.61032],[55.50028,51.59126],[55.50188,51.56827],[55.50091,51.56827],[55.50125,51.5614],[55.50734,51.56153],[55.50905,51.56076],[55.48974,51.54255],[55.47992,51.5469],[55.47662,51.54896],[55.47378,51.55152],[55.47138,51.55359],[55.47005,51.55379],[55.46427,51.55241],[55.4608,51.55998],[55.39962,51.55957],[55.37392,51.55986],[55.35009,51.56048],[55.35177,51.56065],[55.35302,51.56135],[55.35287,51.56235],[55.35172,51.56267],[55.34895,51.56352],[55.34809,51.56397],[55.348,51.56466],[55.34911,51.56567],[55.34886,51.5664],[55.34826,51.56715],[55.34629,51.56763],[55.34378,51.56806],[55.34354,51.56923],[55.3444,51.5696],[55.34346,51.5704],[55.34157,51.57072],[55.33941,51.56989],[55.33838,51.56951],[55.33754,51.56939],[55.33651,51.57008],[55.33651,51.57115],[55.33728,51.57237],[55.33693,51.57376],[55.3353,51.57431],[55.33719,51.57632],[55.33839,51.57851],[55.33702,51.57979],[55.33419,51.57989],[55.33239,51.58005],[55.33239,51.58144],[55.33556,51.58304],[55.33735,51.5845],[55.3414,51.58571],[55.34131,51.58667],[55.34097,51.58901],[55.34071,51.59072],[55.34311,51.5917],[55.34174,51.59285],[55.34054,51.59371],[55.342,51.59424],[55.34319,51.59543],[55.34002,51.59619],[55.3075,51.59863],[55.30351,51.59923],[55.28154,51.60047],[55.27665,51.6028],[55.28372,51.6374],[55.29487,51.63638],[55.30081,51.63619],[55.32516,51.6342],[55.34249,51.63259],[55.3444,51.63251],[55.34719,51.63208],[55.34861,51.63043],[55.35058,51.62878],[55.35114,51.62706]]],[[[54.46171,51.66146],[54.45669,51.6597],[54.45309,51.65807],[54.44759,51.65893],[54.44206,51.66081],[54.44175,51.65695],[54.4477,51.65194],[54.45215,51.65086],[54.4556,51.65108],[54.45892,51.65164],[54.46276,51.65069],[54.46375,51.64906],[54.46422,51.6451],[54.46452,51.64123],[54.46574,51.63916],[54.4691,51.63922],[54.49753,51.59195],[54.51668,51.55823],[54.52089,51.55895],[54.52292,51.55952],[54.53144,51.54485],[54.51209,51.5405],[54.51061,51.53921],[54.51061,51.53792],[54.51308,51.53731],[54.51673,51.53356],[54.51189,51.5279],[54.51258,51.52464],[54.51743,51.52132],[54.5195,51.51818],[54.52128,51.51788],[54.52513,51.51898],[54.52652,51.51739],[54.53116,51.51579],[54.53265,51.50896],[54.53492,51.50662],[54.53571,51.50318],[54.53739,51.49813],[54.53971,51.49634],[54.54133,51.49454],[54.54108,51.49043],[54.54183,51.48725],[54.54208,51.48362],[54.54405,51.47769],[54.54767,51.47148],[54.5501,51.46879],[54.5511,51.46745],[54.51086,51.45755],[54.49484,51.45281],[54.48329,51.45163],[54.45237,51.44936],[54.45026,51.44654],[54.44817,51.44632],[54.44544,51.44323],[54.44512,51.4411],[54.44569,51.43362],[54.44628,51.43305],[54.4449,51.42946],[54.44075,51.42258],[54.39375,51.41768],[54.37838,51.425],[54.38,51.42862],[54.38167,51.43176],[54.37979,51.4322],[54.37703,51.43271],[54.37363,51.43489],[54.37351,51.43776],[54.37535,51.43964],[54.37493,51.44138],[54.37549,51.44326],[54.37676,51.44761],[54.36767,51.44676],[54.35573,51.44449],[54.3515,51.45201],[54.389,51.46034],[54.37424,51.48475],[54.36671,51.48546],[54.36008,51.48746],[54.33237,51.53277],[54.29165,51.60196],[54.28777,51.60091],[54.27938,51.60003],[54.27942,51.60722],[54.2792,51.61266],[54.2778,51.61602],[54.27545,51.61847],[54.27293,51.62001],[54.26986,51.61912],[54.25801,51.61725],[54.25653,51.61838],[54.2439,51.61626],[54.24007,51.62019],[54.23763,51.62368],[54.23078,51.62495],[54.2276,51.62425],[54.22215,51.62368],[54.21882,51.62334],[54.21725,51.62166],[54.21942,51.618],[54.23499,51.614],[54.23978,51.60717],[54.22735,51.6057],[54.22616,51.60729],[54.22166,51.6065],[54.22088,51.60558],[54.21132,51.60586],[54.21154,51.60481],[54.20206,51.60501],[54.19273,51.60505],[54.19577,51.59463],[54.18348,51.59306],[54.18401,51.58999],[54.17873,51.58947],[54.17943,51.5838],[54.20684,51.58627],[54.21389,51.57486],[54.21693,51.56952],[54.18946,51.56301],[54.19484,51.55498],[54.20002,51.54668],[54.19682,51.546],[54.19489,51.54603],[54.19384,51.54652],[54.1875,51.54505],[54.18554,51.54734],[54.18495,51.54737],[54.17959,51.54643],[54.17104,51.54439],[54.16314,51.54191],[54.16387,51.54047],[54.16002,51.53928],[54.15475,51.53829],[54.15387,51.53766],[54.15291,51.53776],[54.15211,51.53809],[54.15173,51.53923],[54.15123,51.54],[54.15204,51.54099],[54.15228,51.54156],[54.15203,51.54207],[54.15173,51.54243],[54.14956,51.54378],[54.14928,51.54451],[54.14934,51.54564],[54.14945,51.54636],[54.14912,51.5467],[54.14783,51.54692],[54.147,51.54706],[54.1467,51.54749],[54.14681,51.54796],[54.14758,51.54875],[54.14766,51.54942],[54.14805,51.55027],[54.14853,51.5507],[54.14981,51.55037],[54.15081,51.5503],[54.1517,51.54991],[54.15242,51.54906],[54.15286,51.54855],[54.1534,51.54851],[54.15409,51.54872],[54.15497,51.54896],[54.15544,51.54919],[54.15555,51.54968],[54.15591,51.55019],[54.15593,51.55075],[54.15635,51.55113],[54.15615,51.552],[54.15566,51.55256],[54.15527,51.55302],[54.15483,51.55336],[54.15442,51.55362],[54.15371,51.55389],[54.15327,51.55425],[54.15275,51.55422],[54.15236,51.55398],[54.15171,51.55359],[54.15048,51.55339],[54.14955,51.5537],[54.14883,51.554],[54.14851,51.55431],[54.14858,51.55469],[54.14836,51.55502],[54.14767,51.55533],[54.14759,51.55578],[54.14795,51.55623],[54.14825,51.55663],[54.14862,51.55685],[54.14884,51.55718],[54.14897,51.55783],[54.14885,51.55832],[54.14865,51.55866],[54.14823,51.5591],[54.14803,51.55939],[54.1475,51.56004],[54.14733,51.56051],[54.14688,51.561],[54.1466,51.56144],[54.14661,51.56181],[54.1466,51.56217],[54.14702,51.56258],[54.14751,51.56268],[54.14805,51.56264],[54.14859,51.56259],[54.15006,51.56217],[54.15067,51.5619],[54.15146,51.56173],[54.15218,51.56169],[54.15295,51.56175],[54.15367,51.56183],[54.15457,51.56185],[54.15524,51.56191],[54.15595,51.56218],[54.15658,51.5625],[54.15689,51.56289],[54.15714,51.56337],[54.15714,51.56369],[54.15672,51.56388],[54.15665,51.56423],[54.157,51.5648],[54.1566,51.56524],[54.1561,51.5658],[54.15572,51.56627],[54.15544,51.56666],[54.15489,51.56716],[54.15508,51.56765],[54.15542,51.56796],[54.15599,51.56826],[54.15662,51.56853],[54.15745,51.56889],[54.15821,51.56916],[54.15906,51.56939],[54.15981,51.56952],[54.16033,51.56994],[54.16065,51.57025],[54.16082,51.57066],[54.16084,51.57117],[54.16053,51.57154],[54.16015,51.57176],[54.1595,51.57192],[54.15832,51.57179],[54.15756,51.57176],[54.1569,51.57206],[54.15639,51.57229],[54.15583,51.5724],[54.15458,51.57297],[54.15364,51.57349],[54.15316,51.57383],[54.15286,51.57426],[54.1527,51.57489],[54.15246,51.57528],[54.15244,51.57561],[54.15275,51.57611],[54.1532,51.57654],[54.15386,51.57656],[54.15446,51.57674],[54.15512,51.57698],[54.1557,51.57699],[54.15646,51.57712],[54.15724,51.57724],[54.15799,51.57751],[54.15843,51.57793],[54.15819,51.5783],[54.15731,51.57851],[54.1567,51.57865],[54.15542,51.57894],[54.15399,51.57947],[54.1536,51.57985],[54.15368,51.58031],[54.15353,51.58073],[54.1533,51.58111],[54.15278,51.58145],[54.145,51.57757],[54.14368,51.5771],[54.13604,51.5756],[54.13194,51.57716],[54.12678,51.58647],[54.12466,51.58655],[54.12377,51.58688],[54.12358,51.58837],[54.12235,51.5892],[54.12019,51.59004],[54.10837,51.59428],[54.10611,51.59416],[54.09001,51.59114],[54.08697,51.59509],[54.0702,51.59157],[54.06782,51.59388],[54.06305,51.59316],[54.06399,51.59042],[54.05951,51.58928],[54.05582,51.58982],[54.05598,51.60245],[54.05656,51.61915],[54.07116,51.61116],[54.08127,51.61244],[54.08515,51.61196],[54.08806,51.61075],[54.0896,51.6098],[54.09491,51.6086],[54.09798,51.60939],[54.10258,51.60971],[54.10518,51.60974],[54.10728,51.61107],[54.11004,51.61158],[54.11121,51.61282],[54.11438,51.61437],[54.11969,51.6151],[54.12118,51.61317],[54.12276,51.6139],[54.12455,51.61523],[54.12741,51.61526],[54.12966,51.61383],[54.13221,51.61444],[54.13405,51.61434],[54.1363,51.61494],[54.13814,51.61298],[54.14172,51.61333],[54.14325,51.61313],[54.14305,51.61133],[54.14259,51.60958],[54.14115,51.60828],[54.14156,51.60752],[54.14805,51.60866],[54.16205,51.6093],[54.16962,51.60923],[54.17351,51.60953],[54.17547,51.60971],[54.18009,51.60902],[54.18383,51.60859],[54.18899,51.60926],[54.1891,51.63609],[54.19398,51.6363],[54.20173,51.63529],[54.21208,51.63402],[54.22191,51.63362],[54.22292,51.62929],[54.23183,51.63058],[54.23194,51.63213],[54.23429,51.63395],[54.23915,51.6357],[54.24339,51.64118],[54.25018,51.64131],[54.25483,51.64527],[54.25465,51.64635],[54.25512,51.64896],[54.25613,51.65304],[54.25826,51.6538],[54.262,51.65296],[54.26345,51.65361],[54.25989,51.65583],[54.26018,51.65983],[54.25349,51.67056],[54.25509,51.67208],[54.25757,51.6723],[54.26256,51.67222],[54.26551,51.67082],[54.27198,51.66948],[54.27781,51.66899],[54.28239,51.67],[54.28499,51.67167],[54.28564,51.67505],[54.28278,51.67634],[54.28161,51.67827],[54.28303,51.68513],[54.2863,51.6869],[54.29304,51.68777],[54.29901,51.68761],[54.31018,51.68399],[54.32706,51.67755],[54.33679,51.6728],[54.34186,51.66877],[54.34458,51.66563],[54.34351,51.66168],[54.34073,51.65467],[54.34034,51.64771],[54.34382,51.64282],[54.34978,51.64138],[54.35484,51.64187],[54.36211,51.64452],[54.36508,51.64777],[54.37159,51.65516],[54.37795,51.65766],[54.3847,51.65951],[54.38912,51.65766],[54.39301,51.65532],[54.39652,51.65492],[54.3999,51.65548],[54.40301,51.65749],[54.40587,51.66515],[54.40795,51.66732],[54.41483,51.67199],[54.41418,51.67666],[54.41548,51.68037],[54.41885,51.68318],[54.42041,51.68672],[54.42407,51.68822],[54.42751,51.68851],[54.43153,51.68674],[54.43517,51.68078],[54.44199,51.67816],[54.4653,51.67691],[54.46405,51.67328],[54.46522,51.67073],[54.46517,51.66388],[54.46171,51.66146]]],[[[55.51449,51.74241],[55.51787,51.7418],[55.52055,51.74195],[55.52348,51.74332],[55.52438,51.74612],[55.52459,51.74783],[55.52712,51.74885],[55.52969,51.74951],[55.53191,51.75061],[55.53379,51.75085],[55.53518,51.7503],[55.53644,51.74909],[55.53664,51.74776],[55.5362,51.74511],[55.53752,51.74275],[55.53967,51.74036],[55.54396,51.73895],[55.549,51.7374],[55.55036,51.73696],[55.55091,51.73585],[55.55051,51.73361],[55.55074,51.73194],[55.55264,51.72981],[55.55592,51.72805],[55.55947,51.72706],[55.56254,51.72706],[55.57203,51.72959],[55.5721,51.73209],[55.57093,51.73369],[55.56992,51.73417],[55.56877,51.73522],[55.56942,51.73744],[55.57055,51.739],[55.57212,51.74057],[55.57396,51.74138],[55.5761,51.74175],[55.58079,51.74155],[55.58492,51.74203],[55.5891,51.74341],[55.59358,51.74283],[55.59649,51.74186],[55.59828,51.74028],[55.59791,51.73875],[55.59063,51.73551],[55.58827,51.73331],[55.58782,51.73129],[55.58839,51.72927],[55.58794,51.72695],[55.58668,51.72543],[55.58288,51.72368],[55.57916,51.72106],[55.57261,51.71889],[55.57106,51.71751],[55.57346,51.71432],[55.57411,51.70961],[55.57647,51.70962],[55.57879,51.71073],[55.58027,51.71185],[55.58068,51.71234],[55.58224,51.71108],[55.57979,51.70414],[55.60435,51.69941],[55.60407,51.69411],[55.60095,51.69036],[55.59504,51.6808],[55.58515,51.66563],[55.55321,51.67369],[55.55025,51.67181],[55.54332,51.66432],[55.53731,51.66447],[55.54243,51.67133],[55.54152,51.67186],[55.53821,51.67141],[55.53596,51.67136],[55.53383,51.67194],[55.53382,51.673],[55.53122,51.67493],[55.4765,51.67365],[55.47632,51.67893],[55.44581,51.67835],[55.45635,51.69569],[55.47174,51.71759],[55.46381,51.71956],[55.46341,51.7206],[55.46595,51.72111],[55.46562,51.72272],[55.46265,51.72477],[55.46235,51.72604],[55.46077,51.73283],[55.45938,51.74012],[55.46168,51.74005],[55.46581,51.74059],[55.47049,51.74165],[55.47343,51.74252],[55.47603,51.74395],[55.47952,51.74381],[55.48155,51.74167],[55.48697,51.73915],[55.49727,51.7384],[55.50053,51.73987],[55.50244,51.74164],[55.50197,51.7442],[55.49962,51.74678],[55.49894,51.7487],[55.50008,51.75067],[55.50147,51.75135],[55.50251,51.75178],[55.50497,51.7521],[55.50625,51.75246],[55.5076,51.75321],[55.51021,51.75277],[55.51174,51.75177],[55.51087,51.74887],[55.51036,51.74648],[55.51116,51.74415],[55.51449,51.74241]]],[[[54.85691,51.88501],[54.86381,51.88306],[54.85958,51.87814],[54.85446,51.87223],[54.8525,51.87046],[54.85716,51.86808],[54.85737,51.86475],[54.86063,51.86083],[54.85979,51.86013],[54.85686,51.86103],[54.85392,51.86175],[54.85057,51.86223],[54.84853,51.86242],[54.84864,51.86321],[54.83711,51.86663],[54.84057,51.86899],[54.84098,51.86968],[54.84034,51.87045],[54.83878,51.8716],[54.83625,51.87312],[54.83331,51.87414],[54.83083,51.87465],[54.8303,51.87516],[54.83067,51.87645],[54.8322,51.87722],[54.83451,51.87767],[54.83717,51.87913],[54.83891,51.88021],[54.84031,51.88089],[54.84012,51.88196],[54.84107,51.88242],[54.84241,51.88251],[54.84604,51.88325],[54.848,51.88488],[54.85135,51.88419],[54.85334,51.8842],[54.85553,51.88499],[54.85691,51.88501]]],[[[54.85839,51.91088],[54.87053,51.90068],[54.87212,51.89911],[54.87324,51.89882],[54.87611,51.89846],[54.87811,51.89803],[54.87831,51.89721],[54.87791,51.89606],[54.87862,51.89535],[54.87965,51.89542],[54.88061,51.89602],[54.88152,51.89581],[54.88254,51.89533],[54.88454,51.89581],[54.88568,51.89558],[54.88659,51.89559],[54.89079,51.89278],[54.88833,51.89159],[54.88499,51.89115],[54.87686,51.89022],[54.87138,51.88938],[54.86083,51.88796],[54.85285,51.88701],[54.85115,51.88713],[54.84882,51.8875],[54.84888,51.88876],[54.82301,51.89748],[54.81161,51.90195],[54.81583,51.90439],[54.81884,51.90274],[54.82229,51.90308],[54.82392,51.90335],[54.82476,51.90462],[54.82372,51.90535],[54.82405,51.90727],[54.82558,51.90965],[54.82548,51.91171],[54.83109,51.91485],[54.83204,51.91558],[54.8344,51.91906],[54.84073,51.92209],[54.84408,51.92317],[54.85839,51.91088]]]]}},{"type":"Feature","properties":{"oktmo":"53723000","name":"город Орск","type":"городской округ","center":"г Орск"},"geometry":{"type":"MultiPolygon","coordinates":[[[[58.74381,51.32213],[58.74412,51.32013],[58.75319,51.32318],[58.75585,51.32487],[58.75668,51.32697],[58.7644,51.33281],[58.77056,51.33215],[58.77224,51.33045],[58.77602,51.32979],[58.77483,51.32078],[58.77642,51.31909],[58.78157,51.32001],[58.78108,51.31794],[58.77763,51.3136],[58.77929,51.31086],[58.78413,51.31036],[58.78373,51.28685],[58.78964,51.28688],[58.79433,51.28273],[58.79788,51.28026],[58.78561,51.27365],[58.81306,51.25251],[58.78465,51.19572],[58.77865,51.18492],[58.78377,51.18315],[58.78892,51.18039],[58.79467,51.17713],[58.79413,51.17623],[58.79111,51.17307],[58.79583,51.17025],[58.79795,51.16686],[58.79018,51.15955],[58.79092,51.15411],[58.79741,51.15467],[58.80304,51.15895],[58.82244,51.16167],[58.82778,51.16206],[58.83851,51.16224],[58.84215,51.15781],[58.84768,51.15809],[58.8553,51.15648],[58.86219,51.15506],[58.86703,51.15235],[58.87455,51.14693],[58.89995,51.23085],[58.91612,51.23103],[59.01614,51.23394],[58.98808,51.14693],[59.0019,51.14369],[59.01492,51.14181],[59.02753,51.13613],[59.02121,51.12594],[59.02557,51.1227],[59.03895,51.12337],[59.04362,51.12149],[59.05346,51.12181],[59.06111,51.12483],[59.06282,51.12068],[59.06676,51.10393],[59.07808,51.10594],[59.08363,51.10299],[59.07744,51.09709],[59.06783,51.09293],[59.06719,51.08045],[59.0768,51.07911],[59.08492,51.07535],[59.08171,51.04447],[59.05437,51.04877],[59.04667,51.01288],[59.03394,51.01341],[59.01219,51.01084],[58.99923,51.01018],[58.98601,51.01013],[58.9854,51.01128],[58.94219,51.01227],[58.84945,51.04551],[58.76379,51.04854],[58.7325,51.0376],[58.71644,51.05163],[58.68099,51.05569],[58.65626,51.0585],[58.61417,51.0474],[58.59484,51.05176],[58.57839,51.05546],[58.57646,51.0559],[58.56197,51.06347],[58.54429,51.0727],[58.52059,51.08488],[58.51502,51.08595],[58.48696,51.09134],[58.48114,51.08359],[58.46226,51.08016],[58.44535,51.07902],[58.41679,51.07709],[58.38402,51.07487],[58.37892,51.07726],[58.37769,51.08466],[58.37696,51.08906],[58.37278,51.11118],[58.4611,51.11856],[58.47952,51.13362],[58.48338,51.13317],[58.48694,51.14006],[58.48648,51.14164],[58.49048,51.14544],[58.49117,51.1516],[58.38608,51.15246],[58.37857,51.16211],[58.37486,51.17194],[58.37753,51.17568],[58.39169,51.17652],[58.38723,51.18452],[58.38405,51.19014],[58.38873,51.19213],[58.3948,51.19215],[58.39467,51.18892],[58.39686,51.18693],[58.3989,51.18522],[58.4045,51.18373],[58.40785,51.18299],[58.40907,51.18324],[58.41113,51.18307],[58.41257,51.18261],[58.41336,51.18199],[58.41413,51.18178],[58.41514,51.18214],[58.41559,51.18277],[58.41579,51.18374],[58.41516,51.18436],[58.41413,51.18519],[58.41293,51.18736],[58.41291,51.18936],[58.41416,51.19219],[58.41534,51.19282],[58.41676,51.1934],[58.41771,51.19346],[58.41731,51.20121],[58.41559,51.20807],[58.4114,51.21483],[58.4041,51.22323],[58.39536,51.23196],[58.38911,51.2382],[58.37772,51.23929],[58.36896,51.24113],[58.36713,51.24152],[58.36718,51.24301],[58.36757,51.25422],[58.36614,51.25706],[58.36419,51.26094],[58.36248,51.26187],[58.35652,51.26512],[58.35832,51.26746],[58.35492,51.27767],[58.35189,51.28275],[58.3513,51.28835],[58.34826,51.29053],[58.34068,51.29172],[58.34556,51.2945],[58.35293,51.29521],[58.3513,51.33798],[58.38256,51.33783],[58.38218,51.31787],[58.42219,51.31801],[58.4812,51.31461],[58.48929,51.31437],[58.49546,51.31569],[58.51301,51.31576],[58.52489,51.3158],[58.54516,51.31629],[58.62719,51.31826],[58.62812,51.3243],[58.65646,51.31974],[58.68378,51.32167],[58.69744,51.33851],[58.7425,51.32864],[58.7425,51.32623],[58.7467,51.3241],[58.74381,51.32213]]],[[[58.78507,52.04349],[58.78602,52.03576],[58.78359,52.03261],[58.77616,52.02903],[58.77209,52.02349],[58.77751,52.01565],[58.78615,52.01349],[58.78737,52.00584],[58.78521,52.00126],[58.78522,51.99612],[58.78885,51.99203],[58.78994,51.98596],[58.80155,51.97897],[58.80649,51.96553],[58.81806,51.93905],[58.81789,51.92357],[58.81778,51.89392],[58.80333,51.88673],[58.79231,51.88353],[58.78971,51.87279],[58.79337,51.85521],[58.79829,51.84233],[58.8002,51.83556],[58.79566,51.83091],[58.78901,51.82764],[58.78646,51.81825],[58.78945,51.81146],[58.78913,51.80338],[58.78659,51.79398],[58.78844,51.78587],[58.78762,51.78479],[58.77925,51.7732],[58.73281,51.77867],[58.70868,51.77893],[58.69514,51.78809],[58.68879,51.80772],[58.67652,51.82028],[58.6634,51.82865],[58.65832,51.83806],[58.66806,51.84382],[58.67694,51.85087],[58.66975,51.85976],[58.65536,51.86473],[58.61441,51.88475],[58.63932,51.88501],[58.65564,51.893],[58.65813,51.90644],[58.65916,51.92517],[58.66019,51.92594],[58.65968,51.93535],[58.65779,51.93474],[58.65727,51.96616],[58.65882,51.96719],[58.6577,51.99244],[58.65846,51.99938],[58.65861,52.00545],[58.65827,52.01077],[58.65856,52.01684],[58.65919,52.03055],[58.69029,52.02994],[58.70457,52.03364],[58.71055,52.03367],[58.71768,52.03358],[58.72646,52.03566],[58.73443,52.03765],[58.74794,52.03765],[58.75427,52.03683],[58.76764,52.03892],[58.76849,52.04228],[58.76862,52.04279],[58.76953,52.04353],[58.77662,52.04932],[58.78275,52.04944],[58.78507,52.04349]]]]}}]}